2025-07-05 12:24:51,564 - INFO - [MainThread] UM.Qt.QtApplication.__init__ [89]: Adding QT6 plugin path: C:\Program Files\UltiMaker Cura 5.10.1\PyQt6\plugins
2025-07-05 12:24:51,564 - INFO - [MainThread] UM.Qt.QtApplication.__init__ [99]: Adding QT5 plugin path: C:\Program Files\UltiMaker Cura 5.10.1\PyQt6\plugins
2025-07-05 12:24:51,564 - DEBUG - [MainThread] UM.Application.initialize [163]: Initializing UltiMaker Cura
2025-07-05 12:24:51,564 - DEBUG - [MainThread] UM.Application.initialize [164]: App Version 5.10.1
2025-07-05 12:24:51,564 - DEBUG - [MainThread] UM.Application.initialize [165]: Api Version 8.10.0
2025-07-05 12:24:51,564 - DEBUG - [MainThread] UM.Application.initialize [166]: Build type None
2025-07-05 12:24:51,564 - WARNING - [MainThread] UM.PluginRegistry.addPluginLocation [205]: Plugin location C:\Program Files\UltiMaker Cura 5.10.1\..\Resources\share\uranium\plugins must be a folder.
2025-07-05 12:24:51,566 - WARNING - [MainThread] UM.PluginRegistry.addPluginLocation [205]: Plugin location C:\Program Files\UltiMaker Cura 5.10.1\..\Resources\share\cura\plugins must be a folder.
2025-07-05 12:24:51,566 - WARNING - [MainThread] UM.PluginRegistry.addPluginLocation [205]: Plugin location C:\Program Files\lib\uranium must be a folder.
2025-07-05 12:24:51,566 - WARNING - [MainThread] UM.PluginRegistry.addPluginLocation [205]: Plugin location C:\Program Files\lib64\uranium must be a folder.
2025-07-05 12:24:51,566 - WARNING - [MainThread] UM.PluginRegistry.addPluginLocation [205]: Plugin location C:\Program Files\lib32\uranium must be a folder.
2025-07-05 12:24:51,566 - WARNING - [MainThread] UM.PluginRegistry.addPluginLocation [205]: Plugin location C:\Program Files\UltiMaker Cura 5.10.1\plugins must be a folder.
2025-07-05 12:24:51,566 - WARNING - [MainThread] UM.PluginRegistry.addPluginLocation [205]: Plugin location C:\Program Files\Resources\uranium\plugins must be a folder.
2025-07-05 12:24:51,566 - WARNING - [MainThread] UM.PluginRegistry.addPluginLocation [205]: Plugin location C:\Program Files\Resources\cura\plugins must be a folder.
2025-07-05 12:24:51,566 - DEBUG - [MainThread] UM.Resources.__initializeStoragePaths [481]: Initializing storage paths
2025-07-05 12:24:51,566 - DEBUG - [MainThread] UM.Resources.__initializeStoragePaths [491]: Config storage path is C:\Users\angelo\AppData\Roaming\cura\5.10
2025-07-05 12:24:51,567 - DEBUG - [MainThread] UM.Resources.__initializeStoragePaths [499]: Data storage path is C:\Users\angelo\AppData\Roaming\cura\5.10
2025-07-05 12:24:51,567 - DEBUG - [MainThread] UM.Resources.__initializeStoragePaths [511]: Cache storage path is C:\Users\angelo\AppData\Local\cura\5.10\cache
2025-07-05 12:24:51,567 - INFO - [MainThread] UM.Qt.QtApplication.initialize [164]: Preferences file not found, ignore and use default language 'en_US'
2025-07-05 12:24:51,567 - INFO - [MainThread] UM.PackageManager.__init__ [56]: Found bundled packages JSON file: C:\Program Files\UltiMaker Cura 5.10.1\share\cura\resources\bundled_packages\cura.json
2025-07-05 12:24:51,567 - INFO - [MainThread] UM.PackageManager.__init__ [56]: Found bundled packages JSON file: C:\Program Files\UltiMaker Cura 5.10.1\share\uranium\resources\bundled_packages\uranium.json
2025-07-05 12:24:51,567 - DEBUG - [MainThread] UM.View.GL.OpenGLContext.detectBestOpenGLVersion [124]: Trying OpenGL context 4.1...
2025-07-05 12:24:51,567 - DEBUG - [MainThread] UM.View.GL.OpenGLContext.detectBestOpenGLVersion [132]: Yay, we got at least OpenGL 4.1 core: 4.1 Core profile
2025-07-05 12:24:51,567 - DEBUG - [MainThread] UM.Qt.QtApplication.initialize [192]: Detected most suitable OpenGL context version: 4.1 Core profile
2025-07-05 12:24:51,567 - INFO - [MainThread] UM.Qt.QtApplication.initialize [199]: Initializing job queue ...
2025-07-05 12:24:51,567 - INFO - [MainThread] UM.Qt.QtApplication.initialize [203]: Initializing version upgrade manager ...
2025-07-05 12:24:51,567 - INFO - [MainThread] UM.PackageManager._loadManagementData [174]: Loaded bundled packages data from C:\Program Files\UltiMaker Cura 5.10.1\share\cura\resources\bundled_packages\cura.json
2025-07-05 12:24:51,567 - INFO - [MainThread] UM.PackageManager._loadManagementData [174]: Loaded bundled packages data from C:\Program Files\UltiMaker Cura 5.10.1\share\uranium\resources\bundled_packages\uranium.json
2025-07-05 12:24:51,567 - INFO - [MainThread] UM.PackageManager._loadManagementData [203]: User package management file C:\Users\angelo\AppData\Roaming\cura\5.10\packages.json doesn't exist, do nothing
2025-07-05 12:24:51,568 - INFO - [MainThread] UM.PackageManager._removeAllScheduledPackages [280]: Attempting to remove the following scheduled packages: - 
2025-07-05 12:24:51,568 - WARNING - [MainThread] UM.PluginRegistry.addPluginLocation [205]: Plugin location C:\Program Files\lib\cura must be a folder.
2025-07-05 12:24:51,569 - INFO - [MainThread] UM.PluginRegistry.loadPlugin [540]: Loaded plugin FileLogger 1.0.1
2025-07-05 12:24:51,582 - INFO - [MainThread] UM.PluginRegistry.loadPlugin [540]: Loaded plugin LocalContainerProvider 1.0.1
2025-07-05 12:24:51,595 - INFO - [MainThread] UM.PluginRegistry.loadPlugin [540]: Loaded plugin LocalFileOutputDevice 1.0.1
2025-07-05 12:24:51,607 - INFO - [MainThread] UM.PluginRegistry.loadPlugin [540]: Loaded plugin CameraTool 1.0.1
2025-07-05 12:24:51,617 - INFO - [MainThread] UM.PluginRegistry.loadPlugin [540]: Loaded plugin MirrorTool 1.0.1
2025-07-05 12:24:51,634 - INFO - [MainThread] UM.PluginRegistry.loadPlugin [540]: Loaded plugin RotateTool 1.0.1
2025-07-05 12:24:51,647 - INFO - [MainThread] UM.PluginRegistry.loadPlugin [540]: Loaded plugin ScaleTool 1.0.1
2025-07-05 12:24:51,656 - INFO - [MainThread] UM.PluginRegistry.loadPlugin [540]: Loaded plugin SelectionTool 1.0.1
2025-07-05 12:24:51,669 - INFO - [MainThread] UM.PluginRegistry.loadPlugin [540]: Loaded plugin TranslateTool 1.0.1
2025-07-05 12:24:51,692 - INFO - [MainThread] UpdateChecker.UpdateChecker.checkNewVersion [69]: Checking for new version
2025-07-05 12:24:51,695 - INFO - [MainThread] UM.PluginRegistry.loadPlugin [540]: Loaded plugin UpdateChecker 1.0.1
2025-07-05 12:24:52,097 - INFO - [MainThread] UM.PluginRegistry.loadPlugin [540]: Loaded plugin SimpleView 1.0.1
2025-07-05 12:24:52,117 - INFO - [MainThread] UM.PluginRegistry.loadPlugin [540]: Loaded plugin 3DConnexion 1.0.0
2025-07-05 12:24:52,164 - DEBUG - [MainThread] 3MFReader.SpecificSettingsModel._update [59]: Updating SpecificSettingsModel
2025-07-05 12:24:52,165 - INFO - [MainThread] UM.PluginRegistry.loadPlugin [540]: Loaded plugin 3MFReader 1.0.1
2025-07-05 12:24:52,189 - INFO - [MainThread] UM.PluginRegistry.loadPlugin [540]: Loaded plugin 3MFWriter 1.0.1
2025-07-05 12:24:52,430 - INFO - [MainThread] UM.PluginRegistry.loadPlugin [540]: Loaded plugin AMFReader 1.0.0
2025-07-05 12:24:52,451 - INFO - [MainThread] UM.PluginRegistry.loadPlugin [540]: Loaded plugin CuraDrive 1.2.0
2025-07-05 12:24:52,575 - INFO - [MainThread] CuraEngineBackend.CuraEngineBackend.__init__ [112]: Found CuraEngine at: C:\Program Files\UltiMaker Cura 5.10.1\CuraEngine.exe
2025-07-05 12:24:52,577 - INFO - [MainThread] UM.PluginRegistry.loadPlugin [540]: Loaded plugin CuraEngineBackend 1.0.1
2025-07-05 12:24:52,584 - DEBUG - [MainThread] UM.Backend.Backend._onSocketError [260]: Socket was unable to bind to port, increasing port number to 49675
2025-07-05 12:24:52,585 - DEBUG - [MainThread] UM.Backend.Backend._createSocket [297]: Previous socket existed. Closing that first.
2025-07-05 12:24:52,588 - DEBUG - [MainThread] CuraEngineBackend.CuraEngineBackend._terminate [434]: Attempting to kill the engine process
2025-07-05 12:24:52,588 - DEBUG - [MainThread] UM.Backend.Backend._createSocket [297]: Previous socket existed. Closing that first.
2025-07-05 12:24:52,599 - INFO - [MainThread] UM.PluginRegistry.loadPlugin [540]: Loaded plugin CuraProfileReader 1.0.1
2025-07-05 12:24:52,599 - DEBUG - [MainThread] UM.Backend.Backend._onSocketError [260]: Socket was unable to bind to port, increasing port number to 49676
2025-07-05 12:24:52,600 - DEBUG - [MainThread] UM.Backend.Backend._createSocket [297]: Previous socket existed. Closing that first.
2025-07-05 12:24:52,601 - DEBUG - [MainThread] CuraEngineBackend.CuraEngineBackend._terminate [434]: Attempting to kill the engine process
2025-07-05 12:24:52,603 - DEBUG - [MainThread] UM.Backend.Backend._createSocket [297]: Previous socket existed. Closing that first.
2025-07-05 12:24:52,606 - DEBUG - [MainThread] UM.Backend.Backend._onSocketError [260]: Socket was unable to bind to port, increasing port number to 49677
2025-07-05 12:24:52,606 - DEBUG - [MainThread] UM.Backend.Backend._createSocket [297]: Previous socket existed. Closing that first.
2025-07-05 12:24:52,608 - DEBUG - [MainThread] CuraEngineBackend.CuraEngineBackend._terminate [434]: Attempting to kill the engine process
2025-07-05 12:24:52,608 - DEBUG - [MainThread] UM.Backend.Backend._createSocket [297]: Previous socket existed. Closing that first.
2025-07-05 12:24:52,618 - INFO - [MainThread] UM.PluginRegistry.loadPlugin [540]: Loaded plugin CuraProfileWriter 1.0.1
2025-07-05 12:24:52,618 - DEBUG - [MainThread] UM.Backend.Backend._onSocketError [260]: Socket was unable to bind to port, increasing port number to 49678
2025-07-05 12:24:52,618 - DEBUG - [MainThread] UM.Backend.Backend._createSocket [297]: Previous socket existed. Closing that first.
2025-07-05 12:24:52,621 - DEBUG - [MainThread] CuraEngineBackend.CuraEngineBackend._terminate [434]: Attempting to kill the engine process
2025-07-05 12:24:52,622 - DEBUG - [MainThread] UM.Backend.Backend._createSocket [297]: Previous socket existed. Closing that first.
2025-07-05 12:24:52,626 - DEBUG - [MainThread] UM.Backend.Backend._onSocketError [260]: Socket was unable to bind to port, increasing port number to 49679
2025-07-05 12:24:52,626 - DEBUG - [MainThread] UM.Backend.Backend._createSocket [297]: Previous socket existed. Closing that first.
2025-07-05 12:24:52,628 - DEBUG - [MainThread] CuraEngineBackend.CuraEngineBackend._terminate [434]: Attempting to kill the engine process
2025-07-05 12:24:52,629 - DEBUG - [MainThread] UM.Backend.Backend._createSocket [297]: Previous socket existed. Closing that first.
2025-07-05 12:24:52,673 - INFO - [MainThread] UM.PluginRegistry.loadPlugin [540]: Loaded plugin DigitalLibrary 1.1.0
2025-07-05 12:24:52,674 - DEBUG - [MainThread] UM.Backend.Backend._onSocketError [260]: Socket was unable to bind to port, increasing port number to 49680
2025-07-05 12:24:52,674 - DEBUG - [MainThread] UM.Backend.Backend._createSocket [297]: Previous socket existed. Closing that first.
2025-07-05 12:24:52,675 - DEBUG - [MainThread] CuraEngineBackend.CuraEngineBackend._terminate [434]: Attempting to kill the engine process
2025-07-05 12:24:52,677 - DEBUG - [MainThread] UM.Backend.Backend._createSocket [297]: Previous socket existed. Closing that first.
2025-07-05 12:24:52,680 - DEBUG - [MainThread] UM.Backend.Backend._onSocketError [260]: Socket was unable to bind to port, increasing port number to 49681
2025-07-05 12:24:52,680 - DEBUG - [MainThread] UM.Backend.Backend._createSocket [297]: Previous socket existed. Closing that first.
2025-07-05 12:24:52,682 - DEBUG - [MainThread] CuraEngineBackend.CuraEngineBackend._terminate [434]: Attempting to kill the engine process
2025-07-05 12:24:52,683 - DEBUG - [MainThread] UM.Backend.Backend._createSocket [297]: Previous socket existed. Closing that first.
2025-07-05 12:24:52,699 - INFO - [MainThread] UM.PluginRegistry.loadPlugin [540]: Loaded plugin FirmwareUpdateChecker 1.0.1
2025-07-05 12:24:52,700 - DEBUG - [MainThread] UM.Backend.Backend._onSocketError [260]: Socket was unable to bind to port, increasing port number to 49682
2025-07-05 12:24:52,701 - DEBUG - [MainThread] UM.Backend.Backend._createSocket [297]: Previous socket existed. Closing that first.
2025-07-05 12:24:52,703 - DEBUG - [MainThread] CuraEngineBackend.CuraEngineBackend._terminate [434]: Attempting to kill the engine process
2025-07-05 12:24:52,703 - DEBUG - [MainThread] UM.Backend.Backend._createSocket [297]: Previous socket existed. Closing that first.
2025-07-05 12:24:52,706 - DEBUG - [MainThread] UM.Backend.Backend._onSocketError [260]: Socket was unable to bind to port, increasing port number to 49683
2025-07-05 12:24:52,706 - DEBUG - [MainThread] UM.Backend.Backend._createSocket [297]: Previous socket existed. Closing that first.
2025-07-05 12:24:52,709 - DEBUG - [MainThread] CuraEngineBackend.CuraEngineBackend._terminate [434]: Attempting to kill the engine process
2025-07-05 12:24:52,709 - DEBUG - [MainThread] UM.Backend.Backend._createSocket [297]: Previous socket existed. Closing that first.
2025-07-05 12:24:52,723 - INFO - [MainThread] UM.PluginRegistry.loadPlugin [540]: Loaded plugin FirmwareUpdater 1.0.1
2025-07-05 12:24:52,723 - DEBUG - [MainThread] UM.Backend.Backend._onSocketError [260]: Socket was unable to bind to port, increasing port number to 49684
2025-07-05 12:24:52,723 - DEBUG - [MainThread] UM.Backend.Backend._createSocket [297]: Previous socket existed. Closing that first.
2025-07-05 12:24:52,725 - DEBUG - [MainThread] CuraEngineBackend.CuraEngineBackend._terminate [434]: Attempting to kill the engine process
2025-07-05 12:24:52,726 - DEBUG - [MainThread] UM.Backend.Backend._createSocket [297]: Previous socket existed. Closing that first.
2025-07-05 12:24:52,728 - DEBUG - [MainThread] UM.Backend.Backend._onSocketError [260]: Socket was unable to bind to port, increasing port number to 49685
2025-07-05 12:24:52,729 - DEBUG - [MainThread] UM.Backend.Backend._createSocket [297]: Previous socket existed. Closing that first.
2025-07-05 12:24:52,731 - DEBUG - [MainThread] CuraEngineBackend.CuraEngineBackend._terminate [434]: Attempting to kill the engine process
2025-07-05 12:24:52,732 - DEBUG - [MainThread] UM.Backend.Backend._createSocket [297]: Previous socket existed. Closing that first.
2025-07-05 12:24:52,741 - INFO - [MainThread] UM.PluginRegistry.loadPlugin [540]: Loaded plugin GCodeGzReader 1.0.1
2025-07-05 12:24:52,742 - DEBUG - [MainThread] UM.Backend.Backend._onSocketError [260]: Socket was unable to bind to port, increasing port number to 49686
2025-07-05 12:24:52,742 - DEBUG - [MainThread] UM.Backend.Backend._createSocket [297]: Previous socket existed. Closing that first.
2025-07-05 12:24:52,744 - DEBUG - [MainThread] CuraEngineBackend.CuraEngineBackend._terminate [434]: Attempting to kill the engine process
2025-07-05 12:24:52,745 - DEBUG - [MainThread] UM.Backend.Backend._createSocket [297]: Previous socket existed. Closing that first.
2025-07-05 12:24:52,748 - DEBUG - [MainThread] UM.Backend.Backend._onSocketError [260]: Socket was unable to bind to port, increasing port number to 49687
2025-07-05 12:24:52,749 - DEBUG - [MainThread] UM.Backend.Backend._createSocket [297]: Previous socket existed. Closing that first.
2025-07-05 12:24:52,751 - DEBUG - [MainThread] CuraEngineBackend.CuraEngineBackend._terminate [434]: Attempting to kill the engine process
2025-07-05 12:24:52,752 - DEBUG - [MainThread] UM.Backend.Backend._createSocket [297]: Previous socket existed. Closing that first.
2025-07-05 12:24:52,764 - INFO - [MainThread] UM.PluginRegistry.loadPlugin [540]: Loaded plugin GCodeGzWriter 1.0.1
2025-07-05 12:24:52,764 - DEBUG - [MainThread] UM.Backend.Backend._onSocketError [260]: Socket was unable to bind to port, increasing port number to 49688
2025-07-05 12:24:52,764 - DEBUG - [MainThread] UM.Backend.Backend._createSocket [297]: Previous socket existed. Closing that first.
2025-07-05 12:24:52,766 - DEBUG - [MainThread] CuraEngineBackend.CuraEngineBackend._terminate [434]: Attempting to kill the engine process
2025-07-05 12:24:52,767 - DEBUG - [MainThread] UM.Backend.Backend._createSocket [297]: Previous socket existed. Closing that first.
2025-07-05 12:24:52,769 - DEBUG - [MainThread] UM.Backend.Backend._onSocketError [260]: Socket was unable to bind to port, increasing port number to 49689
2025-07-05 12:24:52,770 - DEBUG - [MainThread] UM.Backend.Backend._createSocket [297]: Previous socket existed. Closing that first.
2025-07-05 12:24:52,771 - DEBUG - [MainThread] CuraEngineBackend.CuraEngineBackend._terminate [434]: Attempting to kill the engine process
2025-07-05 12:24:52,772 - DEBUG - [MainThread] UM.Backend.Backend._createSocket [297]: Previous socket existed. Closing that first.
2025-07-05 12:24:52,820 - INFO - [MainThread] UM.PluginRegistry.loadPlugin [540]: Loaded plugin GCodeProfileReader 1.0.1
2025-07-05 12:24:52,820 - DEBUG - [MainThread] UM.Backend.Backend._onSocketError [260]: Socket was unable to bind to port, increasing port number to 49690
2025-07-05 12:24:52,820 - DEBUG - [MainThread] UM.Backend.Backend._createSocket [297]: Previous socket existed. Closing that first.
2025-07-05 12:24:52,822 - DEBUG - [MainThread] CuraEngineBackend.CuraEngineBackend._terminate [434]: Attempting to kill the engine process
2025-07-05 12:24:52,823 - DEBUG - [MainThread] UM.Backend.Backend._createSocket [297]: Previous socket existed. Closing that first.
2025-07-05 12:24:52,826 - DEBUG - [MainThread] UM.Backend.Backend._onSocketError [260]: Socket was unable to bind to port, increasing port number to 49691
2025-07-05 12:24:52,826 - DEBUG - [MainThread] UM.Backend.Backend._createSocket [297]: Previous socket existed. Closing that first.
2025-07-05 12:24:52,828 - DEBUG - [MainThread] CuraEngineBackend.CuraEngineBackend._terminate [434]: Attempting to kill the engine process
2025-07-05 12:24:52,828 - DEBUG - [MainThread] UM.Backend.Backend._createSocket [297]: Previous socket existed. Closing that first.
2025-07-05 12:24:52,850 - INFO - [MainThread] UM.PluginRegistry.loadPlugin [540]: Loaded plugin GCodeReader 1.0.1
2025-07-05 12:24:52,850 - DEBUG - [MainThread] UM.Backend.Backend._onSocketError [260]: Socket was unable to bind to port, increasing port number to 49692
2025-07-05 12:24:52,851 - DEBUG - [MainThread] UM.Backend.Backend._createSocket [297]: Previous socket existed. Closing that first.
2025-07-05 12:24:52,853 - DEBUG - [MainThread] CuraEngineBackend.CuraEngineBackend._terminate [434]: Attempting to kill the engine process
2025-07-05 12:24:52,854 - DEBUG - [MainThread] UM.Backend.Backend._createSocket [297]: Previous socket existed. Closing that first.
2025-07-05 12:24:52,857 - DEBUG - [MainThread] UM.Backend.Backend._onSocketError [260]: Socket was unable to bind to port, increasing port number to 49693
2025-07-05 12:24:52,857 - DEBUG - [MainThread] UM.Backend.Backend._createSocket [297]: Previous socket existed. Closing that first.
2025-07-05 12:24:52,859 - DEBUG - [MainThread] CuraEngineBackend.CuraEngineBackend._terminate [434]: Attempting to kill the engine process
2025-07-05 12:24:52,860 - DEBUG - [MainThread] UM.Backend.Backend._createSocket [297]: Previous socket existed. Closing that first.
2025-07-05 12:24:52,870 - INFO - [MainThread] UM.PluginRegistry.loadPlugin [540]: Loaded plugin GCodeWriter 1.0.1
2025-07-05 12:24:52,871 - DEBUG - [MainThread] UM.Backend.Backend._onSocketError [260]: Socket was unable to bind to port, increasing port number to 49694
2025-07-05 12:24:52,871 - DEBUG - [MainThread] UM.Backend.Backend._createSocket [297]: Previous socket existed. Closing that first.
2025-07-05 12:24:52,873 - DEBUG - [MainThread] CuraEngineBackend.CuraEngineBackend._terminate [434]: Attempting to kill the engine process
2025-07-05 12:24:52,875 - DEBUG - [MainThread] UM.Backend.Backend._createSocket [297]: Previous socket existed. Closing that first.
2025-07-05 12:24:52,880 - DEBUG - [MainThread] UM.Backend.Backend._onSocketError [260]: Socket was unable to bind to port, increasing port number to 49695
2025-07-05 12:24:52,880 - DEBUG - [MainThread] UM.Backend.Backend._createSocket [297]: Previous socket existed. Closing that first.
2025-07-05 12:24:52,881 - DEBUG - [MainThread] CuraEngineBackend.CuraEngineBackend._terminate [434]: Attempting to kill the engine process
2025-07-05 12:24:52,882 - DEBUG - [MainThread] UM.Backend.Backend._createSocket [297]: Previous socket existed. Closing that first.
2025-07-05 12:24:52,896 - INFO - [MainThread] UM.PluginRegistry.loadPlugin [540]: Loaded plugin ImageReader 1.0.1
2025-07-05 12:24:52,897 - DEBUG - [MainThread] UM.Backend.Backend._onSocketError [260]: Socket was unable to bind to port, increasing port number to 49696
2025-07-05 12:24:52,897 - DEBUG - [MainThread] UM.Backend.Backend._createSocket [297]: Previous socket existed. Closing that first.
2025-07-05 12:24:52,898 - DEBUG - [MainThread] CuraEngineBackend.CuraEngineBackend._terminate [434]: Attempting to kill the engine process
2025-07-05 12:24:52,899 - DEBUG - [MainThread] UM.Backend.Backend._createSocket [297]: Previous socket existed. Closing that first.
2025-07-05 12:24:52,902 - DEBUG - [MainThread] UM.Backend.Backend._onSocketError [260]: Socket was unable to bind to port, increasing port number to 49697
2025-07-05 12:24:52,902 - DEBUG - [MainThread] UM.Backend.Backend._createSocket [297]: Previous socket existed. Closing that first.
2025-07-05 12:24:52,904 - DEBUG - [MainThread] CuraEngineBackend.CuraEngineBackend._terminate [434]: Attempting to kill the engine process
2025-07-05 12:24:52,905 - DEBUG - [MainThread] UM.Backend.Backend._createSocket [297]: Previous socket existed. Closing that first.
2025-07-05 12:24:52,915 - INFO - [MainThread] UM.PluginRegistry.loadPlugin [540]: Loaded plugin LegacyProfileReader 1.0.1
2025-07-05 12:24:52,916 - DEBUG - [MainThread] UM.Backend.Backend._onSocketError [260]: Socket was unable to bind to port, increasing port number to 49698
2025-07-05 12:24:52,917 - DEBUG - [MainThread] UM.Backend.Backend._createSocket [297]: Previous socket existed. Closing that first.
2025-07-05 12:24:52,918 - DEBUG - [MainThread] CuraEngineBackend.CuraEngineBackend._terminate [434]: Attempting to kill the engine process
2025-07-05 12:24:52,919 - DEBUG - [MainThread] UM.Backend.Backend._createSocket [297]: Previous socket existed. Closing that first.
2025-07-05 12:24:52,922 - DEBUG - [MainThread] UM.Backend.Backend._onSocketError [260]: Socket was unable to bind to port, increasing port number to 49699
2025-07-05 12:24:52,922 - DEBUG - [MainThread] UM.Backend.Backend._createSocket [297]: Previous socket existed. Closing that first.
2025-07-05 12:24:52,924 - DEBUG - [MainThread] CuraEngineBackend.CuraEngineBackend._terminate [434]: Attempting to kill the engine process
2025-07-05 12:24:52,924 - DEBUG - [MainThread] UM.Backend.Backend._createSocket [297]: Previous socket existed. Closing that first.
2025-07-05 12:24:52,934 - INFO - [MainThread] UM.PluginRegistry.loadPlugin [540]: Loaded plugin MachineSettingsAction 1.0.1
2025-07-05 12:24:52,935 - DEBUG - [MainThread] UM.Backend.Backend._onSocketError [260]: Socket was unable to bind to port, increasing port number to 49700
2025-07-05 12:24:52,936 - DEBUG - [MainThread] UM.Backend.Backend._createSocket [297]: Previous socket existed. Closing that first.
2025-07-05 12:24:52,938 - DEBUG - [MainThread] CuraEngineBackend.CuraEngineBackend._terminate [434]: Attempting to kill the engine process
2025-07-05 12:24:52,938 - DEBUG - [MainThread] UM.Backend.Backend._createSocket [297]: Previous socket existed. Closing that first.
2025-07-05 12:24:52,943 - DEBUG - [MainThread] UM.Backend.Backend._onSocketError [260]: Socket was unable to bind to port, increasing port number to 49701
2025-07-05 12:24:52,944 - DEBUG - [MainThread] UM.Backend.Backend._createSocket [297]: Previous socket existed. Closing that first.
2025-07-05 12:24:52,946 - DEBUG - [MainThread] CuraEngineBackend.CuraEngineBackend._terminate [434]: Attempting to kill the engine process
2025-07-05 12:24:52,947 - DEBUG - [MainThread] UM.Backend.Backend._createSocket [297]: Previous socket existed. Closing that first.
2025-07-05 12:24:52,969 - INFO - [MainThread] MakerbotWriter.MakerbotWriter.__init__ [34]: Using PyDulcificum: 5.10.0
2025-07-05 12:24:52,971 - INFO - [MainThread] UM.PluginRegistry.loadPlugin [540]: Loaded plugin MakerbotWriter 0.1.0
2025-07-05 12:24:52,972 - DEBUG - [MainThread] UM.Backend.Backend._onSocketError [260]: Socket was unable to bind to port, increasing port number to 49702
2025-07-05 12:24:52,972 - DEBUG - [MainThread] UM.Backend.Backend._createSocket [297]: Previous socket existed. Closing that first.
2025-07-05 12:24:52,974 - DEBUG - [MainThread] CuraEngineBackend.CuraEngineBackend._terminate [434]: Attempting to kill the engine process
2025-07-05 12:24:52,974 - DEBUG - [MainThread] UM.Backend.Backend._createSocket [297]: Previous socket existed. Closing that first.
2025-07-05 12:24:52,977 - DEBUG - [MainThread] UM.Backend.Backend._onSocketError [260]: Socket was unable to bind to port, increasing port number to 49703
2025-07-05 12:24:52,977 - DEBUG - [MainThread] UM.Backend.Backend._createSocket [297]: Previous socket existed. Closing that first.
2025-07-05 12:24:52,978 - DEBUG - [MainThread] CuraEngineBackend.CuraEngineBackend._terminate [434]: Attempting to kill the engine process
2025-07-05 12:24:52,979 - DEBUG - [MainThread] UM.Backend.Backend._createSocket [297]: Previous socket existed. Closing that first.
2025-07-05 12:24:53,019 - DEBUG - [MainThread] cura.OAuth2.AuthorizationService.getAccessToken [158]: No auth data to retrieve the access_token from
2025-07-05 12:24:53,020 - DEBUG - [MainThread] cura.UltimakerCloud.UltimakerCloudScope.requestHook [30]: User is not logged in for Cloud API request to https://api.ultimaker.com/cura-packages/v1/cura/v8.10.0/packages/package-updates?installed_packages=GenericABS:1.4.0&installed_packages=VertexDeltaPLA:1.4.0&installed_packages=ULTIMAKERRAPIDRINSEMETHOD:2.0.0&installed_packages=GenericHIPS:1.4.0&installed_packages=GenericPVA:1.4.0&installed_packages=GenericPETCF:1.4.0&installed_packages=GenericGFFCPE:1.4.0&installed_packages=UltimakerNylon:1.4.0&installed_packages=GenericGFFPA:1.4.0&installed_packages=ULTIMAKERNYLON12CFMETHOD:2.0.0&installed_packages=BASFMETALMETHOD:2.0.0&installed_packages=IMADE3DJellyBOXPETG:1.0.1&installed_packages=GenericToughPLA:1.4.0&installed_packages=PolyWoodPLA:1.0.1&installed_packages=ULTIMAKERNYLONMETHOD:2.0.0&installed_packages=ULTIMAKERNYLONCFMETHOD:2.0.0&installed_packages=VertexDeltaTPU:1.4.0&installed_packages=PolyMaxPLA:1.0.1&installed_packages=Filo3DPLA:1.0.1&installed_packages=FiberlogyHDPLA:1.0.1&installed_packages=UltimakerPETCF:1.4.0&installed_packages=UltimakerPP:1.4.0&installed_packages=ULTIMAKERSR30METHOD:2.0.0&installed_packages=PolyPlusPLA:1.0.1&installed_packages=OctofiberPLA:1.0.1&installed_packages=VertexDeltaPET:1.4.0&installed_packages=UltimakerABS:1.4.0&installed_packages=ULTIMAKERPVAMETHOD:2.0.0&installed_packages=FABtotumTPU:1.4.0&installed_packages=GenericTPU:1.4.0&installed_packages=JABILSEBSMETHOD:2.0.0&installed_packages=UltimakerCPEP:1.4.0&installed_packages=DagomaChromatikPLA:1.0.1&installed_packages=GenericCFFPA:1.4.0&installed_packages=UltimakerCPE:1.4.0&installed_packages=GenericPLA:1.4.0&installed_packages=ULTIMAKERABSRMETHOD:2.0.0&installed_packages=GenericNylon:1.4.0&installed_packages=UltimakerPETG:1.4.0&installed_packages=UltimakerTPU:1.4.0&installed_packages=FABtotumNylon:1.4.0&installed_packages=GenericCPEPlus:1.4.0&installed_packages=UltimakerBAM:1.4.0&installed_packages=GenericCFFCPE:1.4.0&installed_packages=FABtotumPLA:1.4.0&installed_packages=JabilTPE_SEBS1300_95a:1.0.1&installed_packages=GenericBAM:1.4.0&installed_packages=UltimakerPC:1.4.0&installed_packages=GenericPC:1.4.0&installed_packages=ULTIMAKERTOUGHMETHOD:2.0.0&installed_packages=PolyMaxPC:1.0.1&installed_packages=ULTIMAKERPETGMETHOD:2.0.0&installed_packages=GenericPETG:1.4.0&installed_packages=GenericPP:1.4.0&installed_packages=PolyFlexPLA:1.0.1&installed_packages=POLYMAKERPCMETHOD:2.0.0&installed_packages=GenericCPE:1.4.0&installed_packages=VertexDeltaABS:1.4.0&installed_packages=UltimakerPPSCF:1.0.0&installed_packages=BASFUltrafuse316L:1.0.1&installed_packages=FABtotumABS:1.4.0&installed_packages=ULTIMAKERBASCFMETHOD:2.0.0&installed_packages=UltimakerTPLA:1.4.0&installed_packages=UltimakerPLA:1.4.0&installed_packages=ULTIMAKERABSMETHOD:2.0.0&installed_packages=UltimakerPVA:1.4.0&installed_packages=IMADE3DJellyBOXPLA:1.0.1&installed_packages=ULTIMAKERASAMETHOD:2.0.0&installed_packages=ULTIMAKERPLAMETHOD:2.0.0&installed_packages=CuraDrive:1.2.0&installed_packages=UFPReader:1.0.0&installed_packages=PostProcessingPlugin:2.2.1&installed_packages=UpdateChecker:1.0.1&installed_packages=LegacyProfileReader:1.0.1&installed_packages=ImageReader:1.0.1&installed_packages=ModelChecker:1.0.1&installed_packages=MachineSettingsAction:1.0.1&installed_packages=VersionUpgrade33to34:1.0.1&installed_packages=GCodeGzWriter:1.0.1&installed_packages=MirrorTool:1.0.1&installed_packages=RemovableDriveOutputDevice:1.0.1&installed_packages=VersionUpgrade35to40:1.0.0&installed_packages=TrimeshReader:1.0.0&installed_packages=DigitalLibrary:1.1.0&installed_packages=VersionUpgrade34to35:1.0.1&installed_packages=UM3NetworkPrinting:1.0.1&installed_packages=VersionUpgrade42to43:1.0.0&installed_packages=CuraProfileWriter:1.0.1&installed_packages=XRayView:1.0.1&installed_packages=VersionUpgrade21to22:1.0.1&installed_packages=FirmwareUpdateChecker:1.0.1&installed_packages=VersionUpgrade45to46:1.0.0&installed_packages=X3DReader:1.0.1&installed_packages=GCodeGzReader:1.0.1&installed_packages=PerObjectSettingsTool:1.0.1&installed_packages=SupportEraser:1.0.1&installed_packages=VersionUpgrade462to47:1.0.0&installed_packages=VersionUpgrade47to48:1.0.0&installed_packages=OBJWriter:1.0.1&installed_packages=VersionUpgrade32to33:1.0.1&installed_packages=UFPWriter:1.0.1&installed_packages=VersionUpgrade26to27:1.0.1&installed_packages=MakerbotWriter:1.0.1&installed_packages=USBPrinting:1.0.2&installed_packages=FirmwareUpdater:1.0.1&installed_packages=SliceInfoPlugin:1.0.1&installed_packages=VersionUpgrade30to31:1.0.1&installed_packages=OBJReader:1.0.1&installed_packages=SentryLogger:1.0.0&installed_packages=UltimakerMachineActions:1.0.1&installed_packages=GCodeProfileReader:1.0.1&installed_packages=RotateTool:1.0.1&installed_packages=VersionUpgrade48to49:1.0.0&installed_packages=ScaleTool:1.0.1&installed_packages=GCodeReader:1.0.1&installed_packages=VersionUpgrade460to462:1.0.0&installed_packages=VersionUpgrade40to41:1.0.1&installed_packages=STLWriter:1.0.1&installed_packages=VersionUpgrade52to53:1.0.0&installed_packages=VersionUpgrade25to26:1.0.1&installed_packages=VersionUpgrade27to30:1.0.1&installed_packages=3MFReader:1.0.1&installed_packages=SimulationView:1.0.1&installed_packages=VersionUpgrade413to50:1.0.0&installed_packages=VersionUpgrade44to45:1.0.0&installed_packages=CuraProfileReader:1.0.1&installed_packages=VersionUpgrade43to44:1.0.0&installed_packages=VersionUpgrade49to410:1.0.0&installed_packages=AMFReader:1.0.0&installed_packages=VersionUpgrade411to412:1.0.0&installed_packages=VersionUpgrade22to24:1.0.1&installed_packages=3DConnexion:1.0.0&installed_packages=VersionUpgrade41to42:1.0.0
2025-07-05 12:24:53,021 - INFO - [MainThread] UM.PluginRegistry.loadPlugin [540]: Loaded plugin Marketplace 1.0.0
2025-07-05 12:24:53,021 - DEBUG - [MainThread] UM.Backend.Backend._onSocketError [260]: Socket was unable to bind to port, increasing port number to 49704
2025-07-05 12:24:53,022 - DEBUG - [MainThread] UM.Backend.Backend._createSocket [297]: Previous socket existed. Closing that first.
2025-07-05 12:24:53,024 - DEBUG - [MainThread] CuraEngineBackend.CuraEngineBackend._terminate [434]: Attempting to kill the engine process
2025-07-05 12:24:53,024 - DEBUG - [MainThread] UM.Backend.Backend._createSocket [297]: Previous socket existed. Closing that first.
2025-07-05 12:24:53,031 - DEBUG - [MainThread] UM.Backend.Backend._onSocketError [260]: Socket was unable to bind to port, increasing port number to 49705
2025-07-05 12:24:53,032 - DEBUG - [MainThread] UM.Backend.Backend._createSocket [297]: Previous socket existed. Closing that first.
2025-07-05 12:24:53,034 - DEBUG - [MainThread] CuraEngineBackend.CuraEngineBackend._terminate [434]: Attempting to kill the engine process
2025-07-05 12:24:53,034 - DEBUG - [MainThread] UM.Backend.Backend._createSocket [297]: Previous socket existed. Closing that first.
2025-07-05 12:24:53,044 - INFO - [MainThread] UM.PluginRegistry.loadPlugin [540]: Loaded plugin ModelChecker 1.0.1
2025-07-05 12:24:53,044 - DEBUG - [MainThread] UM.Backend.Backend._onSocketError [260]: Socket was unable to bind to port, increasing port number to 49706
2025-07-05 12:24:53,045 - DEBUG - [MainThread] UM.Backend.Backend._createSocket [297]: Previous socket existed. Closing that first.
2025-07-05 12:24:53,046 - DEBUG - [MainThread] CuraEngineBackend.CuraEngineBackend._terminate [434]: Attempting to kill the engine process
2025-07-05 12:24:53,047 - DEBUG - [MainThread] UM.Backend.Backend._createSocket [297]: Previous socket existed. Closing that first.
2025-07-05 12:24:53,050 - DEBUG - [MainThread] UM.Backend.Backend._onSocketError [260]: Socket was unable to bind to port, increasing port number to 49707
2025-07-05 12:24:53,050 - DEBUG - [MainThread] UM.Backend.Backend._createSocket [297]: Previous socket existed. Closing that first.
2025-07-05 12:24:53,052 - DEBUG - [MainThread] CuraEngineBackend.CuraEngineBackend._terminate [434]: Attempting to kill the engine process
2025-07-05 12:24:53,052 - DEBUG - [MainThread] UM.Backend.Backend._createSocket [297]: Previous socket existed. Closing that first.
2025-07-05 12:24:53,065 - INFO - [MainThread] UM.PluginRegistry.loadPlugin [540]: Loaded plugin MonitorStage 1.0.1
2025-07-05 12:24:53,065 - DEBUG - [MainThread] UM.Backend.Backend._onSocketError [260]: Socket was unable to bind to port, increasing port number to 49708
2025-07-05 12:24:53,065 - DEBUG - [MainThread] UM.Backend.Backend._createSocket [297]: Previous socket existed. Closing that first.
2025-07-05 12:24:53,067 - DEBUG - [MainThread] CuraEngineBackend.CuraEngineBackend._terminate [434]: Attempting to kill the engine process
2025-07-05 12:24:53,068 - DEBUG - [MainThread] UM.Backend.Backend._createSocket [297]: Previous socket existed. Closing that first.
2025-07-05 12:24:53,074 - DEBUG - [MainThread] UM.Backend.Backend._onSocketError [260]: Socket was unable to bind to port, increasing port number to 49709
2025-07-05 12:24:53,075 - DEBUG - [MainThread] UM.Backend.Backend._createSocket [297]: Previous socket existed. Closing that first.
2025-07-05 12:24:53,077 - DEBUG - [MainThread] CuraEngineBackend.CuraEngineBackend._terminate [434]: Attempting to kill the engine process
2025-07-05 12:24:53,077 - DEBUG - [MainThread] UM.Backend.Backend._createSocket [297]: Previous socket existed. Closing that first.
2025-07-05 12:24:53,091 - INFO - [MainThread] UM.PluginRegistry.loadPlugin [540]: Loaded plugin PerObjectSettingsTool 1.0.1
2025-07-05 12:24:53,091 - DEBUG - [MainThread] UM.Backend.Backend._onSocketError [260]: Socket was unable to bind to port, increasing port number to 49710
2025-07-05 12:24:53,091 - DEBUG - [MainThread] UM.Backend.Backend._createSocket [297]: Previous socket existed. Closing that first.
2025-07-05 12:24:53,094 - DEBUG - [MainThread] CuraEngineBackend.CuraEngineBackend._terminate [434]: Attempting to kill the engine process
2025-07-05 12:24:53,094 - DEBUG - [MainThread] UM.Backend.Backend._createSocket [297]: Previous socket existed. Closing that first.
2025-07-05 12:24:53,097 - DEBUG - [MainThread] UM.Backend.Backend._onSocketError [260]: Socket was unable to bind to port, increasing port number to 49711
2025-07-05 12:24:53,097 - DEBUG - [MainThread] UM.Backend.Backend._createSocket [297]: Previous socket existed. Closing that first.
2025-07-05 12:24:53,099 - DEBUG - [MainThread] CuraEngineBackend.CuraEngineBackend._terminate [434]: Attempting to kill the engine process
2025-07-05 12:24:53,100 - DEBUG - [MainThread] UM.Backend.Backend._createSocket [297]: Previous socket existed. Closing that first.
2025-07-05 12:24:53,111 - INFO - [MainThread] UM.PluginRegistry.loadPlugin [540]: Loaded plugin PostProcessingPlugin 2.2.1
2025-07-05 12:24:53,112 - DEBUG - [MainThread] UM.Backend.Backend._onSocketError [260]: Socket was unable to bind to port, increasing port number to 49712
2025-07-05 12:24:53,112 - DEBUG - [MainThread] UM.Backend.Backend._createSocket [297]: Previous socket existed. Closing that first.
2025-07-05 12:24:53,114 - DEBUG - [MainThread] CuraEngineBackend.CuraEngineBackend._terminate [434]: Attempting to kill the engine process
2025-07-05 12:24:53,115 - DEBUG - [MainThread] UM.Backend.Backend._createSocket [297]: Previous socket existed. Closing that first.
2025-07-05 12:24:53,118 - DEBUG - [MainThread] UM.Backend.Backend._onSocketError [260]: Socket was unable to bind to port, increasing port number to 49713
2025-07-05 12:24:53,118 - DEBUG - [MainThread] UM.Backend.Backend._createSocket [297]: Previous socket existed. Closing that first.
2025-07-05 12:24:53,120 - DEBUG - [MainThread] CuraEngineBackend.CuraEngineBackend._terminate [434]: Attempting to kill the engine process
2025-07-05 12:24:53,122 - DEBUG - [MainThread] UM.Backend.Backend._createSocket [297]: Previous socket existed. Closing that first.
2025-07-05 12:24:53,135 - INFO - [MainThread] UM.PluginRegistry.loadPlugin [540]: Loaded plugin PrepareStage 1.0.1
2025-07-05 12:24:53,135 - DEBUG - [MainThread] UM.Backend.Backend._onSocketError [260]: Socket was unable to bind to port, increasing port number to 49714
2025-07-05 12:24:53,136 - DEBUG - [MainThread] UM.Backend.Backend._createSocket [297]: Previous socket existed. Closing that first.
2025-07-05 12:24:53,137 - DEBUG - [MainThread] CuraEngineBackend.CuraEngineBackend._terminate [434]: Attempting to kill the engine process
2025-07-05 12:24:53,138 - DEBUG - [MainThread] UM.Backend.Backend._createSocket [297]: Previous socket existed. Closing that first.
2025-07-05 12:24:53,140 - DEBUG - [MainThread] UM.Backend.Backend._onSocketError [260]: Socket was unable to bind to port, increasing port number to 49715
2025-07-05 12:24:53,141 - DEBUG - [MainThread] UM.Backend.Backend._createSocket [297]: Previous socket existed. Closing that first.
2025-07-05 12:24:53,142 - DEBUG - [MainThread] CuraEngineBackend.CuraEngineBackend._terminate [434]: Attempting to kill the engine process
2025-07-05 12:24:53,143 - DEBUG - [MainThread] UM.Backend.Backend._createSocket [297]: Previous socket existed. Closing that first.
2025-07-05 12:24:53,153 - INFO - [MainThread] UM.PluginRegistry.loadPlugin [540]: Loaded plugin PreviewStage 1.0.1
2025-07-05 12:24:53,154 - DEBUG - [MainThread] UM.Backend.Backend._onSocketError [260]: Socket was unable to bind to port, increasing port number to 49716
2025-07-05 12:24:53,154 - DEBUG - [MainThread] UM.Backend.Backend._createSocket [297]: Previous socket existed. Closing that first.
2025-07-05 12:24:53,156 - DEBUG - [MainThread] CuraEngineBackend.CuraEngineBackend._terminate [434]: Attempting to kill the engine process
2025-07-05 12:24:53,157 - DEBUG - [MainThread] UM.Backend.Backend._createSocket [297]: Previous socket existed. Closing that first.
2025-07-05 12:24:53,160 - DEBUG - [MainThread] UM.Backend.Backend._onSocketError [260]: Socket was unable to bind to port, increasing port number to 49717
2025-07-05 12:24:53,160 - DEBUG - [MainThread] UM.Backend.Backend._createSocket [297]: Previous socket existed. Closing that first.
2025-07-05 12:24:53,162 - DEBUG - [MainThread] CuraEngineBackend.CuraEngineBackend._terminate [434]: Attempting to kill the engine process
2025-07-05 12:24:53,163 - DEBUG - [MainThread] UM.Backend.Backend._createSocket [297]: Previous socket existed. Closing that first.
2025-07-05 12:24:53,177 - INFO - [MainThread] UM.PluginRegistry.loadPlugin [540]: Loaded plugin RemovableDriveOutputDevice 1.0.1
2025-07-05 12:24:53,177 - DEBUG - [MainThread] UM.Backend.Backend._onSocketError [260]: Socket was unable to bind to port, increasing port number to 49718
2025-07-05 12:24:53,178 - DEBUG - [MainThread] UM.Backend.Backend._createSocket [297]: Previous socket existed. Closing that first.
2025-07-05 12:24:53,179 - DEBUG - [MainThread] CuraEngineBackend.CuraEngineBackend._terminate [434]: Attempting to kill the engine process
2025-07-05 12:24:53,180 - DEBUG - [MainThread] UM.Backend.Backend._createSocket [297]: Previous socket existed. Closing that first.
2025-07-05 12:24:53,184 - DEBUG - [MainThread] UM.Backend.Backend._onSocketError [260]: Socket was unable to bind to port, increasing port number to 49719
2025-07-05 12:24:53,184 - DEBUG - [MainThread] UM.Backend.Backend._createSocket [297]: Previous socket existed. Closing that first.
2025-07-05 12:24:53,187 - DEBUG - [MainThread] CuraEngineBackend.CuraEngineBackend._terminate [434]: Attempting to kill the engine process
2025-07-05 12:24:53,188 - DEBUG - [MainThread] UM.Backend.Backend._createSocket [297]: Previous socket existed. Closing that first.
2025-07-05 12:24:53,193 - DEBUG - [MainThread] UM.Backend.Backend._onSocketError [260]: Socket was unable to bind to port, increasing port number to 49720
2025-07-05 12:24:53,193 - DEBUG - [MainThread] UM.Backend.Backend._createSocket [297]: Previous socket existed. Closing that first.
2025-07-05 12:24:53,195 - DEBUG - [MainThread] CuraEngineBackend.CuraEngineBackend._terminate [434]: Attempting to kill the engine process
2025-07-05 12:24:53,197 - DEBUG - [MainThread] UM.Backend.Backend._createSocket [297]: Previous socket existed. Closing that first.
2025-07-05 12:24:53,222 - INFO - [MainThread] UM.PluginRegistry.loadPlugin [540]: Loaded plugin SimulationView 1.0.1
2025-07-05 12:24:53,223 - DEBUG - [MainThread] UM.Backend.Backend._onSocketError [260]: Socket was unable to bind to port, increasing port number to 49721
2025-07-05 12:24:53,224 - DEBUG - [MainThread] UM.Backend.Backend._createSocket [297]: Previous socket existed. Closing that first.
2025-07-05 12:24:53,225 - DEBUG - [MainThread] CuraEngineBackend.CuraEngineBackend._terminate [434]: Attempting to kill the engine process
2025-07-05 12:24:53,226 - DEBUG - [MainThread] UM.Backend.Backend._createSocket [297]: Previous socket existed. Closing that first.
2025-07-05 12:24:53,229 - DEBUG - [MainThread] UM.Backend.Backend._onSocketError [260]: Socket was unable to bind to port, increasing port number to 49722
2025-07-05 12:24:53,229 - DEBUG - [MainThread] UM.Backend.Backend._createSocket [297]: Previous socket existed. Closing that first.
2025-07-05 12:24:53,231 - DEBUG - [MainThread] CuraEngineBackend.CuraEngineBackend._terminate [434]: Attempting to kill the engine process
2025-07-05 12:24:53,232 - DEBUG - [MainThread] UM.Backend.Backend._createSocket [297]: Previous socket existed. Closing that first.
2025-07-05 12:24:53,243 - INFO - [MainThread] UM.PluginRegistry.loadPlugin [540]: Loaded plugin SliceInfoPlugin 1.0.1
2025-07-05 12:24:53,244 - DEBUG - [MainThread] UM.Backend.Backend._onSocketError [260]: Socket was unable to bind to port, increasing port number to 49723
2025-07-05 12:24:53,244 - DEBUG - [MainThread] UM.Backend.Backend._createSocket [297]: Previous socket existed. Closing that first.
2025-07-05 12:24:53,247 - DEBUG - [MainThread] CuraEngineBackend.CuraEngineBackend._terminate [434]: Attempting to kill the engine process
2025-07-05 12:24:53,247 - DEBUG - [MainThread] UM.Backend.Backend._createSocket [297]: Previous socket existed. Closing that first.
2025-07-05 12:24:53,251 - DEBUG - [MainThread] UM.Backend.Backend._onSocketError [260]: Socket was unable to bind to port, increasing port number to 49724
2025-07-05 12:24:53,251 - DEBUG - [MainThread] UM.Backend.Backend._createSocket [297]: Previous socket existed. Closing that first.
2025-07-05 12:24:53,253 - DEBUG - [MainThread] CuraEngineBackend.CuraEngineBackend._terminate [434]: Attempting to kill the engine process
2025-07-05 12:24:53,253 - DEBUG - [MainThread] UM.Backend.Backend._createSocket [297]: Previous socket existed. Closing that first.
2025-07-05 12:24:53,270 - INFO - [MainThread] UM.PluginRegistry.loadPlugin [540]: Loaded plugin SolidView 1.0.1
2025-07-05 12:24:53,270 - DEBUG - [MainThread] UM.Backend.Backend._onSocketError [260]: Socket was unable to bind to port, increasing port number to 49725
2025-07-05 12:24:53,270 - DEBUG - [MainThread] UM.Backend.Backend._createSocket [297]: Previous socket existed. Closing that first.
2025-07-05 12:24:53,272 - DEBUG - [MainThread] CuraEngineBackend.CuraEngineBackend._terminate [434]: Attempting to kill the engine process
2025-07-05 12:24:53,273 - DEBUG - [MainThread] UM.Backend.Backend._createSocket [297]: Previous socket existed. Closing that first.
2025-07-05 12:24:53,277 - DEBUG - [MainThread] UM.Backend.Backend._onSocketError [260]: Socket was unable to bind to port, increasing port number to 49726
2025-07-05 12:24:53,277 - DEBUG - [MainThread] UM.Backend.Backend._createSocket [297]: Previous socket existed. Closing that first.
2025-07-05 12:24:53,279 - DEBUG - [MainThread] CuraEngineBackend.CuraEngineBackend._terminate [434]: Attempting to kill the engine process
2025-07-05 12:24:53,280 - DEBUG - [MainThread] UM.Backend.Backend._createSocket [297]: Previous socket existed. Closing that first.
2025-07-05 12:24:53,290 - INFO - [MainThread] UM.PluginRegistry.loadPlugin [540]: Loaded plugin SupportEraser 1.0.1
2025-07-05 12:24:53,291 - DEBUG - [MainThread] UM.Backend.Backend._onSocketError [260]: Socket was unable to bind to port, increasing port number to 49727
2025-07-05 12:24:53,292 - DEBUG - [MainThread] UM.Backend.Backend._createSocket [297]: Previous socket existed. Closing that first.
2025-07-05 12:24:53,293 - DEBUG - [MainThread] CuraEngineBackend.CuraEngineBackend._terminate [434]: Attempting to kill the engine process
2025-07-05 12:24:53,294 - DEBUG - [MainThread] UM.Backend.Backend._createSocket [297]: Previous socket existed. Closing that first.
2025-07-05 12:24:53,297 - DEBUG - [MainThread] UM.Backend.Backend._onSocketError [260]: Socket was unable to bind to port, increasing port number to 49728
2025-07-05 12:24:53,297 - DEBUG - [MainThread] UM.Backend.Backend._createSocket [297]: Previous socket existed. Closing that first.
2025-07-05 12:24:53,299 - DEBUG - [MainThread] CuraEngineBackend.CuraEngineBackend._terminate [434]: Attempting to kill the engine process
2025-07-05 12:24:53,300 - DEBUG - [MainThread] UM.Backend.Backend._createSocket [297]: Previous socket existed. Closing that first.
2025-07-05 12:24:53,311 - INFO - [MainThread] UM.PluginRegistry.loadPlugin [540]: Loaded plugin TrimeshReader 1.0.0
2025-07-05 12:24:53,312 - DEBUG - [MainThread] UM.Backend.Backend._onSocketError [260]: Socket was unable to bind to port, increasing port number to 49729
2025-07-05 12:24:53,312 - DEBUG - [MainThread] UM.Backend.Backend._createSocket [297]: Previous socket existed. Closing that first.
2025-07-05 12:24:53,314 - DEBUG - [MainThread] CuraEngineBackend.CuraEngineBackend._terminate [434]: Attempting to kill the engine process
2025-07-05 12:24:53,314 - DEBUG - [MainThread] UM.Backend.Backend._createSocket [297]: Previous socket existed. Closing that first.
2025-07-05 12:24:53,317 - DEBUG - [MainThread] UM.Backend.Backend._onSocketError [260]: Socket was unable to bind to port, increasing port number to 49730
2025-07-05 12:24:53,317 - DEBUG - [MainThread] UM.Backend.Backend._createSocket [297]: Previous socket existed. Closing that first.
2025-07-05 12:24:53,319 - DEBUG - [MainThread] CuraEngineBackend.CuraEngineBackend._terminate [434]: Attempting to kill the engine process
2025-07-05 12:24:53,320 - DEBUG - [MainThread] UM.Backend.Backend._createSocket [297]: Previous socket existed. Closing that first.
2025-07-05 12:24:53,336 - INFO - [MainThread] UM.PluginRegistry.loadPlugin [540]: Loaded plugin UFPReader 1.0.0
2025-07-05 12:24:53,337 - DEBUG - [MainThread] UM.Backend.Backend._onSocketError [260]: Socket was unable to bind to port, increasing port number to 49731
2025-07-05 12:24:53,337 - DEBUG - [MainThread] UM.Backend.Backend._createSocket [297]: Previous socket existed. Closing that first.
2025-07-05 12:24:53,339 - DEBUG - [MainThread] CuraEngineBackend.CuraEngineBackend._terminate [434]: Attempting to kill the engine process
2025-07-05 12:24:53,340 - DEBUG - [MainThread] UM.Backend.Backend._createSocket [297]: Previous socket existed. Closing that first.
2025-07-05 12:24:53,344 - DEBUG - [MainThread] UM.Backend.Backend._onSocketError [260]: Socket was unable to bind to port, increasing port number to 49732
2025-07-05 12:24:53,344 - DEBUG - [MainThread] UM.Backend.Backend._createSocket [297]: Previous socket existed. Closing that first.
2025-07-05 12:24:53,346 - DEBUG - [MainThread] CuraEngineBackend.CuraEngineBackend._terminate [434]: Attempting to kill the engine process
2025-07-05 12:24:53,346 - DEBUG - [MainThread] UM.Backend.Backend._createSocket [297]: Previous socket existed. Closing that first.
2025-07-05 12:24:53,358 - INFO - [MainThread] UM.PluginRegistry.loadPlugin [540]: Loaded plugin UFPWriter 1.0.1
2025-07-05 12:24:53,359 - DEBUG - [MainThread] UM.Backend.Backend._onSocketError [260]: Socket was unable to bind to port, increasing port number to 49733
2025-07-05 12:24:53,359 - DEBUG - [MainThread] UM.Backend.Backend._createSocket [297]: Previous socket existed. Closing that first.
2025-07-05 12:24:53,361 - DEBUG - [MainThread] CuraEngineBackend.CuraEngineBackend._terminate [434]: Attempting to kill the engine process
2025-07-05 12:24:53,362 - DEBUG - [MainThread] UM.Backend.Backend._createSocket [297]: Previous socket existed. Closing that first.
2025-07-05 12:24:53,365 - DEBUG - [MainThread] UM.Backend.Backend._onSocketError [260]: Socket was unable to bind to port, increasing port number to 49734
2025-07-05 12:24:53,365 - DEBUG - [MainThread] UM.Backend.Backend._createSocket [297]: Previous socket existed. Closing that first.
2025-07-05 12:24:53,366 - DEBUG - [MainThread] CuraEngineBackend.CuraEngineBackend._terminate [434]: Attempting to kill the engine process
2025-07-05 12:24:53,367 - DEBUG - [MainThread] UM.Backend.Backend._createSocket [297]: Previous socket existed. Closing that first.
2025-07-05 12:24:53,384 - INFO - [MainThread] UM.PluginRegistry.loadPlugin [540]: Loaded plugin UltimakerMachineActions 1.0.1
2025-07-05 12:24:53,384 - DEBUG - [MainThread] UM.Backend.Backend._onSocketError [260]: Socket was unable to bind to port, increasing port number to 49735
2025-07-05 12:24:53,384 - DEBUG - [MainThread] UM.Backend.Backend._createSocket [297]: Previous socket existed. Closing that first.
2025-07-05 12:24:53,386 - DEBUG - [MainThread] CuraEngineBackend.CuraEngineBackend._terminate [434]: Attempting to kill the engine process
2025-07-05 12:24:53,386 - DEBUG - [MainThread] UM.Backend.Backend._createSocket [297]: Previous socket existed. Closing that first.
2025-07-05 12:24:53,389 - DEBUG - [MainThread] UM.Backend.Backend._onSocketError [260]: Socket was unable to bind to port, increasing port number to 49736
2025-07-05 12:24:53,389 - DEBUG - [MainThread] UM.Backend.Backend._createSocket [297]: Previous socket existed. Closing that first.
2025-07-05 12:24:53,391 - DEBUG - [MainThread] CuraEngineBackend.CuraEngineBackend._terminate [434]: Attempting to kill the engine process
2025-07-05 12:24:53,392 - DEBUG - [MainThread] UM.Backend.Backend._createSocket [297]: Previous socket existed. Closing that first.
2025-07-05 12:24:53,484 - INFO - [MainThread] UM.PluginRegistry.loadPlugin [540]: Loaded plugin UM3NetworkPrinting 2.0.0
2025-07-05 12:24:53,485 - DEBUG - [MainThread] UM.Backend.Backend._onSocketError [260]: Socket was unable to bind to port, increasing port number to 49737
2025-07-05 12:24:53,485 - DEBUG - [MainThread] UM.Backend.Backend._createSocket [297]: Previous socket existed. Closing that first.
2025-07-05 12:24:53,487 - DEBUG - [MainThread] CuraEngineBackend.CuraEngineBackend._terminate [434]: Attempting to kill the engine process
2025-07-05 12:24:53,488 - DEBUG - [MainThread] UM.Backend.Backend._createSocket [297]: Previous socket existed. Closing that first.
2025-07-05 12:24:53,493 - DEBUG - [MainThread] UM.Backend.Backend._onSocketError [260]: Socket was unable to bind to port, increasing port number to 49738
2025-07-05 12:24:53,494 - DEBUG - [MainThread] UM.Backend.Backend._createSocket [297]: Previous socket existed. Closing that first.
2025-07-05 12:24:53,496 - DEBUG - [MainThread] CuraEngineBackend.CuraEngineBackend._terminate [434]: Attempting to kill the engine process
2025-07-05 12:24:53,496 - DEBUG - [MainThread] UM.Backend.Backend._createSocket [297]: Previous socket existed. Closing that first.
2025-07-05 12:24:53,527 - INFO - [MainThread] UM.PluginRegistry.loadPlugin [540]: Loaded plugin USBPrinting 1.0.2
2025-07-05 12:24:53,528 - DEBUG - [MainThread] UM.Backend.Backend._onSocketError [260]: Socket was unable to bind to port, increasing port number to 49739
2025-07-05 12:24:53,528 - DEBUG - [MainThread] UM.Backend.Backend._createSocket [297]: Previous socket existed. Closing that first.
2025-07-05 12:24:53,531 - DEBUG - [MainThread] CuraEngineBackend.CuraEngineBackend._terminate [434]: Attempting to kill the engine process
2025-07-05 12:24:53,531 - DEBUG - [MainThread] UM.Backend.Backend._createSocket [297]: Previous socket existed. Closing that first.
2025-07-05 12:24:53,535 - DEBUG - [MainThread] UM.Backend.Backend._onSocketError [260]: Socket was unable to bind to port, increasing port number to 49740
2025-07-05 12:24:53,535 - DEBUG - [MainThread] UM.Backend.Backend._createSocket [297]: Previous socket existed. Closing that first.
2025-07-05 12:24:53,537 - DEBUG - [MainThread] CuraEngineBackend.CuraEngineBackend._terminate [434]: Attempting to kill the engine process
2025-07-05 12:24:53,537 - DEBUG - [MainThread] UM.Backend.Backend._createSocket [297]: Previous socket existed. Closing that first.
2025-07-05 12:24:53,554 - INFO - [MainThread] UM.PluginRegistry.loadPlugin [540]: Loaded plugin VersionUpgrade21to22 1.0.1
2025-07-05 12:24:53,554 - DEBUG - [MainThread] UM.Backend.Backend._onSocketError [260]: Socket was unable to bind to port, increasing port number to 49741
2025-07-05 12:24:53,555 - DEBUG - [MainThread] UM.Backend.Backend._createSocket [297]: Previous socket existed. Closing that first.
2025-07-05 12:24:53,556 - DEBUG - [MainThread] CuraEngineBackend.CuraEngineBackend._terminate [434]: Attempting to kill the engine process
2025-07-05 12:24:53,557 - DEBUG - [MainThread] UM.Backend.Backend._createSocket [297]: Previous socket existed. Closing that first.
2025-07-05 12:24:53,560 - DEBUG - [MainThread] UM.Backend.Backend._onSocketError [260]: Socket was unable to bind to port, increasing port number to 49742
2025-07-05 12:24:53,561 - DEBUG - [MainThread] UM.Backend.Backend._createSocket [297]: Previous socket existed. Closing that first.
2025-07-05 12:24:53,563 - DEBUG - [MainThread] CuraEngineBackend.CuraEngineBackend._terminate [434]: Attempting to kill the engine process
2025-07-05 12:24:53,564 - DEBUG - [MainThread] UM.Backend.Backend._createSocket [297]: Previous socket existed. Closing that first.
2025-07-05 12:24:53,572 - DEBUG - [MainThread] UM.Backend.Backend._onSocketError [260]: Socket was unable to bind to port, increasing port number to 49743
2025-07-05 12:24:53,572 - DEBUG - [MainThread] UM.Backend.Backend._createSocket [297]: Previous socket existed. Closing that first.
2025-07-05 12:24:53,575 - DEBUG - [MainThread] CuraEngineBackend.CuraEngineBackend._terminate [434]: Attempting to kill the engine process
2025-07-05 12:24:53,575 - DEBUG - [MainThread] UM.Backend.Backend._createSocket [297]: Previous socket existed. Closing that first.
2025-07-05 12:24:53,583 - INFO - [MainThread] UM.PluginRegistry.loadPlugin [540]: Loaded plugin VersionUpgrade22to24 1.0.1
2025-07-05 12:24:53,583 - DEBUG - [MainThread] UM.Backend.Backend._onSocketError [260]: Socket was unable to bind to port, increasing port number to 49744
2025-07-05 12:24:53,583 - DEBUG - [MainThread] UM.Backend.Backend._createSocket [297]: Previous socket existed. Closing that first.
2025-07-05 12:24:53,584 - DEBUG - [MainThread] CuraEngineBackend.CuraEngineBackend._terminate [434]: Attempting to kill the engine process
2025-07-05 12:24:53,585 - DEBUG - [MainThread] UM.Backend.Backend._createSocket [297]: Previous socket existed. Closing that first.
2025-07-05 12:24:53,588 - DEBUG - [MainThread] UM.Backend.Backend._onSocketError [260]: Socket was unable to bind to port, increasing port number to 49745
2025-07-05 12:24:53,589 - DEBUG - [MainThread] UM.Backend.Backend._createSocket [297]: Previous socket existed. Closing that first.
2025-07-05 12:24:53,591 - DEBUG - [MainThread] CuraEngineBackend.CuraEngineBackend._terminate [434]: Attempting to kill the engine process
2025-07-05 12:24:53,592 - DEBUG - [MainThread] UM.Backend.Backend._createSocket [297]: Previous socket existed. Closing that first.
2025-07-05 12:24:53,596 - DEBUG - [MainThread] UM.Backend.Backend._onSocketError [260]: Socket was unable to bind to port, increasing port number to 49746
2025-07-05 12:24:53,596 - DEBUG - [MainThread] UM.Backend.Backend._createSocket [297]: Previous socket existed. Closing that first.
2025-07-05 12:24:53,598 - DEBUG - [MainThread] CuraEngineBackend.CuraEngineBackend._terminate [434]: Attempting to kill the engine process
2025-07-05 12:24:53,599 - DEBUG - [MainThread] UM.Backend.Backend._createSocket [297]: Previous socket existed. Closing that first.
2025-07-05 12:24:53,612 - INFO - [MainThread] UM.PluginRegistry.loadPlugin [540]: Loaded plugin VersionUpgrade25to26 1.0.1
2025-07-05 12:24:53,613 - DEBUG - [MainThread] UM.Backend.Backend._onSocketError [260]: Socket was unable to bind to port, increasing port number to 49747
2025-07-05 12:24:53,613 - DEBUG - [MainThread] UM.Backend.Backend._createSocket [297]: Previous socket existed. Closing that first.
2025-07-05 12:24:53,615 - DEBUG - [MainThread] CuraEngineBackend.CuraEngineBackend._terminate [434]: Attempting to kill the engine process
2025-07-05 12:24:53,616 - DEBUG - [MainThread] UM.Backend.Backend._createSocket [297]: Previous socket existed. Closing that first.
2025-07-05 12:24:53,620 - DEBUG - [MainThread] UM.Backend.Backend._onSocketError [260]: Socket was unable to bind to port, increasing port number to 49748
2025-07-05 12:24:53,620 - DEBUG - [MainThread] UM.Backend.Backend._createSocket [297]: Previous socket existed. Closing that first.
2025-07-05 12:24:53,622 - DEBUG - [MainThread] CuraEngineBackend.CuraEngineBackend._terminate [434]: Attempting to kill the engine process
2025-07-05 12:24:53,623 - DEBUG - [MainThread] UM.Backend.Backend._createSocket [297]: Previous socket existed. Closing that first.
2025-07-05 12:24:53,637 - INFO - [MainThread] UM.PluginRegistry.loadPlugin [540]: Loaded plugin VersionUpgrade26to27 1.0.1
2025-07-05 12:24:53,637 - DEBUG - [MainThread] UM.Backend.Backend._onSocketError [260]: Socket was unable to bind to port, increasing port number to 49749
2025-07-05 12:24:53,638 - DEBUG - [MainThread] UM.Backend.Backend._createSocket [297]: Previous socket existed. Closing that first.
2025-07-05 12:24:53,639 - DEBUG - [MainThread] CuraEngineBackend.CuraEngineBackend._terminate [434]: Attempting to kill the engine process
2025-07-05 12:24:53,639 - DEBUG - [MainThread] UM.Backend.Backend._createSocket [297]: Previous socket existed. Closing that first.
2025-07-05 12:24:53,642 - DEBUG - [MainThread] UM.Backend.Backend._onSocketError [260]: Socket was unable to bind to port, increasing port number to 49750
2025-07-05 12:24:53,643 - DEBUG - [MainThread] UM.Backend.Backend._createSocket [297]: Previous socket existed. Closing that first.
2025-07-05 12:24:53,646 - DEBUG - [MainThread] CuraEngineBackend.CuraEngineBackend._terminate [434]: Attempting to kill the engine process
2025-07-05 12:24:53,646 - DEBUG - [MainThread] UM.Backend.Backend._createSocket [297]: Previous socket existed. Closing that first.
2025-07-05 12:24:53,657 - INFO - [MainThread] UM.PluginRegistry.loadPlugin [540]: Loaded plugin VersionUpgrade27to30 1.0.1
2025-07-05 12:24:53,658 - DEBUG - [MainThread] UM.Backend.Backend._onSocketError [260]: Socket was unable to bind to port, increasing port number to 49751
2025-07-05 12:24:53,658 - DEBUG - [MainThread] UM.Backend.Backend._createSocket [297]: Previous socket existed. Closing that first.
2025-07-05 12:24:53,660 - DEBUG - [MainThread] CuraEngineBackend.CuraEngineBackend._terminate [434]: Attempting to kill the engine process
2025-07-05 12:24:53,660 - DEBUG - [MainThread] UM.Backend.Backend._createSocket [297]: Previous socket existed. Closing that first.
2025-07-05 12:24:53,664 - DEBUG - [MainThread] UM.Backend.Backend._onSocketError [260]: Socket was unable to bind to port, increasing port number to 49752
2025-07-05 12:24:53,664 - DEBUG - [MainThread] UM.Backend.Backend._createSocket [297]: Previous socket existed. Closing that first.
2025-07-05 12:24:53,666 - DEBUG - [MainThread] CuraEngineBackend.CuraEngineBackend._terminate [434]: Attempting to kill the engine process
2025-07-05 12:24:53,667 - DEBUG - [MainThread] UM.Backend.Backend._createSocket [297]: Previous socket existed. Closing that first.
2025-07-05 12:24:53,676 - INFO - [MainThread] UM.PluginRegistry.loadPlugin [540]: Loaded plugin VersionUpgrade30to31 1.0.1
2025-07-05 12:24:53,677 - DEBUG - [MainThread] UM.Backend.Backend._onSocketError [260]: Socket was unable to bind to port, increasing port number to 49753
2025-07-05 12:24:53,677 - DEBUG - [MainThread] UM.Backend.Backend._createSocket [297]: Previous socket existed. Closing that first.
2025-07-05 12:24:53,679 - DEBUG - [MainThread] CuraEngineBackend.CuraEngineBackend._terminate [434]: Attempting to kill the engine process
2025-07-05 12:24:53,679 - DEBUG - [MainThread] UM.Backend.Backend._createSocket [297]: Previous socket existed. Closing that first.
2025-07-05 12:24:53,684 - DEBUG - [MainThread] UM.Backend.Backend._onSocketError [260]: Socket was unable to bind to port, increasing port number to 49754
2025-07-05 12:24:53,684 - DEBUG - [MainThread] UM.Backend.Backend._createSocket [297]: Previous socket existed. Closing that first.
2025-07-05 12:24:53,686 - DEBUG - [MainThread] CuraEngineBackend.CuraEngineBackend._terminate [434]: Attempting to kill the engine process
2025-07-05 12:24:53,687 - DEBUG - [MainThread] UM.Backend.Backend._createSocket [297]: Previous socket existed. Closing that first.
2025-07-05 12:24:53,695 - DEBUG - [MainThread] UM.Backend.Backend._onSocketError [260]: Socket was unable to bind to port, increasing port number to 49755
2025-07-05 12:24:53,696 - DEBUG - [MainThread] UM.Backend.Backend._createSocket [297]: Previous socket existed. Closing that first.
2025-07-05 12:24:53,697 - DEBUG - [MainThread] CuraEngineBackend.CuraEngineBackend._terminate [434]: Attempting to kill the engine process
2025-07-05 12:24:53,698 - DEBUG - [MainThread] UM.Backend.Backend._createSocket [297]: Previous socket existed. Closing that first.
2025-07-05 12:24:53,705 - INFO - [MainThread] UM.PluginRegistry.loadPlugin [540]: Loaded plugin VersionUpgrade32to33 1.0.1
2025-07-05 12:24:53,705 - DEBUG - [MainThread] UM.Backend.Backend._onSocketError [260]: Socket was unable to bind to port, increasing port number to 49756
2025-07-05 12:24:53,706 - DEBUG - [MainThread] UM.Backend.Backend._createSocket [297]: Previous socket existed. Closing that first.
2025-07-05 12:24:53,707 - DEBUG - [MainThread] CuraEngineBackend.CuraEngineBackend._terminate [434]: Attempting to kill the engine process
2025-07-05 12:24:53,707 - DEBUG - [MainThread] UM.Backend.Backend._createSocket [297]: Previous socket existed. Closing that first.
2025-07-05 12:24:53,711 - DEBUG - [MainThread] UM.Backend.Backend._onSocketError [260]: Socket was unable to bind to port, increasing port number to 49757
2025-07-05 12:24:53,711 - DEBUG - [MainThread] UM.Backend.Backend._createSocket [297]: Previous socket existed. Closing that first.
2025-07-05 12:24:53,713 - DEBUG - [MainThread] CuraEngineBackend.CuraEngineBackend._terminate [434]: Attempting to kill the engine process
2025-07-05 12:24:53,714 - DEBUG - [MainThread] UM.Backend.Backend._createSocket [297]: Previous socket existed. Closing that first.
2025-07-05 12:24:53,721 - DEBUG - [MainThread] UM.Backend.Backend._onSocketError [260]: Socket was unable to bind to port, increasing port number to 49758
2025-07-05 12:24:53,721 - DEBUG - [MainThread] UM.Backend.Backend._createSocket [297]: Previous socket existed. Closing that first.
2025-07-05 12:24:53,724 - DEBUG - [MainThread] CuraEngineBackend.CuraEngineBackend._terminate [434]: Attempting to kill the engine process
2025-07-05 12:24:53,724 - DEBUG - [MainThread] UM.Backend.Backend._createSocket [297]: Previous socket existed. Closing that first.
2025-07-05 12:24:53,730 - INFO - [MainThread] UM.PluginRegistry.loadPlugin [540]: Loaded plugin VersionUpgrade33to34 1.0.1
2025-07-05 12:24:53,731 - DEBUG - [MainThread] UM.Backend.Backend._onSocketError [260]: Socket was unable to bind to port, increasing port number to 49759
2025-07-05 12:24:53,731 - DEBUG - [MainThread] UM.Backend.Backend._createSocket [297]: Previous socket existed. Closing that first.
2025-07-05 12:24:53,733 - DEBUG - [MainThread] CuraEngineBackend.CuraEngineBackend._terminate [434]: Attempting to kill the engine process
2025-07-05 12:24:53,733 - DEBUG - [MainThread] UM.Backend.Backend._createSocket [297]: Previous socket existed. Closing that first.
2025-07-05 12:24:53,736 - DEBUG - [MainThread] UM.Backend.Backend._onSocketError [260]: Socket was unable to bind to port, increasing port number to 49760
2025-07-05 12:24:53,737 - DEBUG - [MainThread] UM.Backend.Backend._createSocket [297]: Previous socket existed. Closing that first.
2025-07-05 12:24:53,738 - DEBUG - [MainThread] CuraEngineBackend.CuraEngineBackend._terminate [434]: Attempting to kill the engine process
2025-07-05 12:24:53,739 - DEBUG - [MainThread] UM.Backend.Backend._createSocket [297]: Previous socket existed. Closing that first.
2025-07-05 12:24:53,750 - INFO - [MainThread] UM.PluginRegistry.loadPlugin [540]: Loaded plugin VersionUpgrade34to35 1.0.1
2025-07-05 12:24:53,751 - DEBUG - [MainThread] UM.Backend.Backend._onSocketError [260]: Socket was unable to bind to port, increasing port number to 49761
2025-07-05 12:24:53,751 - DEBUG - [MainThread] UM.Backend.Backend._createSocket [297]: Previous socket existed. Closing that first.
2025-07-05 12:24:53,753 - DEBUG - [MainThread] CuraEngineBackend.CuraEngineBackend._terminate [434]: Attempting to kill the engine process
2025-07-05 12:24:53,753 - DEBUG - [MainThread] UM.Backend.Backend._createSocket [297]: Previous socket existed. Closing that first.
2025-07-05 12:24:53,759 - DEBUG - [MainThread] UM.Backend.Backend._onSocketError [260]: Socket was unable to bind to port, increasing port number to 49762
2025-07-05 12:24:53,760 - DEBUG - [MainThread] UM.Backend.Backend._createSocket [297]: Previous socket existed. Closing that first.
2025-07-05 12:24:53,761 - DEBUG - [MainThread] CuraEngineBackend.CuraEngineBackend._terminate [434]: Attempting to kill the engine process
2025-07-05 12:24:53,762 - DEBUG - [MainThread] UM.Backend.Backend._createSocket [297]: Previous socket existed. Closing that first.
2025-07-05 12:24:53,771 - INFO - [MainThread] UM.PluginRegistry.loadPlugin [540]: Loaded plugin VersionUpgrade35to40 1.0.0
2025-07-05 12:24:53,772 - DEBUG - [MainThread] UM.Backend.Backend._onSocketError [260]: Socket was unable to bind to port, increasing port number to 49763
2025-07-05 12:24:53,773 - DEBUG - [MainThread] UM.Backend.Backend._createSocket [297]: Previous socket existed. Closing that first.
2025-07-05 12:24:53,775 - DEBUG - [MainThread] CuraEngineBackend.CuraEngineBackend._terminate [434]: Attempting to kill the engine process
2025-07-05 12:24:53,776 - DEBUG - [MainThread] UM.Backend.Backend._createSocket [297]: Previous socket existed. Closing that first.
2025-07-05 12:24:53,780 - DEBUG - [MainThread] UM.Backend.Backend._onSocketError [260]: Socket was unable to bind to port, increasing port number to 49764
2025-07-05 12:24:53,780 - DEBUG - [MainThread] UM.Backend.Backend._createSocket [297]: Previous socket existed. Closing that first.
2025-07-05 12:24:53,782 - DEBUG - [MainThread] CuraEngineBackend.CuraEngineBackend._terminate [434]: Attempting to kill the engine process
2025-07-05 12:24:53,783 - DEBUG - [MainThread] UM.Backend.Backend._createSocket [297]: Previous socket existed. Closing that first.
2025-07-05 12:24:53,793 - INFO - [MainThread] UM.PluginRegistry.loadPlugin [540]: Loaded plugin VersionUpgrade40to41 1.0.1
2025-07-05 12:24:53,794 - DEBUG - [MainThread] UM.Backend.Backend._onSocketError [260]: Socket was unable to bind to port, increasing port number to 49765
2025-07-05 12:24:53,794 - DEBUG - [MainThread] UM.Backend.Backend._createSocket [297]: Previous socket existed. Closing that first.
2025-07-05 12:24:53,796 - DEBUG - [MainThread] CuraEngineBackend.CuraEngineBackend._terminate [434]: Attempting to kill the engine process
2025-07-05 12:24:53,797 - DEBUG - [MainThread] UM.Backend.Backend._createSocket [297]: Previous socket existed. Closing that first.
2025-07-05 12:24:53,799 - DEBUG - [MainThread] UM.Backend.Backend._onSocketError [260]: Socket was unable to bind to port, increasing port number to 49766
2025-07-05 12:24:53,799 - DEBUG - [MainThread] UM.Backend.Backend._createSocket [297]: Previous socket existed. Closing that first.
2025-07-05 12:24:53,801 - DEBUG - [MainThread] CuraEngineBackend.CuraEngineBackend._terminate [434]: Attempting to kill the engine process
2025-07-05 12:24:53,801 - DEBUG - [MainThread] UM.Backend.Backend._createSocket [297]: Previous socket existed. Closing that first.
2025-07-05 12:24:53,812 - INFO - [MainThread] UM.PluginRegistry.loadPlugin [540]: Loaded plugin VersionUpgrade411to412 1.0.0
2025-07-05 12:24:53,813 - DEBUG - [MainThread] UM.Backend.Backend._onSocketError [260]: Socket was unable to bind to port, increasing port number to 49767
2025-07-05 12:24:53,813 - DEBUG - [MainThread] UM.Backend.Backend._createSocket [297]: Previous socket existed. Closing that first.
2025-07-05 12:24:53,816 - DEBUG - [MainThread] CuraEngineBackend.CuraEngineBackend._terminate [434]: Attempting to kill the engine process
2025-07-05 12:24:53,816 - DEBUG - [MainThread] UM.Backend.Backend._createSocket [297]: Previous socket existed. Closing that first.
2025-07-05 12:24:53,821 - DEBUG - [MainThread] UM.Backend.Backend._onSocketError [260]: Socket was unable to bind to port, increasing port number to 49768
2025-07-05 12:24:53,822 - DEBUG - [MainThread] UM.Backend.Backend._createSocket [297]: Previous socket existed. Closing that first.
2025-07-05 12:24:53,824 - DEBUG - [MainThread] CuraEngineBackend.CuraEngineBackend._terminate [434]: Attempting to kill the engine process
2025-07-05 12:24:53,825 - DEBUG - [MainThread] UM.Backend.Backend._createSocket [297]: Previous socket existed. Closing that first.
2025-07-05 12:24:53,834 - INFO - [MainThread] UM.PluginRegistry.loadPlugin [540]: Loaded plugin VersionUpgrade413to50 1.0.0
2025-07-05 12:24:53,835 - DEBUG - [MainThread] UM.Backend.Backend._onSocketError [260]: Socket was unable to bind to port, increasing port number to 49769
2025-07-05 12:24:53,836 - DEBUG - [MainThread] UM.Backend.Backend._createSocket [297]: Previous socket existed. Closing that first.
2025-07-05 12:24:53,838 - DEBUG - [MainThread] CuraEngineBackend.CuraEngineBackend._terminate [434]: Attempting to kill the engine process
2025-07-05 12:24:53,838 - DEBUG - [MainThread] UM.Backend.Backend._createSocket [297]: Previous socket existed. Closing that first.
2025-07-05 12:24:53,841 - DEBUG - [MainThread] UM.Backend.Backend._onSocketError [260]: Socket was unable to bind to port, increasing port number to 49770
2025-07-05 12:24:53,842 - DEBUG - [MainThread] UM.Backend.Backend._createSocket [297]: Previous socket existed. Closing that first.
2025-07-05 12:24:53,843 - DEBUG - [MainThread] CuraEngineBackend.CuraEngineBackend._terminate [434]: Attempting to kill the engine process
2025-07-05 12:24:53,844 - DEBUG - [MainThread] UM.Backend.Backend._createSocket [297]: Previous socket existed. Closing that first.
2025-07-05 12:24:53,854 - INFO - [MainThread] UM.PluginRegistry.loadPlugin [540]: Loaded plugin VersionUpgrade41to42 1.0.0
2025-07-05 12:24:53,855 - DEBUG - [MainThread] UM.Backend.Backend._onSocketError [260]: Socket was unable to bind to port, increasing port number to 49771
2025-07-05 12:24:53,855 - DEBUG - [MainThread] UM.Backend.Backend._createSocket [297]: Previous socket existed. Closing that first.
2025-07-05 12:24:53,857 - DEBUG - [MainThread] CuraEngineBackend.CuraEngineBackend._terminate [434]: Attempting to kill the engine process
2025-07-05 12:24:53,857 - DEBUG - [MainThread] UM.Backend.Backend._createSocket [297]: Previous socket existed. Closing that first.
2025-07-05 12:24:53,860 - DEBUG - [MainThread] UM.Backend.Backend._onSocketError [260]: Socket was unable to bind to port, increasing port number to 49772
2025-07-05 12:24:53,860 - DEBUG - [MainThread] UM.Backend.Backend._createSocket [297]: Previous socket existed. Closing that first.
2025-07-05 12:24:53,862 - DEBUG - [MainThread] CuraEngineBackend.CuraEngineBackend._terminate [434]: Attempting to kill the engine process
2025-07-05 12:24:53,863 - DEBUG - [MainThread] UM.Backend.Backend._createSocket [297]: Previous socket existed. Closing that first.
2025-07-05 12:24:53,874 - INFO - [MainThread] UM.PluginRegistry.loadPlugin [540]: Loaded plugin VersionUpgrade42to43 1.0.0
2025-07-05 12:24:53,874 - DEBUG - [MainThread] UM.Backend.Backend._onSocketError [260]: Socket was unable to bind to port, increasing port number to 49773
2025-07-05 12:24:53,875 - DEBUG - [MainThread] UM.Backend.Backend._createSocket [297]: Previous socket existed. Closing that first.
2025-07-05 12:24:53,877 - DEBUG - [MainThread] CuraEngineBackend.CuraEngineBackend._terminate [434]: Attempting to kill the engine process
2025-07-05 12:24:53,877 - DEBUG - [MainThread] UM.Backend.Backend._createSocket [297]: Previous socket existed. Closing that first.
2025-07-05 12:24:53,882 - DEBUG - [MainThread] UM.Backend.Backend._onSocketError [260]: Socket was unable to bind to port, increasing port number to 49774
2025-07-05 12:24:53,883 - DEBUG - [MainThread] UM.Backend.Backend._createSocket [297]: Previous socket existed. Closing that first.
2025-07-05 12:24:53,884 - DEBUG - [MainThread] CuraEngineBackend.CuraEngineBackend._terminate [434]: Attempting to kill the engine process
2025-07-05 12:24:53,886 - DEBUG - [MainThread] UM.Backend.Backend._createSocket [297]: Previous socket existed. Closing that first.
2025-07-05 12:24:53,894 - INFO - [MainThread] UM.PluginRegistry.loadPlugin [540]: Loaded plugin VersionUpgrade43to44 1.0.0
2025-07-05 12:24:53,895 - DEBUG - [MainThread] UM.Backend.Backend._onSocketError [260]: Socket was unable to bind to port, increasing port number to 49775
2025-07-05 12:24:53,895 - DEBUG - [MainThread] UM.Backend.Backend._createSocket [297]: Previous socket existed. Closing that first.
2025-07-05 12:24:53,896 - DEBUG - [MainThread] CuraEngineBackend.CuraEngineBackend._terminate [434]: Attempting to kill the engine process
2025-07-05 12:24:53,898 - DEBUG - [MainThread] UM.Backend.Backend._createSocket [297]: Previous socket existed. Closing that first.
2025-07-05 12:24:53,902 - DEBUG - [MainThread] UM.Backend.Backend._onSocketError [260]: Socket was unable to bind to port, increasing port number to 49776
2025-07-05 12:24:53,902 - DEBUG - [MainThread] UM.Backend.Backend._createSocket [297]: Previous socket existed. Closing that first.
2025-07-05 12:24:53,904 - DEBUG - [MainThread] CuraEngineBackend.CuraEngineBackend._terminate [434]: Attempting to kill the engine process
2025-07-05 12:24:53,905 - DEBUG - [MainThread] UM.Backend.Backend._createSocket [297]: Previous socket existed. Closing that first.
2025-07-05 12:24:53,915 - INFO - [MainThread] UM.PluginRegistry.loadPlugin [540]: Loaded plugin VersionUpgrade44to45 1.0.0
2025-07-05 12:24:53,916 - DEBUG - [MainThread] UM.Backend.Backend._onSocketError [260]: Socket was unable to bind to port, increasing port number to 49777
2025-07-05 12:24:53,916 - DEBUG - [MainThread] UM.Backend.Backend._createSocket [297]: Previous socket existed. Closing that first.
2025-07-05 12:24:53,918 - DEBUG - [MainThread] CuraEngineBackend.CuraEngineBackend._terminate [434]: Attempting to kill the engine process
2025-07-05 12:24:53,918 - DEBUG - [MainThread] UM.Backend.Backend._createSocket [297]: Previous socket existed. Closing that first.
2025-07-05 12:24:53,921 - DEBUG - [MainThread] UM.Backend.Backend._onSocketError [260]: Socket was unable to bind to port, increasing port number to 49778
2025-07-05 12:24:53,922 - DEBUG - [MainThread] UM.Backend.Backend._createSocket [297]: Previous socket existed. Closing that first.
2025-07-05 12:24:53,923 - DEBUG - [MainThread] CuraEngineBackend.CuraEngineBackend._terminate [434]: Attempting to kill the engine process
2025-07-05 12:24:53,925 - DEBUG - [MainThread] UM.Backend.Backend._createSocket [297]: Previous socket existed. Closing that first.
2025-07-05 12:24:53,935 - INFO - [MainThread] UM.PluginRegistry.loadPlugin [540]: Loaded plugin VersionUpgrade45to46 1.0.0
2025-07-05 12:24:53,936 - DEBUG - [MainThread] UM.Backend.Backend._onSocketError [260]: Socket was unable to bind to port, increasing port number to 49779
2025-07-05 12:24:53,936 - DEBUG - [MainThread] UM.Backend.Backend._createSocket [297]: Previous socket existed. Closing that first.
2025-07-05 12:24:53,938 - DEBUG - [MainThread] CuraEngineBackend.CuraEngineBackend._terminate [434]: Attempting to kill the engine process
2025-07-05 12:24:53,939 - DEBUG - [MainThread] UM.Backend.Backend._createSocket [297]: Previous socket existed. Closing that first.
2025-07-05 12:24:53,944 - DEBUG - [MainThread] UM.Backend.Backend._onSocketError [260]: Socket was unable to bind to port, increasing port number to 49780
2025-07-05 12:24:53,945 - DEBUG - [MainThread] UM.Backend.Backend._createSocket [297]: Previous socket existed. Closing that first.
2025-07-05 12:24:53,947 - DEBUG - [MainThread] CuraEngineBackend.CuraEngineBackend._terminate [434]: Attempting to kill the engine process
2025-07-05 12:24:53,947 - DEBUG - [MainThread] UM.Backend.Backend._createSocket [297]: Previous socket existed. Closing that first.
2025-07-05 12:24:53,958 - INFO - [MainThread] UM.PluginRegistry.loadPlugin [540]: Loaded plugin VersionUpgrade460to462 1.0.0
2025-07-05 12:24:53,959 - DEBUG - [MainThread] UM.Backend.Backend._onSocketError [260]: Socket was unable to bind to port, increasing port number to 49781
2025-07-05 12:24:53,959 - DEBUG - [MainThread] UM.Backend.Backend._createSocket [297]: Previous socket existed. Closing that first.
2025-07-05 12:24:53,960 - DEBUG - [MainThread] CuraEngineBackend.CuraEngineBackend._terminate [434]: Attempting to kill the engine process
2025-07-05 12:24:53,961 - DEBUG - [MainThread] UM.Backend.Backend._createSocket [297]: Previous socket existed. Closing that first.
2025-07-05 12:24:53,965 - DEBUG - [MainThread] UM.Backend.Backend._onSocketError [260]: Socket was unable to bind to port, increasing port number to 49782
2025-07-05 12:24:53,966 - DEBUG - [MainThread] UM.Backend.Backend._createSocket [297]: Previous socket existed. Closing that first.
2025-07-05 12:24:53,969 - DEBUG - [MainThread] CuraEngineBackend.CuraEngineBackend._terminate [434]: Attempting to kill the engine process
2025-07-05 12:24:53,969 - DEBUG - [MainThread] UM.Backend.Backend._createSocket [297]: Previous socket existed. Closing that first.
2025-07-05 12:24:53,979 - INFO - [MainThread] UM.PluginRegistry.loadPlugin [540]: Loaded plugin VersionUpgrade462to47 1.0.0
2025-07-05 12:24:53,980 - DEBUG - [MainThread] UM.Backend.Backend._onSocketError [260]: Socket was unable to bind to port, increasing port number to 49783
2025-07-05 12:24:53,980 - DEBUG - [MainThread] UM.Backend.Backend._createSocket [297]: Previous socket existed. Closing that first.
2025-07-05 12:24:53,982 - DEBUG - [MainThread] CuraEngineBackend.CuraEngineBackend._terminate [434]: Attempting to kill the engine process
2025-07-05 12:24:53,982 - DEBUG - [MainThread] UM.Backend.Backend._createSocket [297]: Previous socket existed. Closing that first.
2025-07-05 12:24:53,985 - DEBUG - [MainThread] UM.Backend.Backend._onSocketError [260]: Socket was unable to bind to port, increasing port number to 49784
2025-07-05 12:24:53,986 - DEBUG - [MainThread] UM.Backend.Backend._createSocket [297]: Previous socket existed. Closing that first.
2025-07-05 12:24:53,988 - DEBUG - [MainThread] CuraEngineBackend.CuraEngineBackend._terminate [434]: Attempting to kill the engine process
2025-07-05 12:24:53,988 - DEBUG - [MainThread] UM.Backend.Backend._createSocket [297]: Previous socket existed. Closing that first.
2025-07-05 12:24:53,998 - INFO - [MainThread] UM.PluginRegistry.loadPlugin [540]: Loaded plugin VersionUpgrade47to48 1.0.0
2025-07-05 12:24:53,998 - DEBUG - [MainThread] UM.Backend.Backend._onSocketError [260]: Socket was unable to bind to port, increasing port number to 49785
2025-07-05 12:24:53,999 - DEBUG - [MainThread] UM.Backend.Backend._createSocket [297]: Previous socket existed. Closing that first.
2025-07-05 12:24:54,001 - DEBUG - [MainThread] CuraEngineBackend.CuraEngineBackend._terminate [434]: Attempting to kill the engine process
2025-07-05 12:24:54,002 - DEBUG - [MainThread] UM.Backend.Backend._createSocket [297]: Previous socket existed. Closing that first.
2025-07-05 12:24:54,007 - DEBUG - [MainThread] UM.Backend.Backend._onSocketError [260]: Socket was unable to bind to port, increasing port number to 49786
2025-07-05 12:24:54,008 - DEBUG - [MainThread] UM.Backend.Backend._createSocket [297]: Previous socket existed. Closing that first.
2025-07-05 12:24:54,010 - DEBUG - [MainThread] CuraEngineBackend.CuraEngineBackend._terminate [434]: Attempting to kill the engine process
2025-07-05 12:24:54,011 - DEBUG - [MainThread] UM.Backend.Backend._createSocket [297]: Previous socket existed. Closing that first.
2025-07-05 12:24:54,020 - INFO - [MainThread] UM.PluginRegistry.loadPlugin [540]: Loaded plugin VersionUpgrade48to49 1.0.0
2025-07-05 12:24:54,021 - DEBUG - [MainThread] UM.Backend.Backend._onSocketError [260]: Socket was unable to bind to port, increasing port number to 49787
2025-07-05 12:24:54,021 - DEBUG - [MainThread] UM.Backend.Backend._createSocket [297]: Previous socket existed. Closing that first.
2025-07-05 12:24:54,023 - DEBUG - [MainThread] CuraEngineBackend.CuraEngineBackend._terminate [434]: Attempting to kill the engine process
2025-07-05 12:24:54,023 - DEBUG - [MainThread] UM.Backend.Backend._createSocket [297]: Previous socket existed. Closing that first.
2025-07-05 12:24:54,027 - DEBUG - [MainThread] UM.Backend.Backend._onSocketError [260]: Socket was unable to bind to port, increasing port number to 49788
2025-07-05 12:24:54,027 - DEBUG - [MainThread] UM.Backend.Backend._createSocket [297]: Previous socket existed. Closing that first.
2025-07-05 12:24:54,030 - DEBUG - [MainThread] CuraEngineBackend.CuraEngineBackend._terminate [434]: Attempting to kill the engine process
2025-07-05 12:24:54,030 - DEBUG - [MainThread] UM.Backend.Backend._createSocket [297]: Previous socket existed. Closing that first.
2025-07-05 12:24:54,040 - INFO - [MainThread] UM.PluginRegistry.loadPlugin [540]: Loaded plugin VersionUpgrade49to410 1.0.0
2025-07-05 12:24:54,040 - DEBUG - [MainThread] UM.Backend.Backend._onSocketError [260]: Socket was unable to bind to port, increasing port number to 49789
2025-07-05 12:24:54,041 - DEBUG - [MainThread] UM.Backend.Backend._createSocket [297]: Previous socket existed. Closing that first.
2025-07-05 12:24:54,042 - DEBUG - [MainThread] CuraEngineBackend.CuraEngineBackend._terminate [434]: Attempting to kill the engine process
2025-07-05 12:24:54,043 - DEBUG - [MainThread] UM.Backend.Backend._createSocket [297]: Previous socket existed. Closing that first.
2025-07-05 12:24:54,046 - DEBUG - [MainThread] UM.Backend.Backend._onSocketError [260]: Socket was unable to bind to port, increasing port number to 49790
2025-07-05 12:24:54,046 - DEBUG - [MainThread] UM.Backend.Backend._createSocket [297]: Previous socket existed. Closing that first.
2025-07-05 12:24:54,047 - DEBUG - [MainThread] CuraEngineBackend.CuraEngineBackend._terminate [434]: Attempting to kill the engine process
2025-07-05 12:24:54,048 - DEBUG - [MainThread] UM.Backend.Backend._createSocket [297]: Previous socket existed. Closing that first.
2025-07-05 12:24:54,061 - INFO - [MainThread] UM.PluginRegistry.loadPlugin [540]: Loaded plugin VersionUpgrade52to53 1.0.0
2025-07-05 12:24:54,061 - DEBUG - [MainThread] UM.Backend.Backend._onSocketError [260]: Socket was unable to bind to port, increasing port number to 49791
2025-07-05 12:24:54,061 - DEBUG - [MainThread] UM.Backend.Backend._createSocket [297]: Previous socket existed. Closing that first.
2025-07-05 12:24:54,064 - DEBUG - [MainThread] CuraEngineBackend.CuraEngineBackend._terminate [434]: Attempting to kill the engine process
2025-07-05 12:24:54,064 - DEBUG - [MainThread] UM.Backend.Backend._createSocket [297]: Previous socket existed. Closing that first.
2025-07-05 12:24:54,071 - DEBUG - [MainThread] UM.Backend.Backend._onSocketError [260]: Socket was unable to bind to port, increasing port number to 49792
2025-07-05 12:24:54,071 - DEBUG - [MainThread] UM.Backend.Backend._createSocket [297]: Previous socket existed. Closing that first.
2025-07-05 12:24:54,074 - DEBUG - [MainThread] CuraEngineBackend.CuraEngineBackend._terminate [434]: Attempting to kill the engine process
2025-07-05 12:24:54,075 - DEBUG - [MainThread] UM.Backend.Backend._createSocket [297]: Previous socket existed. Closing that first.
2025-07-05 12:24:54,083 - INFO - [MainThread] UM.PluginRegistry.loadPlugin [540]: Loaded plugin VersionUpgrade53to54 1.0.0
2025-07-05 12:24:54,083 - DEBUG - [MainThread] UM.Backend.Backend._onSocketError [260]: Socket was unable to bind to port, increasing port number to 49793
2025-07-05 12:24:54,083 - DEBUG - [MainThread] UM.Backend.Backend._createSocket [297]: Previous socket existed. Closing that first.
2025-07-05 12:24:54,086 - DEBUG - [MainThread] CuraEngineBackend.CuraEngineBackend._terminate [434]: Attempting to kill the engine process
2025-07-05 12:24:54,087 - DEBUG - [MainThread] UM.Backend.Backend._createSocket [297]: Previous socket existed. Closing that first.
2025-07-05 12:24:54,091 - DEBUG - [MainThread] UM.Backend.Backend._onSocketError [260]: Socket was unable to bind to port, increasing port number to 49794
2025-07-05 12:24:54,091 - DEBUG - [MainThread] UM.Backend.Backend._createSocket [297]: Previous socket existed. Closing that first.
2025-07-05 12:24:54,094 - DEBUG - [MainThread] CuraEngineBackend.CuraEngineBackend._terminate [434]: Attempting to kill the engine process
2025-07-05 12:24:54,094 - DEBUG - [MainThread] UM.Backend.Backend._createSocket [297]: Previous socket existed. Closing that first.
2025-07-05 12:24:54,103 - INFO - [MainThread] UM.PluginRegistry.loadPlugin [540]: Loaded plugin VersionUpgrade54to55 1.0.0
2025-07-05 12:24:54,104 - DEBUG - [MainThread] UM.Backend.Backend._onSocketError [260]: Socket was unable to bind to port, increasing port number to 49795
2025-07-05 12:24:54,104 - DEBUG - [MainThread] UM.Backend.Backend._createSocket [297]: Previous socket existed. Closing that first.
2025-07-05 12:24:54,106 - DEBUG - [MainThread] CuraEngineBackend.CuraEngineBackend._terminate [434]: Attempting to kill the engine process
2025-07-05 12:24:54,107 - DEBUG - [MainThread] UM.Backend.Backend._createSocket [297]: Previous socket existed. Closing that first.
2025-07-05 12:24:54,110 - DEBUG - [MainThread] UM.Backend.Backend._onSocketError [260]: Socket was unable to bind to port, increasing port number to 49796
2025-07-05 12:24:54,110 - DEBUG - [MainThread] UM.Backend.Backend._createSocket [297]: Previous socket existed. Closing that first.
2025-07-05 12:24:54,111 - DEBUG - [MainThread] CuraEngineBackend.CuraEngineBackend._terminate [434]: Attempting to kill the engine process
2025-07-05 12:24:54,112 - DEBUG - [MainThread] UM.Backend.Backend._createSocket [297]: Previous socket existed. Closing that first.
2025-07-05 12:24:54,124 - INFO - [MainThread] UM.PluginRegistry.loadPlugin [540]: Loaded plugin VersionUpgrade56to57 1.0.0
2025-07-05 12:24:54,124 - DEBUG - [MainThread] UM.Backend.Backend._onSocketError [260]: Socket was unable to bind to port, increasing port number to 49797
2025-07-05 12:24:54,124 - DEBUG - [MainThread] UM.Backend.Backend._createSocket [297]: Previous socket existed. Closing that first.
2025-07-05 12:24:54,126 - DEBUG - [MainThread] CuraEngineBackend.CuraEngineBackend._terminate [434]: Attempting to kill the engine process
2025-07-05 12:24:54,127 - DEBUG - [MainThread] UM.Backend.Backend._createSocket [297]: Previous socket existed. Closing that first.
2025-07-05 12:24:54,132 - DEBUG - [MainThread] UM.Backend.Backend._onSocketError [260]: Socket was unable to bind to port, increasing port number to 49798
2025-07-05 12:24:54,133 - DEBUG - [MainThread] UM.Backend.Backend._createSocket [297]: Previous socket existed. Closing that first.
2025-07-05 12:24:54,135 - DEBUG - [MainThread] CuraEngineBackend.CuraEngineBackend._terminate [434]: Attempting to kill the engine process
2025-07-05 12:24:54,136 - DEBUG - [MainThread] UM.Backend.Backend._createSocket [297]: Previous socket existed. Closing that first.
2025-07-05 12:24:54,145 - INFO - [MainThread] UM.PluginRegistry.loadPlugin [540]: Loaded plugin VersionUpgrade58to59 1.0.0
2025-07-05 12:24:54,146 - DEBUG - [MainThread] UM.Backend.Backend._onSocketError [260]: Socket was unable to bind to port, increasing port number to 49799
2025-07-05 12:24:54,146 - DEBUG - [MainThread] UM.Backend.Backend._createSocket [297]: Previous socket existed. Closing that first.
2025-07-05 12:24:54,148 - DEBUG - [MainThread] CuraEngineBackend.CuraEngineBackend._terminate [434]: Attempting to kill the engine process
2025-07-05 12:24:54,149 - DEBUG - [MainThread] UM.Backend.Backend._createSocket [297]: Previous socket existed. Closing that first.
2025-07-05 12:24:54,152 - DEBUG - [MainThread] UM.Backend.Backend._onSocketError [260]: Socket was unable to bind to port, increasing port number to 49800
2025-07-05 12:24:54,153 - DEBUG - [MainThread] UM.Backend.Backend._createSocket [297]: Previous socket existed. Closing that first.
2025-07-05 12:24:54,155 - DEBUG - [MainThread] CuraEngineBackend.CuraEngineBackend._terminate [434]: Attempting to kill the engine process
2025-07-05 12:24:54,156 - DEBUG - [MainThread] UM.Backend.Backend._createSocket [297]: Previous socket existed. Closing that first.
2025-07-05 12:24:54,165 - INFO - [MainThread] UM.PluginRegistry.loadPlugin [540]: Loaded plugin VersionUpgrade59to510 1.0.0
2025-07-05 12:24:54,165 - DEBUG - [MainThread] UM.Backend.Backend._onSocketError [260]: Socket was unable to bind to port, increasing port number to 49801
2025-07-05 12:24:54,166 - DEBUG - [MainThread] UM.Backend.Backend._createSocket [297]: Previous socket existed. Closing that first.
2025-07-05 12:24:54,168 - DEBUG - [MainThread] CuraEngineBackend.CuraEngineBackend._terminate [434]: Attempting to kill the engine process
2025-07-05 12:24:54,168 - DEBUG - [MainThread] UM.Backend.Backend._createSocket [297]: Previous socket existed. Closing that first.
2025-07-05 12:24:54,172 - DEBUG - [MainThread] UM.Backend.Backend._onSocketError [260]: Socket was unable to bind to port, increasing port number to 49802
2025-07-05 12:24:54,172 - DEBUG - [MainThread] UM.Backend.Backend._createSocket [297]: Previous socket existed. Closing that first.
2025-07-05 12:24:54,173 - DEBUG - [MainThread] CuraEngineBackend.CuraEngineBackend._terminate [434]: Attempting to kill the engine process
2025-07-05 12:24:54,174 - DEBUG - [MainThread] UM.Backend.Backend._createSocket [297]: Previous socket existed. Closing that first.
2025-07-05 12:24:54,193 - INFO - [MainThread] UM.PluginRegistry.loadPlugin [540]: Loaded plugin X3DReader 1.0.1
2025-07-05 12:24:54,193 - DEBUG - [MainThread] UM.Backend.Backend._onSocketError [260]: Socket was unable to bind to port, increasing port number to 49803
2025-07-05 12:24:54,193 - DEBUG - [MainThread] UM.Backend.Backend._createSocket [297]: Previous socket existed. Closing that first.
2025-07-05 12:24:54,195 - DEBUG - [MainThread] CuraEngineBackend.CuraEngineBackend._terminate [434]: Attempting to kill the engine process
2025-07-05 12:24:54,196 - DEBUG - [MainThread] UM.Backend.Backend._createSocket [297]: Previous socket existed. Closing that first.
2025-07-05 12:24:54,202 - DEBUG - [MainThread] UM.Backend.Backend._onSocketError [260]: Socket was unable to bind to port, increasing port number to 49804
2025-07-05 12:24:54,202 - DEBUG - [MainThread] UM.Backend.Backend._createSocket [297]: Previous socket existed. Closing that first.
2025-07-05 12:24:54,203 - DEBUG - [MainThread] CuraEngineBackend.CuraEngineBackend._terminate [434]: Attempting to kill the engine process
2025-07-05 12:24:54,204 - DEBUG - [MainThread] UM.Backend.Backend._createSocket [297]: Previous socket existed. Closing that first.
2025-07-05 12:24:54,225 - INFO - [MainThread] UM.PluginRegistry.loadPlugin [540]: Loaded plugin XmlMaterialProfile 1.0.1
2025-07-05 12:24:54,226 - DEBUG - [MainThread] UM.Backend.Backend._onSocketError [260]: Socket was unable to bind to port, increasing port number to 49805
2025-07-05 12:24:54,226 - DEBUG - [MainThread] UM.Backend.Backend._createSocket [297]: Previous socket existed. Closing that first.
2025-07-05 12:24:54,228 - DEBUG - [MainThread] CuraEngineBackend.CuraEngineBackend._terminate [434]: Attempting to kill the engine process
2025-07-05 12:24:54,229 - DEBUG - [MainThread] UM.Backend.Backend._createSocket [297]: Previous socket existed. Closing that first.
2025-07-05 12:24:54,232 - DEBUG - [MainThread] UM.Backend.Backend._onSocketError [260]: Socket was unable to bind to port, increasing port number to 49806
2025-07-05 12:24:54,233 - DEBUG - [MainThread] UM.Backend.Backend._createSocket [297]: Previous socket existed. Closing that first.
2025-07-05 12:24:54,234 - DEBUG - [MainThread] CuraEngineBackend.CuraEngineBackend._terminate [434]: Attempting to kill the engine process
2025-07-05 12:24:54,235 - DEBUG - [MainThread] UM.Backend.Backend._createSocket [297]: Previous socket existed. Closing that first.
2025-07-05 12:24:54,244 - INFO - [MainThread] UM.PluginRegistry.loadPlugin [540]: Loaded plugin XRayView 1.0.1
2025-07-05 12:24:54,245 - DEBUG - [MainThread] UM.Backend.Backend._onSocketError [260]: Socket was unable to bind to port, increasing port number to 49807
2025-07-05 12:24:54,245 - DEBUG - [MainThread] UM.Backend.Backend._createSocket [297]: Previous socket existed. Closing that first.
2025-07-05 12:24:54,247 - DEBUG - [MainThread] CuraEngineBackend.CuraEngineBackend._terminate [434]: Attempting to kill the engine process
2025-07-05 12:24:54,248 - DEBUG - [MainThread] UM.Backend.Backend._createSocket [297]: Previous socket existed. Closing that first.
2025-07-05 12:24:54,255 - DEBUG - [MainThread] UM.Backend.Backend._onSocketError [260]: Socket was unable to bind to port, increasing port number to 49808
2025-07-05 12:24:54,255 - DEBUG - [MainThread] UM.Backend.Backend._createSocket [297]: Previous socket existed. Closing that first.
2025-07-05 12:24:54,258 - DEBUG - [MainThread] CuraEngineBackend.CuraEngineBackend._terminate [434]: Attempting to kill the engine process
2025-07-05 12:24:54,258 - DEBUG - [MainThread] UM.Backend.Backend._createSocket [297]: Previous socket existed. Closing that first.
2025-07-05 12:24:54,343 - DEBUG - [MainThread] ArcWelderPlugin.ArcWelderPlugin.__init__ [77]: Using ArcWelder 1.2.0
2025-07-05 12:24:54,344 - INFO - [MainThread] UM.PluginRegistry.loadPlugin [540]: Loaded plugin ArcWelderPlugin 3.6.0
2025-07-05 12:24:54,345 - DEBUG - [MainThread] UM.Backend.Backend._onSocketError [260]: Socket was unable to bind to port, increasing port number to 49809
2025-07-05 12:24:54,345 - DEBUG - [MainThread] UM.Backend.Backend._createSocket [297]: Previous socket existed. Closing that first.
2025-07-05 12:24:54,347 - DEBUG - [MainThread] CuraEngineBackend.CuraEngineBackend._terminate [434]: Attempting to kill the engine process
2025-07-05 12:24:54,348 - DEBUG - [MainThread] UM.Backend.Backend._createSocket [297]: Previous socket existed. Closing that first.
2025-07-05 12:24:54,353 - DEBUG - [MainThread] UM.Backend.Backend._onSocketError [260]: Socket was unable to bind to port, increasing port number to 49810
2025-07-05 12:24:54,354 - DEBUG - [MainThread] UM.Backend.Backend._createSocket [297]: Previous socket existed. Closing that first.
2025-07-05 12:24:54,355 - DEBUG - [MainThread] CuraEngineBackend.CuraEngineBackend._terminate [434]: Attempting to kill the engine process
2025-07-05 12:24:54,357 - DEBUG - [MainThread] UM.Backend.Backend._createSocket [297]: Previous socket existed. Closing that first.
2025-07-05 12:24:54,417 - DEBUG - [MainThread] cura.TaskManagement.OnExitCallbackManager.addCallback [31]: on-app-exit callback [<bound method AutoTowersGenerator._onExitCallback of <AutoTowersGenerator.AutoTowersGenerator.AutoTowersGenerator object at 0x000001978FFB98B0>>] added.
2025-07-05 12:24:54,418 - INFO - [MainThread] UM.PluginRegistry.loadPlugin [540]: Loaded plugin AutoTowersGenerator 2.7.2
2025-07-05 12:24:54,418 - DEBUG - [MainThread] UM.Backend.Backend._onSocketError [260]: Socket was unable to bind to port, increasing port number to 49811
2025-07-05 12:24:54,419 - DEBUG - [MainThread] UM.Backend.Backend._createSocket [297]: Previous socket existed. Closing that first.
2025-07-05 12:24:54,420 - DEBUG - [MainThread] CuraEngineBackend.CuraEngineBackend._terminate [434]: Attempting to kill the engine process
2025-07-05 12:24:54,422 - DEBUG - [MainThread] UM.Backend.Backend._createSocket [297]: Previous socket existed. Closing that first.
2025-07-05 12:24:54,427 - DEBUG - [MainThread] UM.Backend.Backend._onSocketError [260]: Socket was unable to bind to port, increasing port number to 49812
2025-07-05 12:24:54,429 - DEBUG - [MainThread] UM.Backend.Backend._createSocket [297]: Previous socket existed. Closing that first.
2025-07-05 12:24:54,430 - DEBUG - [MainThread] CuraEngineBackend.CuraEngineBackend._terminate [434]: Attempting to kill the engine process
2025-07-05 12:24:54,432 - DEBUG - [MainThread] UM.Backend.Backend._createSocket [297]: Previous socket existed. Closing that first.
2025-07-05 12:24:54,437 - DEBUG - [MainThread] UM.Backend.Backend._onSocketError [260]: Socket was unable to bind to port, increasing port number to 49813
2025-07-05 12:24:54,438 - DEBUG - [MainThread] UM.Backend.Backend._createSocket [297]: Previous socket existed. Closing that first.
2025-07-05 12:24:54,440 - DEBUG - [MainThread] CuraEngineBackend.CuraEngineBackend._terminate [434]: Attempting to kill the engine process
2025-07-05 12:24:54,441 - DEBUG - [MainThread] UM.Backend.Backend._createSocket [297]: Previous socket existed. Closing that first.
2025-07-05 12:24:54,462 - INFO - [MainThread] UM.PluginRegistry.loadPlugin [540]: Loaded plugin CalibrationShapesReborn 1.2.0
2025-07-05 12:24:54,463 - DEBUG - [MainThread] UM.Backend.Backend._onSocketError [260]: Socket was unable to bind to port, increasing port number to 49814
2025-07-05 12:24:54,463 - DEBUG - [MainThread] UM.Backend.Backend._createSocket [297]: Previous socket existed. Closing that first.
2025-07-05 12:24:54,464 - DEBUG - [MainThread] CuraEngineBackend.CuraEngineBackend._terminate [434]: Attempting to kill the engine process
2025-07-05 12:24:54,465 - DEBUG - [MainThread] UM.Backend.Backend._createSocket [297]: Previous socket existed. Closing that first.
2025-07-05 12:24:54,469 - DEBUG - [MainThread] UM.Backend.Backend._onSocketError [260]: Socket was unable to bind to port, increasing port number to 49815
2025-07-05 12:24:54,470 - DEBUG - [MainThread] UM.Backend.Backend._createSocket [297]: Previous socket existed. Closing that first.
2025-07-05 12:24:54,471 - DEBUG - [MainThread] CuraEngineBackend.CuraEngineBackend._terminate [434]: Attempting to kill the engine process
2025-07-05 12:24:54,472 - DEBUG - [MainThread] UM.Backend.Backend._createSocket [297]: Previous socket existed. Closing that first.
2025-07-05 12:24:54,502 - DEBUG - [MainThread] DuetRRFPlugin.register [12]: DuetRRF plugin version: 1.2.11
2025-07-05 12:24:54,503 - INFO - [MainThread] UM.PluginRegistry.loadPlugin [540]: Loaded plugin DuetRRFPlugin 1.2.11
2025-07-05 12:24:54,504 - DEBUG - [MainThread] UM.Backend.Backend._onSocketError [260]: Socket was unable to bind to port, increasing port number to 49816
2025-07-05 12:24:54,504 - DEBUG - [MainThread] UM.Backend.Backend._createSocket [297]: Previous socket existed. Closing that first.
2025-07-05 12:24:54,506 - DEBUG - [MainThread] CuraEngineBackend.CuraEngineBackend._terminate [434]: Attempting to kill the engine process
2025-07-05 12:24:54,507 - DEBUG - [MainThread] UM.Backend.Backend._createSocket [297]: Previous socket existed. Closing that first.
2025-07-05 12:24:54,514 - DEBUG - [MainThread] UM.Backend.Backend._onSocketError [260]: Socket was unable to bind to port, increasing port number to 49817
2025-07-05 12:24:54,515 - DEBUG - [MainThread] UM.Backend.Backend._createSocket [297]: Previous socket existed. Closing that first.
2025-07-05 12:24:54,516 - DEBUG - [MainThread] CuraEngineBackend.CuraEngineBackend._terminate [434]: Attempting to kill the engine process
2025-07-05 12:24:54,517 - DEBUG - [MainThread] UM.Backend.Backend._createSocket [297]: Previous socket existed. Closing that first.
2025-07-05 12:24:54,529 - INFO - [MainThread] UM.PluginRegistry.loadPlugin [540]: Loaded plugin LinearAdvanceSettingPlugin 3.6.1
2025-07-05 12:24:54,530 - DEBUG - [MainThread] UM.Backend.Backend._onSocketError [260]: Socket was unable to bind to port, increasing port number to 49818
2025-07-05 12:24:54,530 - DEBUG - [MainThread] UM.Backend.Backend._createSocket [297]: Previous socket existed. Closing that first.
2025-07-05 12:24:54,532 - DEBUG - [MainThread] CuraEngineBackend.CuraEngineBackend._terminate [434]: Attempting to kill the engine process
2025-07-05 12:24:54,533 - DEBUG - [MainThread] UM.Backend.Backend._createSocket [297]: Previous socket existed. Closing that first.
2025-07-05 12:24:54,536 - DEBUG - [MainThread] UM.Backend.Backend._onSocketError [260]: Socket was unable to bind to port, increasing port number to 49819
2025-07-05 12:24:54,536 - DEBUG - [MainThread] UM.Backend.Backend._createSocket [297]: Previous socket existed. Closing that first.
2025-07-05 12:24:54,538 - DEBUG - [MainThread] CuraEngineBackend.CuraEngineBackend._terminate [434]: Attempting to kill the engine process
2025-07-05 12:24:54,539 - DEBUG - [MainThread] UM.Backend.Backend._createSocket [297]: Previous socket existed. Closing that first.
2025-07-05 12:24:54,558 - INFO - [MainThread] UM.PluginRegistry.loadPlugin [540]: Loaded plugin MeshTools 3.7.2
2025-07-05 12:24:54,558 - DEBUG - [MainThread] UM.Backend.Backend._onSocketError [260]: Socket was unable to bind to port, increasing port number to 49820
2025-07-05 12:24:54,558 - DEBUG - [MainThread] UM.Backend.Backend._createSocket [297]: Previous socket existed. Closing that first.
2025-07-05 12:24:54,560 - DEBUG - [MainThread] CuraEngineBackend.CuraEngineBackend._terminate [434]: Attempting to kill the engine process
2025-07-05 12:24:54,561 - DEBUG - [MainThread] UM.Backend.Backend._createSocket [297]: Previous socket existed. Closing that first.
2025-07-05 12:24:54,567 - DEBUG - [MainThread] UM.Backend.Backend._onSocketError [260]: Socket was unable to bind to port, increasing port number to 49821
2025-07-05 12:24:54,567 - DEBUG - [MainThread] UM.Backend.Backend._createSocket [297]: Previous socket existed. Closing that first.
2025-07-05 12:24:54,570 - DEBUG - [MainThread] CuraEngineBackend.CuraEngineBackend._terminate [434]: Attempting to kill the engine process
2025-07-05 12:24:54,571 - DEBUG - [MainThread] UM.Backend.Backend._createSocket [297]: Previous socket existed. Closing that first.
2025-07-05 12:24:54,859 - INFO - [MainThread] UM.PluginRegistry.loadPlugin [540]: Loaded plugin SettingsGuide2 2.9.2
2025-07-05 12:24:54,859 - DEBUG - [MainThread] UM.Backend.Backend._onSocketError [260]: Socket was unable to bind to port, increasing port number to 49822
2025-07-05 12:24:54,860 - DEBUG - [MainThread] UM.Backend.Backend._createSocket [297]: Previous socket existed. Closing that first.
2025-07-05 12:24:54,862 - DEBUG - [MainThread] CuraEngineBackend.CuraEngineBackend._terminate [434]: Attempting to kill the engine process
2025-07-05 12:24:54,863 - DEBUG - [MainThread] UM.Backend.Backend._createSocket [297]: Previous socket existed. Closing that first.
2025-07-05 12:24:54,869 - DEBUG - [MainThread] UM.Backend.Backend._onSocketError [260]: Socket was unable to bind to port, increasing port number to 49823
2025-07-05 12:24:54,869 - DEBUG - [MainThread] UM.Backend.Backend._createSocket [297]: Previous socket existed. Closing that first.
2025-07-05 12:24:54,871 - DEBUG - [MainThread] CuraEngineBackend.CuraEngineBackend._terminate [434]: Attempting to kill the engine process
2025-07-05 12:24:54,871 - DEBUG - [MainThread] UM.Backend.Backend._createSocket [297]: Previous socket existed. Closing that first.
2025-07-05 12:24:54,887 - INFO - [MainThread] StartOptimiser.StartOptimiser.__init__ [44]: 1 containers are blacklisted by StartOptimiser
2025-07-05 12:24:54,888 - INFO - [MainThread] UM.PluginRegistry.loadPlugin [540]: Loaded plugin StartOptimiser 3.6.0
2025-07-05 12:24:54,889 - DEBUG - [MainThread] UM.Backend.Backend._onSocketError [260]: Socket was unable to bind to port, increasing port number to 49824
2025-07-05 12:24:54,889 - DEBUG - [MainThread] UM.Backend.Backend._createSocket [297]: Previous socket existed. Closing that first.
2025-07-05 12:24:54,891 - DEBUG - [MainThread] CuraEngineBackend.CuraEngineBackend._terminate [434]: Attempting to kill the engine process
2025-07-05 12:24:54,891 - DEBUG - [MainThread] UM.Backend.Backend._createSocket [297]: Previous socket existed. Closing that first.
2025-07-05 12:24:54,898 - DEBUG - [MainThread] UM.Backend.Backend._onSocketError [260]: Socket was unable to bind to port, increasing port number to 49825
2025-07-05 12:24:54,899 - DEBUG - [MainThread] UM.Backend.Backend._createSocket [297]: Previous socket existed. Closing that first.
2025-07-05 12:24:54,900 - DEBUG - [MainThread] CuraEngineBackend.CuraEngineBackend._terminate [434]: Attempting to kill the engine process
2025-07-05 12:24:54,901 - DEBUG - [MainThread] UM.Backend.Backend._createSocket [297]: Previous socket existed. Closing that first.
2025-07-05 12:24:54,917 - INFO - [MainThread] UM.PluginRegistry.loadPlugin [540]: Loaded plugin TabbedSettingsPlugin 1.0.8
2025-07-05 12:24:54,917 - DEBUG - [MainThread] UM.Backend.Backend._onSocketError [260]: Socket was unable to bind to port, increasing port number to 49826
2025-07-05 12:24:54,918 - DEBUG - [MainThread] UM.Backend.Backend._createSocket [297]: Previous socket existed. Closing that first.
2025-07-05 12:24:54,920 - DEBUG - [MainThread] CuraEngineBackend.CuraEngineBackend._terminate [434]: Attempting to kill the engine process
2025-07-05 12:24:54,920 - DEBUG - [MainThread] UM.Backend.Backend._createSocket [297]: Previous socket existed. Closing that first.
2025-07-05 12:24:54,924 - DEBUG - [MainThread] UM.Backend.Backend._onSocketError [260]: Socket was unable to bind to port, increasing port number to 49827
2025-07-05 12:24:54,924 - DEBUG - [MainThread] UM.Backend.Backend._createSocket [297]: Previous socket existed. Closing that first.
2025-07-05 12:24:54,926 - DEBUG - [MainThread] CuraEngineBackend.CuraEngineBackend._terminate [434]: Attempting to kill the engine process
2025-07-05 12:24:54,927 - DEBUG - [MainThread] UM.Backend.Backend._createSocket [297]: Previous socket existed. Closing that first.
2025-07-05 12:24:54,943 - INFO - [MainThread] UM.PluginRegistry.loadPlugin [540]: Loaded plugin valve 0.1.0
2025-07-05 12:24:54,943 - DEBUG - [MainThread] UM.Backend.Backend._onSocketError [260]: Socket was unable to bind to port, increasing port number to 49828
2025-07-05 12:24:54,943 - DEBUG - [MainThread] UM.Backend.Backend._createSocket [297]: Previous socket existed. Closing that first.
2025-07-05 12:24:54,945 - DEBUG - [MainThread] CuraEngineBackend.CuraEngineBackend._terminate [434]: Attempting to kill the engine process
2025-07-05 12:24:54,946 - DEBUG - [MainThread] UM.Backend.Backend._createSocket [297]: Previous socket existed. Closing that first.
2025-07-05 12:24:54,949 - DEBUG - [MainThread] UM.Backend.Backend._onSocketError [260]: Socket was unable to bind to port, increasing port number to 49829
2025-07-05 12:24:54,949 - DEBUG - [MainThread] UM.Backend.Backend._createSocket [297]: Previous socket existed. Closing that first.
2025-07-05 12:24:54,951 - DEBUG - [MainThread] CuraEngineBackend.CuraEngineBackend._terminate [434]: Attempting to kill the engine process
2025-07-05 12:24:54,952 - DEBUG - [MainThread] UM.Backend.Backend._createSocket [297]: Previous socket existed. Closing that first.
2025-07-05 12:24:54,960 - DEBUG - [MainThread] UM.Backend.Backend._onSocketError [260]: Socket was unable to bind to port, increasing port number to 49830
2025-07-05 12:24:54,960 - DEBUG - [MainThread] UM.Backend.Backend._createSocket [297]: Previous socket existed. Closing that first.
2025-07-05 12:24:54,963 - DEBUG - [MainThread] CuraEngineBackend.CuraEngineBackend._terminate [434]: Attempting to kill the engine process
2025-07-05 12:24:54,963 - DEBUG - [MainThread] UM.Backend.Backend._createSocket [297]: Previous socket existed. Closing that first.
2025-07-05 12:24:54,966 - DEBUG - [MainThread] UM.PluginRegistry.loadPlugins [456]: Loading all plugins took 3.5105555057525635 seconds
2025-07-05 12:24:54,972 - DEBUG - [MainThread] UM.Backend.Backend._onSocketError [260]: Socket was unable to bind to port, increasing port number to 49831
2025-07-05 12:24:54,973 - DEBUG - [MainThread] UM.Backend.Backend._createSocket [297]: Previous socket existed. Closing that first.
2025-07-05 12:24:54,975 - DEBUG - [MainThread] CuraEngineBackend.CuraEngineBackend._terminate [434]: Attempting to kill the engine process
2025-07-05 12:24:54,976 - DEBUG - [MainThread] UM.Backend.Backend._createSocket [297]: Previous socket existed. Closing that first.
2025-07-05 12:24:54,982 - INFO - [MainThread] UM.VersionUpgradeManager.upgrade [163]: Looking for old configuration files to upgrade.
2025-07-05 12:24:55,047 - INFO - [MainThread] UM.VersionUpgradeManager.upgrade [177]: Checking and performing updates took 0.06485176086425781
2025-07-05 12:24:55,048 - DEBUG - [MainThread] UM.Backend.Backend._onSocketError [260]: Socket was unable to bind to port, increasing port number to 49832
2025-07-05 12:24:55,048 - DEBUG - [MainThread] UM.Backend.Backend._createSocket [297]: Previous socket existed. Closing that first.
2025-07-05 12:24:55,050 - DEBUG - [MainThread] CuraEngineBackend.CuraEngineBackend._terminate [434]: Attempting to kill the engine process
2025-07-05 12:24:55,050 - DEBUG - [MainThread] UM.Backend.Backend._createSocket [297]: Previous socket existed. Closing that first.
2025-07-05 12:24:55,058 - DEBUG - [MainThread] UM.Backend.Backend._onSocketError [260]: Socket was unable to bind to port, increasing port number to 49833
2025-07-05 12:24:55,059 - DEBUG - [MainThread] UM.Backend.Backend._createSocket [297]: Previous socket existed. Closing that first.
2025-07-05 12:24:55,060 - DEBUG - [MainThread] CuraEngineBackend.CuraEngineBackend._terminate [434]: Attempting to kill the engine process
2025-07-05 12:24:55,062 - DEBUG - [MainThread] UM.Backend.Backend._createSocket [297]: Previous socket existed. Closing that first.
2025-07-05 12:24:55,065 - INFO - [MainThread] UM.Qt.QtApplication.startSplashWindowPhase [256]: The preferences file cannot be opened or it is corrupted, so we will use default values
2025-07-05 12:24:55,065 - DEBUG - [MainThread] UM.Backend.Backend._onSocketError [260]: Socket was unable to bind to port, increasing port number to 49834
2025-07-05 12:24:55,065 - DEBUG - [MainThread] UM.Backend.Backend._createSocket [297]: Previous socket existed. Closing that first.
2025-07-05 12:24:55,067 - DEBUG - [MainThread] CuraEngineBackend.CuraEngineBackend._terminate [434]: Attempting to kill the engine process
2025-07-05 12:24:55,068 - DEBUG - [MainThread] UM.Backend.Backend._createSocket [297]: Previous socket existed. Closing that first.
2025-07-05 12:24:55,071 - INFO - [MainThread] UM.Qt.QtApplication.startSplashWindowPhase [263]: The preferences file 'None' cannot be found, will use default values
2025-07-05 12:24:55,072 - INFO - [MainThread] UM.Qt.QtApplication.startSplashWindowPhase [266]: Completed loading preferences.
2025-07-05 12:24:55,085 - INFO - [MainThread] UM.Qt.QtApplication.startSplashWindowPhase [304]: Created system tray icon.
2025-07-05 12:24:55,088 - DEBUG - [MainThread] UM.Backend.Backend._onSocketError [260]: Socket was unable to bind to port, increasing port number to 49835
2025-07-05 12:24:55,088 - DEBUG - [MainThread] UM.Backend.Backend._createSocket [297]: Previous socket existed. Closing that first.
2025-07-05 12:24:55,090 - DEBUG - [MainThread] CuraEngineBackend.CuraEngineBackend._terminate [434]: Attempting to kill the engine process
2025-07-05 12:24:55,091 - DEBUG - [MainThread] UM.Backend.Backend._createSocket [297]: Previous socket existed. Closing that first.
2025-07-05 12:24:55,101 - DEBUG - [MainThread] UM.Backend.Backend._onSocketError [260]: Socket was unable to bind to port, increasing port number to 49836
2025-07-05 12:24:55,101 - DEBUG - [MainThread] UM.Backend.Backend._createSocket [297]: Previous socket existed. Closing that first.
2025-07-05 12:24:55,103 - DEBUG - [MainThread] CuraEngineBackend.CuraEngineBackend._terminate [434]: Attempting to kill the engine process
2025-07-05 12:24:55,104 - DEBUG - [MainThread] UM.Backend.Backend._createSocket [297]: Previous socket existed. Closing that first.
2025-07-05 12:24:55,695 - WARNING - [MainThread] UM.VersionUpgradeManager.updateFilesData [433]: Unable to upgrade file of type variant of version 4000014
2025-07-05 12:24:55,696 - WARNING - [MainThread] UM.Settings.ContainerRegistry.loadAllMetadata [497]: Invalid metadata for container fabbrix_elemento_1.0_v2: {'id': 'fabbrix_elemento_1.0_v2', 'container_type': <class 'UM.Settings.InstanceContainer.InstanceContainer'>, 'name': '1.0mm Nozzle', 'version': '4', 'definition': 'fabbrix_elemento_v2', 'setting_version': '14', 'type': 'variant', 'hardware_type': 'nozzle'}
2025-07-05 12:24:55,744 - WARNING - [MainThread] UM.VersionUpgradeManager.updateFilesData [433]: Unable to upgrade file of type variant of version 4000014
2025-07-05 12:24:55,745 - WARNING - [MainThread] UM.Settings.ContainerRegistry.loadAllMetadata [497]: Invalid metadata for container fabbrix_elemento_1.2: {'id': 'fabbrix_elemento_1.2', 'container_type': <class 'UM.Settings.InstanceContainer.InstanceContainer'>, 'name': '1.2mm Nozzle', 'version': '4', 'definition': 'fabbrix_elemento', 'setting_version': '14', 'type': 'variant', 'hardware_type': 'nozzle'}
2025-07-05 12:24:55,806 - WARNING - [MainThread] UM.VersionUpgradeManager.updateFilesData [433]: Unable to upgrade file of type variant of version 4000014
2025-07-05 12:24:55,806 - WARNING - [MainThread] UM.Settings.ContainerRegistry.loadAllMetadata [497]: Invalid metadata for container fabbrix_elemento_0.8_hs_tc: {'id': 'fabbrix_elemento_0.8_hs_tc', 'container_type': <class 'UM.Settings.InstanceContainer.InstanceContainer'>, 'name': '[HS]0.8mm Nozzle', 'version': '4', 'definition': 'fabbrix_elemento_tc', 'setting_version': '14', 'type': 'variant', 'hardware_type': 'nozzle'}
2025-07-05 12:24:55,953 - WARNING - [MainThread] UM.VersionUpgradeManager.updateFilesData [433]: Unable to upgrade file of type variant of version 4000014
2025-07-05 12:24:55,954 - WARNING - [MainThread] UM.Settings.ContainerRegistry.loadAllMetadata [497]: Invalid metadata for container fabbrix_elemento_0.8_v2: {'id': 'fabbrix_elemento_0.8_v2', 'container_type': <class 'UM.Settings.InstanceContainer.InstanceContainer'>, 'name': '0.8mm Nozzle', 'version': '4', 'definition': 'fabbrix_elemento_v2', 'setting_version': '14', 'type': 'variant', 'hardware_type': 'nozzle'}
2025-07-05 12:24:55,963 - WARNING - [MainThread] UM.VersionUpgradeManager.updateFilesData [433]: Unable to upgrade file of type variant of version 4000014
2025-07-05 12:24:55,964 - WARNING - [MainThread] UM.Settings.ContainerRegistry.loadAllMetadata [497]: Invalid metadata for container fabbrix_elemento_0.8_tc: {'id': 'fabbrix_elemento_0.8_tc', 'container_type': <class 'UM.Settings.InstanceContainer.InstanceContainer'>, 'name': '0.8mm Nozzle', 'version': '4', 'definition': 'fabbrix_elemento_tc', 'setting_version': '14', 'type': 'variant', 'hardware_type': 'nozzle'}
2025-07-05 12:24:55,988 - WARNING - [MainThread] UM.Settings.ContainerRegistry.loadAllMetadata [497]: Invalid metadata for container zyyx_pro: {'container_type': <class 'UM.Settings.DefinitionContainer.DefinitionContainer'>, 'id': 'zyyx_pro', 'name': 'ZYYX Pro', 'version': 2, 'type': 'machine', 'author': 'Theodor Hansson', 'manufacturer': 'ZYYX Labs AB', 'setting_version': 3, 'file_formats': 'application/x3g', 'visible': True, 'has_materials': True, 'has_variants': True, 'has_machine_quality': True, 'preferred_material': 'generic_pla', 'preferred_quality_type': 'normal', 'machine_extruder_trains': OrderedDict({'0': 'zyyx_pro_extruder'}), 'has_textured_buildplate': False, 'supports_usb_connection': True, 'supports_network_connection': False, 'supports_abstract_color': False, 'variants_name_has_translation': False, 'inherits': 'fdmprinter', 'platform': 'zyyx_pro_platform.stl', 'exclude_materials': ['3D-Fuel_PLA_PRO_Black', '3D-Fuel_PLA_SnapSupport', 'bestfilament_abs_skyblue', 'bestfilament_petg_orange', 'bestfilament_pla_green', 'leapfrog_abs_natural', 'leapfrog_epla_natural', 'leapfrog_pva_natural', 'goofoo_abs', 'goofoo_asa', 'goofoo_bronze_pla', 'goofoo_emarble_pla', 'goofoo_esilk_pla', 'goofoo_hips', 'goofoo_pa_cf', 'goofoo_pa', 'goofoo_pc', 'goofoo_peek', 'goofoo_petg', 'goofoo_pla', 'goofoo_pva', 'goofoo_tpe_83a', 'goofoo_tpu_87a', 'goofoo_tpu_95a', 'emotiontech_abs', 'emotiontech_absx', 'emotiontech_acetate', 'emotiontech_asax', 'emotiontech_bvoh', 'emotiontech_copa', 'emotiontech_hips', 'emotiontech_nylon_1030', 'emotiontech_nylon_1030cf', 'emotiontech_nylon_1070', 'emotiontech_pa6cf', 'emotiontech_pa6gf', 'emotiontech_pc', 'emotiontech_pekk', 'emotiontech_petg', 'emotiontech_pla', 'emotiontech_pla_hr_870', 'emotiontech_pva-m', 'emotiontech_pva-s', 'emotiontech_tpu98a', 'eryone_petg', 'eryone_pla_matte', 'eryone_pla', 'eryone_tpu', 'eSUN_PETG_Black', 'eSUN_PETG_Grey', 'eSUN_PETG_Purple', 'eSUN_PLA_PRO_Black', 'eSUN_PLA_PRO_Grey', 'eSUN_PLA_PRO_Purple', 'eSUN_PLA_PRO_White', 'Extrudr_GreenTECPro_Anthracite_175', 'Extrudr_GreenTECPro_Black_175', 'Extrudr_GreenTECPro_Blue_175', 'Extrudr_GreenTECPro_Nature_175', 'Extrudr_GreenTECPro_Red_175', 'Extrudr_GreenTECPro_Silver_175', 'Extrudr_GreenTECPro_White_175', 'verbatim_bvoh_175', 'Vertex_Delta_ABS', 'Vertex_Delta_PET', 'Vertex_Delta_PLA', 'Vertex_Delta_TPU', 'chromatik_pla', 'dsm_arnitel2045_175', 'dsm_novamid1070_175', 'fabtotum_abs', 'fabtotum_nylon', 'fabtotum_pla', 'fabtotum_tpu', 'fdplast_abs_tomato', 'fdplast_petg_gray', 'fdplast_pla_olive', 'fiberlogy_hd_pla', 'filo3d_pla', 'filo3d_pla_green', 'filo3d_pla_red', 'ideagen3D_ToughPLA', 'imade3d_petg_green', 'imade3d_petg_pink', 'imade3d_pla_green', 'imade3d_pla_pink', 'imade3d_petg_175', 'imade3d_pla_175', 'innofill_innoflex60_175', 'layer_one_black_pla', 'layer_one_dark_gray_pla', 'layer_one_white_pla', 'octofiber_pla', 'polyflex_pla', 'polymax_pla', 'polyplus_pla', 'polywood_pla', 'redd_abs', 'redd_asa', 'redd_hips', 'redd_nylon', 'redd_petg', 'redd_pla', 'redd_tpe', 'tizyx_abs', 'tizyx_flex', 'tizyx_petg', 'tizyx_pla_bois', 'tizyx_pla', 'tizyx_pva', 'ultimaker_abscf_175', 'ultimaker_absr_175', 'ultimaker_asa_175', 'ultimaker_nylon12-cf_175', 'ultimaker_pla_175', 'ultimaker_pva_175', 'ultimaker_rapidrinse_175', 'ultimaker_sr30_175', 'ultimaker_tough_pla_175', 'Vertex_Delta_ABS', 'Vertex_Delta_PET', 'Vertex_Delta_PLA_Glitter', 'Vertex_Delta_PLA_Mat', 'Vertex_Delta_PLA_Satin', 'Vertex_Delta_PLA_Wood', 'Vertex_Delta_PLA', 'Vertex_Delta_TPU', 'volumic_abs_ultra', 'volumic_arma_ultra', 'volumic_asa_ultra', 'volumic_br80_ultra', 'volumic_bumper_ultra', 'volumic_cu80_ultra', 'volumic_flex93_ultra', 'volumic_medical_ultra', 'volumic_nylon_ultra', 'volumic_pekk_carbone', 'volumic_petg_ultra', 'volumic_petgcarbone_ultra', 'volumic_pla_ultra', 'volumic_pp_ultra', 'volumic_strong_ultra', 'volumic_support_ultra', 'xyzprinting_abs', 'xyzprinting_antibact_pla', 'xyzprinting_carbon_fiber', 'xyzprinting_colorinkjet_pla', 'xyzprinting_flexible', 'xyzprinting_metallic_pla', 'xyzprinting_nylon', 'xyzprinting_pahtcf15', 'xyzprinting_pc', 'xyzprinting_petcf15', 'xyzprinting_petg', 'xyzprinting_pla', 'xyzprinting_ppgf30', 'xyzprinting_tough_pla', 'xyzprinting_tpu', 'zyyx_abs-mm', 'zyyx_abs-perf', 'zyyx_flex95a', 'zyyx_petg', 'zyyx_pla', 'zyyx_pro_flex', 'zyyx_pro_pla', 'zyyx_pronylon'], 'machine': 'zyyx_pro', 'machine_x3g_variant': 'z', 'preferred_variant_name': 'Carbon0.6', 'quality_definition': 'zyyx_pro', 'variants_name': 'SwiftTool'}
2025-07-05 12:24:56,035 - WARNING - [MainThread] UM.VersionUpgradeManager.updateFilesData [433]: Unable to upgrade file of type variant of version 4000014
2025-07-05 12:24:56,035 - WARNING - [MainThread] UM.Settings.ContainerRegistry.loadAllMetadata [497]: Invalid metadata for container fabbrix_elemento_1.2_v2: {'id': 'fabbrix_elemento_1.2_v2', 'container_type': <class 'UM.Settings.InstanceContainer.InstanceContainer'>, 'name': '1.2mm Nozzle', 'version': '4', 'definition': 'fabbrix_elemento_v2', 'setting_version': '14', 'type': 'variant', 'hardware_type': 'nozzle'}
2025-07-05 12:24:56,042 - WARNING - [MainThread] UM.VersionUpgradeManager.updateFilesData [433]: Unable to upgrade file of type variant of version 4000014
2025-07-05 12:24:56,043 - WARNING - [MainThread] UM.Settings.ContainerRegistry.loadAllMetadata [497]: Invalid metadata for container fabbrix_elemento_0.6_tc: {'id': 'fabbrix_elemento_0.6_tc', 'container_type': <class 'UM.Settings.InstanceContainer.InstanceContainer'>, 'name': '0.6mm Nozzle', 'version': '4', 'definition': 'fabbrix_elemento_tc', 'setting_version': '14', 'type': 'variant', 'hardware_type': 'nozzle'}
2025-07-05 12:24:56,111 - WARNING - [MainThread] UM.Settings.ContainerRegistry.loadAllMetadata [497]: Invalid metadata for container zyyx_plus: {'container_type': <class 'UM.Settings.DefinitionContainer.DefinitionContainer'>, 'id': 'zyyx_plus', 'name': 'ZYYX+', 'version': 2, 'type': 'machine', 'author': 'Theodor Hansson', 'manufacturer': 'ZYYX Labs AB', 'setting_version': 3, 'file_formats': 'application/x3g', 'visible': True, 'has_materials': True, 'has_variants': False, 'has_machine_quality': True, 'preferred_material': 'generic_pla', 'preferred_quality_type': 'normal', 'machine_extruder_trains': OrderedDict({'0': 'zyyx_plus_extruder_0'}), 'has_textured_buildplate': False, 'supports_usb_connection': True, 'supports_network_connection': False, 'supports_abstract_color': False, 'variants_name_has_translation': False, 'inherits': 'fdmprinter', 'platform': 'zyyx_platform.3mf', 'exclude_materials': ['3D-Fuel_PLA_PRO_Black', '3D-Fuel_PLA_SnapSupport', 'bestfilament_abs_skyblue', 'bestfilament_petg_orange', 'bestfilament_pla_green', 'leapfrog_abs_natural', 'leapfrog_epla_natural', 'leapfrog_pva_natural', 'goofoo_abs', 'goofoo_asa', 'goofoo_bronze_pla', 'goofoo_emarble_pla', 'goofoo_esilk_pla', 'goofoo_hips', 'goofoo_pa_cf', 'goofoo_pa', 'goofoo_pc', 'goofoo_peek', 'goofoo_petg', 'goofoo_pla', 'goofoo_pva', 'goofoo_tpe_83a', 'goofoo_tpu_87a', 'goofoo_tpu_95a', 'emotiontech_abs', 'emotiontech_absx', 'emotiontech_acetate', 'emotiontech_asax', 'emotiontech_bvoh', 'emotiontech_copa', 'emotiontech_hips', 'emotiontech_nylon_1030', 'emotiontech_nylon_1030cf', 'emotiontech_nylon_1070', 'emotiontech_pa6cf', 'emotiontech_pa6gf', 'emotiontech_pc', 'emotiontech_pekk', 'emotiontech_petg', 'emotiontech_pla', 'emotiontech_pla_hr_870', 'emotiontech_pva-m', 'emotiontech_pva-s', 'emotiontech_tpu98a', 'eryone_petg', 'eryone_pla_glow', 'eryone_pla_matte', 'eryone_pla_wood', 'eryone_pla', 'eryone_tpu', 'eSUN_PETG_Black', 'eSUN_PETG_Grey', 'eSUN_PETG_Purple', 'eSUN_PLA_PRO_Black', 'eSUN_PLA_PRO_Grey', 'eSUN_PLA_PRO_Purple', 'eSUN_PLA_PRO_White', 'Extrudr_GreenTECPro_Anthracite_175', 'Extrudr_GreenTECPro_Black_175', 'Extrudr_GreenTECPro_Blue_175', 'Extrudr_GreenTECPro_Nature_175', 'Extrudr_GreenTECPro_Red_175', 'Extrudr_GreenTECPro_Silver_175', 'Extrudr_GreenTECPro_White_175', 'verbatim_bvoh_175', 'Vertex_Delta_ABS', 'Vertex_Delta_PET', 'Vertex_Delta_PLA', 'Vertex_Delta_TPU', 'chromatik_pla', 'dsm_arnitel2045_175', 'dsm_novamid1070_175', 'fabtotum_abs', 'fabtotum_nylon', 'fabtotum_pla', 'fabtotum_tpu', 'fdplast_abs_tomato', 'fdplast_petg_gray', 'fdplast_pla_olive', 'fiberlogy_hd_pla', 'filo3d_pla', 'filo3d_pla_green', 'filo3d_pla_red', 'ideagen3D_ToughPLA', 'imade3d_petg_green', 'imade3d_petg_pink', 'imade3d_pla_green', 'imade3d_pla_pink', 'imade3d_petg_175', 'imade3d_pla_175', 'innofill_innoflex60_175', 'layer_one_black_pla', 'layer_one_dark_gray_pla', 'layer_one_white_pla', 'octofiber_pla', 'polyflex_pla', 'polymax_pla', 'polyplus_pla', 'polywood_pla', 'redd_abs', 'redd_asa', 'redd_hips', 'redd_nylon', 'redd_petg', 'redd_pla', 'redd_tpe', 'tizyx_abs', 'tizyx_flex', 'tizyx_petg', 'tizyx_pla_bois', 'tizyx_pla', 'tizyx_pva', 'ultimaker_abscf_175', 'ultimaker_absr_175', 'ultimaker_asa_175', 'ultimaker_nylon12-cf_175', 'ultimaker_pla_175', 'ultimaker_pva_175', 'ultimaker_rapidrinse_175', 'ultimaker_sr30_175', 'ultimaker_tough_pla_175', 'Vertex_Delta_ABS', 'Vertex_Delta_PET', 'Vertex_Delta_PLA_Glitter', 'Vertex_Delta_PLA_Mat', 'Vertex_Delta_PLA_Satin', 'Vertex_Delta_PLA_Wood', 'Vertex_Delta_PLA', 'Vertex_Delta_TPU', 'volumic_abs_ultra', 'volumic_arma_ultra', 'volumic_asa_ultra', 'volumic_br80_ultra', 'volumic_bumper_ultra', 'volumic_cu80_ultra', 'volumic_flex93_ultra', 'volumic_medical_ultra', 'volumic_nylon_ultra', 'volumic_pekk_carbone', 'volumic_petg_ultra', 'volumic_petgcarbone_ultra', 'volumic_pla_ultra', 'volumic_pp_ultra', 'volumic_strong_ultra', 'volumic_support_ultra', 'xyzprinting_abs', 'xyzprinting_antibact_pla', 'xyzprinting_carbon_fiber', 'xyzprinting_colorinkjet_pla', 'xyzprinting_flexible', 'xyzprinting_metallic_pla', 'xyzprinting_nylon', 'xyzprinting_pahtcf15', 'xyzprinting_pc', 'xyzprinting_petcf15', 'xyzprinting_petg', 'xyzprinting_pla', 'xyzprinting_ppgf30', 'xyzprinting_tough_pla', 'xyzprinting_tpu', 'zyyx_abs-mm', 'zyyx_abs-perf', 'zyyx_flex95a', 'zyyx_petg', 'zyyx_petg-cf', 'zyyx_pla', 'zyyx_pro_flex', 'zyyx_pro_pla', 'zyyx_procarbon', 'zyyx_proglass', 'zyyx_pronylon'], 'machine_x3g_variant': 'z', 'quality_definition': 'zyyx_plus'}
2025-07-05 12:24:56,130 - WARNING - [MainThread] UM.VersionUpgradeManager.updateFilesData [433]: Unable to upgrade file of type variant of version 4000014
2025-07-05 12:24:56,130 - WARNING - [MainThread] UM.Settings.ContainerRegistry.loadAllMetadata [497]: Invalid metadata for container fabbrix_elemento_0.6_hs_v2: {'id': 'fabbrix_elemento_0.6_hs_v2', 'container_type': <class 'UM.Settings.InstanceContainer.InstanceContainer'>, 'name': '[HS]0.6mm Nozzle', 'version': '4', 'definition': 'fabbrix_elemento_v2', 'setting_version': '14', 'type': 'variant', 'hardware_type': 'nozzle'}
2025-07-05 12:24:56,200 - WARNING - [MainThread] UM.VersionUpgradeManager.updateFilesData [433]: Unable to upgrade file of type variant of version 4000014
2025-07-05 12:24:56,200 - WARNING - [MainThread] UM.Settings.ContainerRegistry.loadAllMetadata [497]: Invalid metadata for container fabbrix_elemento_0.6: {'id': 'fabbrix_elemento_0.6', 'container_type': <class 'UM.Settings.InstanceContainer.InstanceContainer'>, 'name': '0.6mm Nozzle', 'version': '4', 'definition': 'fabbrix_elemento', 'setting_version': '14', 'type': 'variant', 'hardware_type': 'nozzle'}
2025-07-05 12:24:56,341 - WARNING - [MainThread] UM.VersionUpgradeManager.updateFilesData [433]: Unable to upgrade file of type variant of version 4000014
2025-07-05 12:24:56,342 - WARNING - [MainThread] UM.Settings.ContainerRegistry.loadAllMetadata [497]: Invalid metadata for container fabbrix_elemento_0.8_hs: {'id': 'fabbrix_elemento_0.8_hs', 'container_type': <class 'UM.Settings.InstanceContainer.InstanceContainer'>, 'name': '[HS]0.8mm Nozzle', 'version': '4', 'definition': 'fabbrix_elemento', 'setting_version': '14', 'type': 'variant', 'hardware_type': 'nozzle'}
2025-07-05 12:24:56,360 - WARNING - [MainThread] UM.VersionUpgradeManager.updateFilesData [433]: Unable to upgrade file of type variant of version 4000014
2025-07-05 12:24:56,360 - WARNING - [MainThread] UM.Settings.ContainerRegistry.loadAllMetadata [497]: Invalid metadata for container fabbrix_elemento_1.0_tc: {'id': 'fabbrix_elemento_1.0_tc', 'container_type': <class 'UM.Settings.InstanceContainer.InstanceContainer'>, 'name': '1.0mm Nozzle', 'version': '4', 'definition': 'fabbrix_elemento_tc', 'setting_version': '14', 'type': 'variant', 'hardware_type': 'nozzle'}
2025-07-05 12:24:56,394 - WARNING - [MainThread] UM.VersionUpgradeManager.updateFilesData [433]: Unable to upgrade file of type variant of version 4000014
2025-07-05 12:24:56,394 - WARNING - [MainThread] UM.Settings.ContainerRegistry.loadAllMetadata [497]: Invalid metadata for container fabbrix_elemento_1.2_tc: {'id': 'fabbrix_elemento_1.2_tc', 'container_type': <class 'UM.Settings.InstanceContainer.InstanceContainer'>, 'name': '1.2mm Nozzle', 'version': '4', 'definition': 'fabbrix_elemento_tc', 'setting_version': '14', 'type': 'variant', 'hardware_type': 'nozzle'}
2025-07-05 12:24:56,422 - WARNING - [MainThread] UM.VersionUpgradeManager.updateFilesData [433]: Unable to upgrade file of type variant of version 4000014
2025-07-05 12:24:56,423 - WARNING - [MainThread] UM.Settings.ContainerRegistry.loadAllMetadata [497]: Invalid metadata for container fabbrix_elemento_0.6_hs_tc: {'id': 'fabbrix_elemento_0.6_hs_tc', 'container_type': <class 'UM.Settings.InstanceContainer.InstanceContainer'>, 'name': '[HS]0.6mm Nozzle', 'version': '4', 'definition': 'fabbrix_elemento_tc', 'setting_version': '14', 'type': 'variant', 'hardware_type': 'nozzle'}
2025-07-05 12:24:56,479 - WARNING - [MainThread] UM.VersionUpgradeManager.updateFilesData [433]: Unable to upgrade file of type variant of version 4000014
2025-07-05 12:24:56,480 - WARNING - [MainThread] UM.Settings.ContainerRegistry.loadAllMetadata [497]: Invalid metadata for container fabbrix_elemento_0.6_hs: {'id': 'fabbrix_elemento_0.6_hs', 'container_type': <class 'UM.Settings.InstanceContainer.InstanceContainer'>, 'name': '[HS]0.6mm Nozzle', 'version': '4', 'definition': 'fabbrix_elemento', 'setting_version': '14', 'type': 'variant', 'hardware_type': 'nozzle'}
2025-07-05 12:24:56,492 - WARNING - [MainThread] UM.VersionUpgradeManager.updateFilesData [433]: Unable to upgrade file of type variant of version 4000014
2025-07-05 12:24:56,493 - WARNING - [MainThread] UM.Settings.ContainerRegistry.loadAllMetadata [497]: Invalid metadata for container fabbrix_elemento_0.8_hs_v2: {'id': 'fabbrix_elemento_0.8_hs_v2', 'container_type': <class 'UM.Settings.InstanceContainer.InstanceContainer'>, 'name': '[HS]0.8mm Nozzle', 'version': '4', 'definition': 'fabbrix_elemento_v2', 'setting_version': '14', 'type': 'variant', 'hardware_type': 'nozzle'}
2025-07-05 12:24:56,558 - WARNING - [MainThread] UM.VersionUpgradeManager.updateFilesData [433]: Unable to upgrade file of type variant of version 4000014
2025-07-05 12:24:56,559 - WARNING - [MainThread] UM.Settings.ContainerRegistry.loadAllMetadata [497]: Invalid metadata for container fabbrix_elemento_0.6_v2: {'id': 'fabbrix_elemento_0.6_v2', 'container_type': <class 'UM.Settings.InstanceContainer.InstanceContainer'>, 'name': '0.6mm Nozzle', 'version': '4', 'definition': 'fabbrix_elemento_v2', 'setting_version': '14', 'type': 'variant', 'hardware_type': 'nozzle'}
2025-07-05 12:24:56,593 - WARNING - [MainThread] UM.VersionUpgradeManager.updateFilesData [433]: Unable to upgrade file of type variant of version 4000014
2025-07-05 12:24:56,594 - WARNING - [MainThread] UM.Settings.ContainerRegistry.loadAllMetadata [497]: Invalid metadata for container fabbrix_elemento_1.0: {'id': 'fabbrix_elemento_1.0', 'container_type': <class 'UM.Settings.InstanceContainer.InstanceContainer'>, 'name': '1.0mm Nozzle', 'version': '4', 'definition': 'fabbrix_elemento', 'setting_version': '14', 'type': 'variant', 'hardware_type': 'nozzle'}
2025-07-05 12:24:56,635 - WARNING - [MainThread] UM.VersionUpgradeManager.updateFilesData [433]: Unable to upgrade file of type variant of version 4000014
2025-07-05 12:24:56,635 - WARNING - [MainThread] UM.Settings.ContainerRegistry.loadAllMetadata [497]: Invalid metadata for container fabbrix_elemento_0.8: {'id': 'fabbrix_elemento_0.8', 'container_type': <class 'UM.Settings.InstanceContainer.InstanceContainer'>, 'name': '0.8mm Nozzle', 'version': '4', 'definition': 'fabbrix_elemento', 'setting_version': '14', 'type': 'variant', 'hardware_type': 'nozzle'}
2025-07-05 12:24:56,675 - DEBUG - [MainThread] UM.Settings.ContainerRegistry.loadAllMetadata [565]: Loading metadata into container registry took 1.567544937133789 seconds
2025-07-05 12:24:56,693 - DEBUG - [MainThread] UM.Backend.Backend._onSocketError [260]: Socket was unable to bind to port, increasing port number to 49837
2025-07-05 12:24:56,693 - DEBUG - [MainThread] UM.Backend.Backend._createSocket [297]: Previous socket existed. Closing that first.
2025-07-05 12:24:56,696 - DEBUG - [MainThread] CuraEngineBackend.CuraEngineBackend._terminate [434]: Attempting to kill the engine process
2025-07-05 12:24:56,697 - DEBUG - [MainThread] UM.Backend.Backend._createSocket [297]: Previous socket existed. Closing that first.
2025-07-05 12:24:56,703 - DEBUG - [MainThread] UM.Backend.Backend._onSocketError [260]: Socket was unable to bind to port, increasing port number to 49838
2025-07-05 12:24:56,703 - DEBUG - [MainThread] UM.Backend.Backend._createSocket [297]: Previous socket existed. Closing that first.
2025-07-05 12:24:56,705 - DEBUG - [MainThread] CuraEngineBackend.CuraEngineBackend._terminate [434]: Attempting to kill the engine process
2025-07-05 12:24:56,705 - DEBUG - [MainThread] UM.Backend.Backend._createSocket [297]: Previous socket existed. Closing that first.
2025-07-05 12:24:56,715 - DEBUG - [MainThread] UM.Backend.Backend._onSocketError [260]: Socket was unable to bind to port, increasing port number to 49839
2025-07-05 12:24:56,715 - DEBUG - [MainThread] UM.Backend.Backend._createSocket [297]: Previous socket existed. Closing that first.
2025-07-05 12:24:56,717 - DEBUG - [MainThread] CuraEngineBackend.CuraEngineBackend._terminate [434]: Attempting to kill the engine process
2025-07-05 12:24:56,718 - DEBUG - [MainThread] UM.Backend.Backend._createSocket [297]: Previous socket existed. Closing that first.
2025-07-05 12:24:56,722 - DEBUG - [MainThread] cura.Scene.CuraSceneController.setActiveBuildPlate [142]: Selected build plate: 0
2025-07-05 12:24:56,724 - INFO - [MainThread] cura.CuraApplication._log_hardware_info [958]: System: Windows
2025-07-05 12:24:56,724 - INFO - [MainThread] cura.CuraApplication._log_hardware_info [959]: Release: 11
2025-07-05 12:24:56,724 - INFO - [MainThread] cura.CuraApplication._log_hardware_info [960]: Version: 10.0.26100
2025-07-05 12:24:56,750 - INFO - [MainThread] cura.CuraApplication._log_hardware_info [961]: Processor name: AMD64 Family 23 Model 104 Stepping 1, AuthenticAMD
2025-07-05 12:24:56,751 - INFO - [MainThread] cura.CuraApplication._log_hardware_info [962]: CPU Cores: 16
2025-07-05 12:24:56,751 - DEBUG - [MainThread] cura.CuraApplication.run [885]: Using conan dependencies: {'cura_resources': {'version': '5.10.1', 'revision': '3a8ce1f9973116fdd3282e277a7df2b3'}, 'uranium': {'version': '5.10.1', 'revision': '48bceb51a7b59755438e46f8e6c98300'}, 'pyarcus': {'version': '5.10.0', 'revision': '45dd0835e9e65d080faa27e5669a957f'}, 'curaengine': {'version': '5.10.1', 'revision': '65311cafe029d983b47f06709d928bef'}, 'arcus': {'version': '5.10.0', 'revision': '2eaae9c834c26c7010c5f8183c1f4b8b'}, 'cura_binary_data': {'version': '5.10.1', 'revision': '83260e4773bef36b765222d549791187'}, 'fdm_materials': {'version': '5.10.1', 'revision': '256e0e0415c1a7036768dbcb24cb8e87'}, 'dulcificum': {'version': '5.10.0', 'revision': 'd7796f570134346c8cf8a45b2b677d63'}, 'nlohmann_json': {'version': '3.11.2', 'revision': '1ded6ae5d200a68ac17c51d528b945e2'}, 'range-v3': {'version': '0.12.0', 'revision': '4c05d91d7b40e6b91b44b5345ac64408'}, 'spdlog': {'version': '1.15.1', 'revision': '92e99f07f134481bce4b70c1a41060e7'}, 'fmt': {'version': '11.1.3', 'revision': '8364f0feb23ee32e4b870455edb552ae'}, 'ctre': {'version': '3.7.2', 'revision': '86bd3592feebcdafd2ab7b8a1aad0c80'}, 'pysavitar': {'version': '5.10.0', 'revision': '1b0d584c7bc26f91114cd0fa5cfebc65'}, 'savitar': {'version': '5.10.0', 'revision': '67e08306b4e73b34ba39f0b447a6666d'}, 'pynest2d': {'version': '5.10.0', 'revision': 'ff5d39339d68c1cb296f83563e3eeacd'}, 'nest2d': {'version': '5.10.0', 'revision': '6f430e9fa21c308e0e6234649a6116ed'}, 'nlopt': {'version': '2.7.1', 'revision': '61296485856e44d13b39346ef54325f1'}, 'clipper': {'version': '6.4.2', 'revision': '95d9dd0b845ba2b4337f9a3fd331fa47'}, 'cpython': {'version': '3.12.2', 'revision': '68cb44d6d7eeb24578b1c942ce16a8cd'}}
2025-07-05 12:24:56,752 - DEBUG - [MainThread] cura.CuraApplication.run [886]: Using python dependencies: {'attrs': {'version': '21.3.0'}, 'Automat': {'version': '20.2.0'}, 'certifi': {'version': '2023.5.7'}, 'cffi': {'version': '1.17.1'}, 'chardet': {'version': '3.0.4'}, 'Charon': {'version': '1.0'}, 'charset-normalizer': {'version': '2.1.0'}, 'colorama': {'version': '0.4.5'}, 'colorlog': {'version': '6.6.0'}, 'constantly': {'version': '15.1.0'}, 'cryptography': {'version': '44.0.0'}, 'Cython': {'version': '0.29.26'}, 'hyperlink': {'version': '21.0.0'}, 'idna': {'version': '2.8'}, 'ifaddr': {'version': '0.1.7'}, 'importlib-metadata': {'version': '4.10.0'}, 'incremental': {'version': '22.10.0'}, 'jaraco.classes': {'version': '3.4.0'}, 'jaraco.context': {'version': '6.0.1'}, 'jaraco.functools': {'version': '4.1.0'}, 'jeepney': {'version': '0.8.0'}, 'keyring': {'version': '25.5.0'}, 'more-itertools': {'version': '10.5.0'}, 'mypy': {'version': '0.931'}, 'mypy-extensions': {'version': '0.4.3'}, 'networkx': {'version': '2.6.2'}, 'numpy': {'version': '1.26.1'}, 'numpy-stl': {'version': '2.10.1'}, 'pip': {'version': '25.1.1'}, 'pybind11': {'version': '2.6.2'}, 'pyclipper': {'version': '1.3.0.post5'}, 'pycparser': {'version': '2.22'}, 'pynavlib': {'version': '0.9.4'}, 'PyQt6': {'version': '6.6.0'}, 'PyQt6-Qt6': {'version': '6.6.0'}, 'PyQt6-sip': {'version': '13.6.0'}, 'pyserial': {'version': '3.4'}, 'python-utils': {'version': '2.3.0'}, 'pywin32-ctypes': {'version': '0.2.3'}, 'requests': {'version': '2.32.3'}, 'scipy': {'version': '1.11.3'}, 'SecretStorage': {'version': '3.3.3'}, 'sentry-sdk': {'version': '0.13.5'}, 'setuptools': {'version': '75.6.0'}, 'shapely': {'version': '2.0.6'}, 'six': {'version': '1.16.0'}, 'tomli': {'version': '2.0.1'}, 'trimesh': {'version': '3.9.36'}, 'Twisted': {'version': '21.2.0'}, 'twisted-iocpsupport': {'version': '1.0.2'}, 'typing_extensions': {'version': '4.3.0'}, 'urllib3': {'version': '2.2.3'}, 'wheel': {'version': '0.37.1'}, 'zeroconf': {'version': '0.31.0'}, 'zipp': {'version': '3.5.0'}, 'zope.interface': {'version': '5.4.0'}}
2025-07-05 12:24:56,753 - INFO - [MainThread] cura.CuraApplication.run [888]: Initializing machine error checker
2025-07-05 12:24:56,754 - DEBUG - [MainThread] UM.Backend.Backend._onSocketError [260]: Socket was unable to bind to port, increasing port number to 49840
2025-07-05 12:24:56,755 - DEBUG - [MainThread] UM.Backend.Backend._createSocket [297]: Previous socket existed. Closing that first.
2025-07-05 12:24:56,757 - DEBUG - [MainThread] CuraEngineBackend.CuraEngineBackend._terminate [434]: Attempting to kill the engine process
2025-07-05 12:24:56,758 - DEBUG - [MainThread] UM.Backend.Backend._createSocket [297]: Previous socket existed. Closing that first.
2025-07-05 12:24:56,760 - INFO - [MainThread] cura.CuraApplication.run [893]: Initializing machine manager
2025-07-05 12:24:56,760 - DEBUG - [MainThread] UM.Backend.Backend._onSocketError [260]: Socket was unable to bind to port, increasing port number to 49841
2025-07-05 12:24:56,760 - DEBUG - [MainThread] UM.Backend.Backend._createSocket [297]: Previous socket existed. Closing that first.
2025-07-05 12:24:56,763 - DEBUG - [MainThread] CuraEngineBackend.CuraEngineBackend._terminate [434]: Attempting to kill the engine process
2025-07-05 12:24:56,764 - DEBUG - [MainThread] UM.Backend.Backend._createSocket [297]: Previous socket existed. Closing that first.
2025-07-05 12:24:56,772 - DEBUG - [MainThread] UM.Backend.Backend._onSocketError [260]: Socket was unable to bind to port, increasing port number to 49842
2025-07-05 12:24:56,772 - DEBUG - [MainThread] UM.Backend.Backend._createSocket [297]: Previous socket existed. Closing that first.
2025-07-05 12:24:56,774 - DEBUG - [MainThread] CuraEngineBackend.CuraEngineBackend._terminate [434]: Attempting to kill the engine process
2025-07-05 12:24:56,774 - DEBUG - [MainThread] UM.Backend.Backend._createSocket [297]: Previous socket existed. Closing that first.
2025-07-05 12:24:56,777 - INFO - [MainThread] cura.CuraApplication.run [898]: Initializing container manager
2025-07-05 12:24:56,777 - DEBUG - [MainThread] UM.Backend.Backend._onSocketError [260]: Socket was unable to bind to port, increasing port number to 49843
2025-07-05 12:24:56,778 - DEBUG - [MainThread] UM.Backend.Backend._createSocket [297]: Previous socket existed. Closing that first.
2025-07-05 12:24:56,780 - DEBUG - [MainThread] CuraEngineBackend.CuraEngineBackend._terminate [434]: Attempting to kill the engine process
2025-07-05 12:24:56,780 - DEBUG - [MainThread] UM.Backend.Backend._createSocket [297]: Previous socket existed. Closing that first.
2025-07-05 12:24:56,789 - DEBUG - [MainThread] UM.Backend.Backend._onSocketError [260]: Socket was unable to bind to port, increasing port number to 49844
2025-07-05 12:24:56,789 - DEBUG - [MainThread] UM.Backend.Backend._createSocket [297]: Previous socket existed. Closing that first.
2025-07-05 12:24:56,791 - DEBUG - [MainThread] CuraEngineBackend.CuraEngineBackend._terminate [434]: Attempting to kill the engine process
2025-07-05 12:24:56,791 - DEBUG - [MainThread] UM.Backend.Backend._createSocket [297]: Previous socket existed. Closing that first.
2025-07-05 12:24:57,055 - DEBUG - [MainThread] cura.OAuth2.AuthorizationService.loadAuthDataFromPreferences [284]: Attempting to load the auth data from preferences.
2025-07-05 12:24:57,055 - DEBUG - [MainThread] UM.Backend.Backend._onSocketError [260]: Socket was unable to bind to port, increasing port number to 49845
2025-07-05 12:24:57,056 - DEBUG - [MainThread] UM.Backend.Backend._createSocket [297]: Previous socket existed. Closing that first.
2025-07-05 12:24:57,057 - DEBUG - [MainThread] CuraEngineBackend.CuraEngineBackend._terminate [434]: Attempting to kill the engine process
2025-07-05 12:24:57,059 - DEBUG - [MainThread] UM.Backend.Backend._createSocket [297]: Previous socket existed. Closing that first.
2025-07-05 12:24:57,066 - WARNING - [MainThread] UM.OutputDevice.OutputDeviceManager.removeOutputDevice [235]: Could not find output device with id digital_factory to remove
2025-07-05 12:24:57,083 - DEBUG - [MainThread] UM.Backend.Backend._onSocketError [260]: Socket was unable to bind to port, increasing port number to 49846
2025-07-05 12:24:57,083 - DEBUG - [MainThread] UM.Backend.Backend._createSocket [297]: Previous socket existed. Closing that first.
2025-07-05 12:24:57,084 - DEBUG - [MainThread] CuraEngineBackend.CuraEngineBackend._terminate [434]: Attempting to kill the engine process
2025-07-05 12:24:57,086 - DEBUG - [MainThread] UM.Backend.Backend._createSocket [297]: Previous socket existed. Closing that first.
2025-07-05 12:24:57,092 - DEBUG - [MainThread] UM.Backend.Backend._onSocketError [260]: Socket was unable to bind to port, increasing port number to 49847
2025-07-05 12:24:57,092 - DEBUG - [MainThread] UM.Backend.Backend._createSocket [297]: Previous socket existed. Closing that first.
2025-07-05 12:24:57,094 - DEBUG - [MainThread] CuraEngineBackend.CuraEngineBackend._terminate [434]: Attempting to kill the engine process
2025-07-05 12:24:57,094 - DEBUG - [MainThread] UM.Backend.Backend._createSocket [297]: Previous socket existed. Closing that first.
2025-07-05 12:24:57,102 - DEBUG - [MainThread] UM.Backend.Backend._onSocketError [260]: Socket was unable to bind to port, increasing port number to 49848
2025-07-05 12:24:57,102 - DEBUG - [MainThread] UM.Backend.Backend._createSocket [297]: Previous socket existed. Closing that first.
2025-07-05 12:24:57,104 - DEBUG - [MainThread] CuraEngineBackend.CuraEngineBackend._terminate [434]: Attempting to kill the engine process
2025-07-05 12:24:57,105 - DEBUG - [MainThread] UM.Backend.Backend._createSocket [297]: Previous socket existed. Closing that first.
2025-07-05 12:24:57,110 - DEBUG - [MainThread] UM.Scene.Camera._preferencesChanged [255]: Changing perspective mode to perspective.
2025-07-05 12:24:57,122 - DEBUG - [MainThread] UM.Backend.Backend._onSocketError [260]: Socket was unable to bind to port, increasing port number to 49849
2025-07-05 12:24:57,122 - DEBUG - [MainThread] UM.Backend.Backend._createSocket [297]: Previous socket existed. Closing that first.
2025-07-05 12:24:57,123 - DEBUG - [MainThread] CuraEngineBackend.CuraEngineBackend._terminate [434]: Attempting to kill the engine process
2025-07-05 12:24:57,124 - DEBUG - [MainThread] UM.Backend.Backend._createSocket [297]: Previous socket existed. Closing that first.
2025-07-05 12:24:57,233 - DEBUG - [MainThread] UM.Backend.Backend._onSocketError [260]: Socket was unable to bind to port, increasing port number to 49850
2025-07-05 12:24:57,233 - DEBUG - [MainThread] UM.Backend.Backend._createSocket [297]: Previous socket existed. Closing that first.
2025-07-05 12:24:57,235 - DEBUG - [MainThread] CuraEngineBackend.CuraEngineBackend._terminate [434]: Attempting to kill the engine process
2025-07-05 12:24:57,236 - DEBUG - [MainThread] UM.Backend.Backend._createSocket [297]: Previous socket existed. Closing that first.
2025-07-05 12:24:57,245 - DEBUG - [MainThread] UM.Backend.Backend._onSocketError [260]: Socket was unable to bind to port, increasing port number to 49851
2025-07-05 12:24:57,246 - DEBUG - [MainThread] UM.Backend.Backend._createSocket [297]: Previous socket existed. Closing that first.
2025-07-05 12:24:57,248 - DEBUG - [MainThread] CuraEngineBackend.CuraEngineBackend._terminate [434]: Attempting to kill the engine process
2025-07-05 12:24:57,249 - DEBUG - [MainThread] UM.Backend.Backend._createSocket [297]: Previous socket existed. Closing that first.
2025-07-05 12:24:57,252 - DEBUG - [MainThread] UM.Backend.Backend._onSocketError [260]: Socket was unable to bind to port, increasing port number to 49852
2025-07-05 12:24:57,252 - DEBUG - [MainThread] UM.Backend.Backend._createSocket [297]: Previous socket existed. Closing that first.
2025-07-05 12:24:57,254 - DEBUG - [MainThread] CuraEngineBackend.CuraEngineBackend._terminate [434]: Attempting to kill the engine process
2025-07-05 12:24:57,254 - DEBUG - [MainThread] UM.Backend.Backend._createSocket [297]: Previous socket existed. Closing that first.
2025-07-05 12:24:57,263 - DEBUG - [MainThread] UM.Backend.Backend._onSocketError [260]: Socket was unable to bind to port, increasing port number to 49853
2025-07-05 12:24:57,263 - DEBUG - [MainThread] UM.Backend.Backend._createSocket [297]: Previous socket existed. Closing that first.
2025-07-05 12:24:57,265 - DEBUG - [MainThread] CuraEngineBackend.CuraEngineBackend._terminate [434]: Attempting to kill the engine process
2025-07-05 12:24:57,265 - DEBUG - [MainThread] UM.Backend.Backend._createSocket [297]: Previous socket existed. Closing that first.
2025-07-05 12:24:57,271 - DEBUG - [MainThread] UM.Backend.Backend._onSocketError [260]: Socket was unable to bind to port, increasing port number to 49854
2025-07-05 12:24:57,271 - DEBUG - [MainThread] UM.Backend.Backend._createSocket [297]: Previous socket existed. Closing that first.
2025-07-05 12:24:57,273 - DEBUG - [MainThread] CuraEngineBackend.CuraEngineBackend._terminate [434]: Attempting to kill the engine process
2025-07-05 12:24:57,273 - DEBUG - [MainThread] UM.Backend.Backend._createSocket [297]: Previous socket existed. Closing that first.
2025-07-05 12:24:57,276 - DEBUG - [MainThread] UM.Backend.Backend._onSocketError [260]: Socket was unable to bind to port, increasing port number to 49855
2025-07-05 12:24:57,277 - DEBUG - [MainThread] UM.Backend.Backend._createSocket [297]: Previous socket existed. Closing that first.
2025-07-05 12:24:57,278 - DEBUG - [MainThread] CuraEngineBackend.CuraEngineBackend._terminate [434]: Attempting to kill the engine process
2025-07-05 12:24:57,279 - DEBUG - [MainThread] UM.Backend.Backend._createSocket [297]: Previous socket existed. Closing that first.
2025-07-05 12:24:57,281 - DEBUG - [MainThread] UM.Backend.Backend._onSocketError [260]: Socket was unable to bind to port, increasing port number to 49856
2025-07-05 12:24:57,282 - DEBUG - [MainThread] UM.Backend.Backend._createSocket [297]: Previous socket existed. Closing that first.
2025-07-05 12:24:57,284 - DEBUG - [MainThread] CuraEngineBackend.CuraEngineBackend._terminate [434]: Attempting to kill the engine process
2025-07-05 12:24:57,284 - DEBUG - [MainThread] UM.Backend.Backend._createSocket [297]: Previous socket existed. Closing that first.
2025-07-05 12:24:57,287 - DEBUG - [MainThread] UM.Backend.Backend._onSocketError [260]: Socket was unable to bind to port, increasing port number to 49857
2025-07-05 12:24:57,287 - DEBUG - [MainThread] UM.Backend.Backend._createSocket [297]: Previous socket existed. Closing that first.
2025-07-05 12:24:57,290 - DEBUG - [MainThread] CuraEngineBackend.CuraEngineBackend._terminate [434]: Attempting to kill the engine process
2025-07-05 12:24:57,290 - DEBUG - [MainThread] UM.Backend.Backend._createSocket [297]: Previous socket existed. Closing that first.
2025-07-05 12:24:57,300 - DEBUG - [MainThread] UM.Qt.Bindings.Theme.load [188]: Loading theme file: C:\Program Files\UltiMaker Cura 5.10.1\share\cura\resources\themes\cura-light\theme.json
2025-07-05 12:24:57,357 - DEBUG - [MainThread] UM.Qt.Bindings.Theme.load [323]: Loaded theme C:\Program Files\UltiMaker Cura 5.10.1\share\cura\resources\themes\cura-light
2025-07-05 12:24:57,357 - INFO - [MainThread] UM.Qt.Bindings.Theme.load [324]: System's em size is 13px.
2025-07-05 12:24:57,358 - DEBUG - [MainThread] UM.Backend.Backend._onSocketError [260]: Socket was unable to bind to port, increasing port number to 49858
2025-07-05 12:24:57,358 - DEBUG - [MainThread] UM.Backend.Backend._createSocket [297]: Previous socket existed. Closing that first.
2025-07-05 12:24:57,360 - DEBUG - [MainThread] CuraEngineBackend.CuraEngineBackend._terminate [434]: Attempting to kill the engine process
2025-07-05 12:24:57,360 - DEBUG - [MainThread] UM.Backend.Backend._createSocket [297]: Previous socket existed. Closing that first.
2025-07-05 12:24:57,367 - DEBUG - [MainThread] UM.Backend.Backend._onSocketError [260]: Socket was unable to bind to port, increasing port number to 49859
2025-07-05 12:24:57,368 - DEBUG - [MainThread] UM.Backend.Backend._createSocket [297]: Previous socket existed. Closing that first.
2025-07-05 12:24:57,370 - DEBUG - [MainThread] CuraEngineBackend.CuraEngineBackend._terminate [434]: Attempting to kill the engine process
2025-07-05 12:24:57,370 - DEBUG - [MainThread] UM.Backend.Backend._createSocket [297]: Previous socket existed. Closing that first.
2025-07-05 12:24:57,901 - DEBUG - [MainThread] PostProcessingPlugin.PostProcessingPlugin._createView [355]: Creating post processing plugin view.
2025-07-05 12:24:57,913 - DEBUG - [MainThread] PostProcessingPlugin.PostProcessingPlugin.loadScripts [217]: Begin loading of script: AddCoolingProfile
2025-07-05 12:24:57,920 - DEBUG - [MainThread] PostProcessingPlugin.PostProcessingPlugin.loadScripts [217]: Begin loading of script: ChangeAtZ
2025-07-05 12:24:57,922 - DEBUG - [MainThread] PostProcessingPlugin.PostProcessingPlugin.loadScripts [217]: Begin loading of script: ColorMix
2025-07-05 12:24:57,924 - DEBUG - [MainThread] PostProcessingPlugin.PostProcessingPlugin.loadScripts [217]: Begin loading of script: CreateThumbnail
2025-07-05 12:24:57,925 - DEBUG - [MainThread] PostProcessingPlugin.PostProcessingPlugin.loadScripts [217]: Begin loading of script: DisplayFilenameAndLayerOnLCD
2025-07-05 12:24:57,929 - DEBUG - [MainThread] PostProcessingPlugin.PostProcessingPlugin.loadScripts [217]: Begin loading of script: DisplayInfoOnLCD
2025-07-05 12:24:57,930 - DEBUG - [MainThread] PostProcessingPlugin.PostProcessingPlugin.loadScripts [217]: Begin loading of script: DisplayProgressOnLCD
2025-07-05 12:24:57,932 - DEBUG - [MainThread] PostProcessingPlugin.PostProcessingPlugin.loadScripts [217]: Begin loading of script: FilamentChange
2025-07-05 12:24:57,934 - DEBUG - [MainThread] PostProcessingPlugin.PostProcessingPlugin.loadScripts [217]: Begin loading of script: InsertAtLayerChange
2025-07-05 12:24:57,938 - DEBUG - [MainThread] PostProcessingPlugin.PostProcessingPlugin.loadScripts [217]: Begin loading of script: LimitXYAccelJerk
2025-07-05 12:24:57,941 - DEBUG - [MainThread] PostProcessingPlugin.PostProcessingPlugin.loadScripts [217]: Begin loading of script: PauseAtHeight
2025-07-05 12:24:57,958 - ERROR - [MainThread] PostProcessingPlugin.PostProcessingPlugin.loadScripts [232]: Exception: Exception occurred while loading post processing plugin: 'NoneType' object has no attribute 'extruderList'
2025-07-05 12:24:57,959 - ERROR - [MainThread] PostProcessingPlugin.PostProcessingPlugin.loadScripts [232]: Traceback (most recent call last):
2025-07-05 12:24:57,960 - ERROR - [MainThread] PostProcessingPlugin.PostProcessingPlugin.loadScripts [232]:   File "C:\Program Files\UltiMaker Cura 5.10.1\share\cura\plugins\PostProcessingPlugin\PostProcessingPlugin.py", line 216, in loadScripts
2025-07-05 12:24:57,960 - ERROR - [MainThread] PostProcessingPlugin.PostProcessingPlugin.loadScripts [232]:     temp_object = loaded_class()
2025-07-05 12:24:57,960 - ERROR - [MainThread] PostProcessingPlugin.PostProcessingPlugin.loadScripts [232]:                   ^^^^^^^^^^^^^^
2025-07-05 12:24:57,961 - ERROR - [MainThread] PostProcessingPlugin.PostProcessingPlugin.loadScripts [232]:   File "C:\Program Files\UltiMaker Cura 5.10.1\share\cura\plugins\PostProcessingPlugin\scripts\PurgeLinesAndUnload.py", line 41, in __init__
2025-07-05 12:24:57,961 - ERROR - [MainThread] PostProcessingPlugin.PostProcessingPlugin.loadScripts [232]:     self.extruder = self.global_stack.extruderList
2025-07-05 12:24:57,961 - ERROR - [MainThread] PostProcessingPlugin.PostProcessingPlugin.loadScripts [232]:                     ^^^^^^^^^^^^^^^^^^^^^^^^^^^^^^
2025-07-05 12:24:57,962 - ERROR - [MainThread] PostProcessingPlugin.PostProcessingPlugin.loadScripts [232]: AttributeError: 'NoneType' object has no attribute 'extruderList'
2025-07-05 12:24:57,964 - DEBUG - [MainThread] PostProcessingPlugin.PostProcessingPlugin.loadScripts [217]: Begin loading of script: RetractContinue
2025-07-05 12:24:57,965 - DEBUG - [MainThread] PostProcessingPlugin.PostProcessingPlugin.loadScripts [217]: Begin loading of script: SearchAndReplace
2025-07-05 12:24:57,970 - DEBUG - [MainThread] PostProcessingPlugin.PostProcessingPlugin.loadScripts [217]: Begin loading of script: Stretch
2025-07-05 12:24:57,972 - DEBUG - [MainThread] PostProcessingPlugin.PostProcessingPlugin.loadScripts [217]: Begin loading of script: TimeLapse
2025-07-05 12:24:57,974 - DEBUG - [MainThread] PostProcessingPlugin.PostProcessingPlugin.loadScripts [217]: Begin loading of script: UsePreviousProbeMeasurements
2025-07-05 12:24:58,075 - DEBUG - [MainThread] PostProcessingPlugin.PostProcessingPlugin._createView [365]: Post processing view created.
2025-07-05 12:24:59,338 - WARNING - [MainThread] UM.Qt.QtApplication.__onQmlWarning [448]: file:///C:/Program Files/UltiMaker Cura 5.10.1/share/cura/resources/qml/PrintSetupSelector/ProfileWarningReset.qml:77: TypeError: Cannot read property 'name' of null
2025-07-05 12:24:59,339 - WARNING - [MainThread] UM.Qt.QtApplication.__onQmlWarning [448]: file:///C:/Program Files/UltiMaker Cura 5.10.1/share/cura/resources/qml/PrintSetupSelector/ProfileWarningReset.qml:77: TypeError: Cannot read property 'name' of null
2025-07-05 12:24:59,340 - WARNING - [MainThread] UM.Qt.QtApplication.__onQmlWarning [448]: file:///C:/Program Files/UltiMaker Cura 5.10.1/share/cura/resources/qml/Widgets/SingleSettingSlider.qml:36:9: Unable to assign [undefined] to QString
2025-07-05 12:24:59,340 - WARNING - [MainThread] UM.Qt.QtApplication.__onQmlWarning [448]: file:///C:/Program Files/UltiMaker Cura 5.10.1/share/cura/resources/qml/Widgets/SingleSettingComboBox.qml:74:9: Unable to assign [undefined] to QString
2025-07-05 12:24:59,340 - WARNING - [MainThread] UM.Qt.QtApplication.__onQmlWarning [448]: file:///C:/Program Files/UltiMaker Cura 5.10.1/share/cura/resources/qml/Widgets/SingleSettingTextField.qml:57:9: Unable to assign [undefined] to QString
2025-07-05 12:24:59,340 - WARNING - [MainThread] UM.Qt.QtApplication.__onQmlWarning [448]: file:///C:/Program Files/UltiMaker Cura 5.10.1/share/cura/resources/qml/Widgets/SingleSettingTextField.qml:57:9: Unable to assign [undefined] to QString
2025-07-05 12:24:59,341 - WARNING - [MainThread] UM.Qt.QtApplication.__onQmlWarning [448]: file:///C:/Program Files/UltiMaker Cura 5.10.1/share/cura/resources/qml/Widgets/SingleSettingComboBox.qml:74: TypeError: Cannot read property 'id' of null
2025-07-05 12:24:59,341 - WARNING - [MainThread] UM.Qt.QtApplication.__onQmlWarning [448]: file:///C:/Program Files/UltiMaker Cura 5.10.1/share/cura/resources/qml/Widgets/SingleSettingComboBox.qml:74:9: Unable to assign [undefined] to QString
2025-07-05 12:24:59,341 - WARNING - [MainThread] UM.Qt.QtApplication.__onQmlWarning [448]: <Unknown File>: 
2025-07-05 12:24:59,347 - DEBUG - [MainThread] MeshTools.MeshTools._onEngineCreated [144]: Inserting item in context menu
2025-07-05 12:24:59,391 - WARNING - [MainThread] UM.PluginRegistry._populateMetaData [892]: Could not find plugin SidebarGUIPlugin
2025-07-05 12:24:59,451 - WARNING - [MainThread] UM.Qt.QtApplication.__onQmlWarning [448]: file:///C:/Users/angelo/AppData/Roaming/cura/5.10/plugins/TabbedSettingsPlugin/TabbedSettingsPlugin/resources/qml/TabbedSettingsView.qml:175:17: QML TextField: Binding loop detected for property "implicitHeight"
2025-07-05 12:24:59,451 - WARNING - [MainThread] UM.Qt.QtApplication.__onQmlWarning [448]: file:///C:/Users/angelo/AppData/Roaming/cura/5.10/plugins/TabbedSettingsPlugin/TabbedSettingsPlugin/resources/qml/TabbedSettingsView.qml:175:17: QML TextField: Binding loop detected for property "implicitHeight"
2025-07-05 12:24:59,453 - WARNING - [MainThread] UM.Qt.QtApplication.__onQmlWarning [448]: file:///C:/Users/angelo/AppData/Roaming/cura/5.10/plugins/TabbedSettingsPlugin/TabbedSettingsPlugin/resources/qml/TabbedSettingsView.qml:660:5: QML Connections: Implicitly defined onFoo properties in Connections are deprecated. Use this syntax instead: function onFoo(<arguments>) { ... }
2025-07-05 12:24:59,479 - WARNING - [MainThread] UM.Qt.QtApplication.__onQmlWarning [448]: file:///C:/Users/angelo/AppData/Roaming/cura/5.10/plugins/TabbedSettingsPlugin/TabbedSettingsPlugin/resources/qml/TabbedSettingsView.qml:662:9: Unable to assign [undefined] to QObject*
2025-07-05 12:24:59,480 - WARNING - [MainThread] UM.Qt.QtApplication.__onQmlWarning [448]: file:///C:/Program Files/UltiMaker Cura 5.10.1/share/cura/resources/qml/PrintSetupSelector/Custom/CustomPrintSetup.qml:28: TypeError: Cannot read property 'top' of null
2025-07-05 12:24:59,481 - WARNING - [MainThread] UM.Qt.QtApplication.__onQmlWarning [448]: file:///C:/Program Files/UltiMaker Cura 5.10.1/share/cura/resources/qml/PrintSetupSelector/Custom/CustomPrintSetup.qml:30: TypeError: Cannot read property 'left' of null
2025-07-05 12:24:59,481 - WARNING - [MainThread] UM.Qt.QtApplication.__onQmlWarning [448]: file:///C:/Program Files/UltiMaker Cura 5.10.1/share/cura/resources/qml/PrintSetupSelector/Custom/CustomPrintSetup.qml:31: TypeError: Cannot read property 'padding' of null
2025-07-05 12:24:59,481 - WARNING - [MainThread] UM.Qt.QtApplication.__onQmlWarning [448]: file:///C:/Program Files/UltiMaker Cura 5.10.1/share/cura/resources/qml/PrintSetupSelector/Custom/CustomPrintSetup.qml:32: TypeError: Cannot read property 'right' of null
2025-07-05 12:24:59,482 - WARNING - [MainThread] UM.Qt.QtApplication.__onQmlWarning [448]: file:///C:/Program Files/UltiMaker Cura 5.10.1/share/cura/resources/qml/PrintSetupSelector/Custom/CustomPrintSetup.qml:33: TypeError: Cannot read property 'padding' of null
2025-07-05 12:24:59,482 - WARNING - [MainThread] UM.Qt.QtApplication.__onQmlWarning [448]: file:///C:/Program Files/UltiMaker Cura 5.10.1/share/cura/resources/qml/PrintSetupSelector/Custom/CustomPrintSetup.qml:187: TypeError: Cannot read property 'left' of null
2025-07-05 12:24:59,482 - WARNING - [MainThread] UM.Qt.QtApplication.__onQmlWarning [448]: file:///C:/Program Files/UltiMaker Cura 5.10.1/share/cura/resources/qml/PrintSetupSelector/Custom/CustomPrintSetup.qml:188: TypeError: Cannot read property 'padding' of null
2025-07-05 12:24:59,482 - WARNING - [MainThread] UM.Qt.QtApplication.__onQmlWarning [448]: file:///C:/Program Files/UltiMaker Cura 5.10.1/share/cura/resources/qml/PrintSetupSelector/Custom/CustomPrintSetup.qml:189: TypeError: Cannot read property 'right' of null
2025-07-05 12:24:59,483 - WARNING - [MainThread] UM.Qt.QtApplication.__onQmlWarning [448]: file:///C:/Program Files/UltiMaker Cura 5.10.1/share/cura/resources/qml/PrintSetupSelector/Custom/CustomPrintSetup.qml:190: TypeError: Cannot read property 'padding' of null
2025-07-05 12:24:59,483 - WARNING - [MainThread] UM.Qt.QtApplication.__onQmlWarning [448]: file:///C:/Program Files/UltiMaker Cura 5.10.1/share/cura/resources/qml/PrintSetupSelector/Custom/CustomPrintSetup.qml:248: TypeError: Cannot read property 'left' of null
2025-07-05 12:24:59,483 - WARNING - [MainThread] UM.Qt.QtApplication.__onQmlWarning [448]: file:///C:/Program Files/UltiMaker Cura 5.10.1/share/cura/resources/qml/PrintSetupSelector/Custom/CustomPrintSetup.qml:249: TypeError: Cannot read property 'padding' of null
2025-07-05 12:24:59,483 - WARNING - [MainThread] UM.Qt.QtApplication.__onQmlWarning [448]: file:///C:/Program Files/UltiMaker Cura 5.10.1/share/cura/resources/qml/PrintSetupSelector/Custom/CustomPrintSetup.qml:250: TypeError: Cannot read property 'right' of null
2025-07-05 12:24:59,484 - WARNING - [MainThread] UM.Qt.QtApplication.__onQmlWarning [448]: file:///C:/Program Files/UltiMaker Cura 5.10.1/share/cura/resources/qml/PrintSetupSelector/Custom/CustomPrintSetup.qml:251: TypeError: Cannot read property 'padding' of null
2025-07-05 12:24:59,484 - WARNING - [MainThread] UM.Qt.QtApplication.__onQmlWarning [448]: file:///C:/Program Files/UltiMaker Cura 5.10.1/share/cura/resources/qml/PrintSetupSelector/Custom/CustomPrintSetup.qml:252: TypeError: Cannot read property 'bottom' of null
2025-07-05 12:24:59,486 - WARNING - [MainThread] UM.Qt.QtApplication.__onQmlWarning [448]: file:///C:/Users/angelo/AppData/Roaming/cura/5.10/plugins/TabbedSettingsPlugin/TabbedSettingsPlugin/resources/qml/TabbedSettingsView.qml:660:5: QML Connections: Implicitly defined onFoo properties in Connections are deprecated. Use this syntax instead: function onFoo(<arguments>) { ... }
2025-07-05 12:24:59,487 - DEBUG - [MainThread] UM.Controller.setActiveStage [180]: Setting active stage to PrepareStage
2025-07-05 12:24:59,549 - DEBUG - [MainThread] cura.Machines.Models.NozzleModel._update [28]: Updating NozzleModel.
2025-07-05 12:24:59,552 - WARNING - [MainThread] UM.Qt.QtApplication.__onQmlWarning [448]: file:///C:/Program Files/UltiMaker Cura 5.10.1/share/cura/resources/qml/Menus/ConfigurationMenu/ConfigurationMenu.qml:278: TypeError: Cannot read property 'hasRemoteConnection' of null
2025-07-05 12:24:59,595 - WARNING - [MainThread] UM.Qt.QtApplication.__onQmlWarning [448]: file:///C:/Program Files/UltiMaker Cura 5.10.1/share/cura/resources/qml/Menus/ConfigurationMenu/CustomConfiguration.qml:194: TypeError: Cannot read property 'isEnabled' of null
2025-07-05 12:24:59,624 - DEBUG - [MainThread] UM.Controller.setActiveView [108]: Setting active view to SolidView
2025-07-05 12:24:59,636 - DEBUG - [MainThread] ModelChecker.ModelChecker._createView [118]: Creating model checker view.
2025-07-05 12:24:59,640 - DEBUG - [MainThread] ModelChecker.ModelChecker._createView [127]: Model checker view created.
2025-07-05 12:24:59,641 - DEBUG - [MainThread] SliceInfoPlugin.SliceInfo._createDialog [88]: Creating dialog [MoreInfoWindow.qml]
2025-07-05 12:25:00,541 - DEBUG - [MainThread] cura.CuraApplication.run [940]: Booting Cura took 9.319679737091064 seconds
2025-07-05 12:25:00,543 - DEBUG - [JobQueueWorker [1]] cura.Machines.ContainerTree.run [174]: Started background loading of MachineNodes
2025-07-05 12:25:00,544 - DEBUG - [JobQueueWorker [1]] cura.Machines.ContainerTree.run [185]: All MachineNode loading completed
2025-07-05 12:25:00,545 - DEBUG - [MainThread] UM.Backend.Backend._onSocketError [260]: Socket was unable to bind to port, increasing port number to 49860
2025-07-05 12:25:00,547 - DEBUG - [MainThread] UM.Backend.Backend._createSocket [297]: Previous socket existed. Closing that first.
2025-07-05 12:25:00,552 - DEBUG - [MainThread] CuraEngineBackend.CuraEngineBackend._terminate [434]: Attempting to kill the engine process
2025-07-05 12:25:00,554 - DEBUG - [MainThread] UM.Backend.Backend._createSocket [297]: Previous socket existed. Closing that first.
2025-07-05 12:25:00,566 - DEBUG - [MainThread] cura.Machines.Models.IntentSelectionModel._update [74]: Updating IntentSelectionModel.
2025-07-05 12:25:00,567 - DEBUG - [MainThread] cura.Machines.Models.IntentSelectionModel._update [79]: No active GlobalStack, set quality profile model as empty.
2025-07-05 12:25:00,572 - DEBUG - [MainThread] cura.Machines.Models.CustomQualityProfilesDropDownMenuModel._update [33]: Updating CustomQualityProfilesDropDownMenuModel.
2025-07-05 12:25:00,572 - DEBUG - [MainThread] cura.Machines.Models.CustomQualityProfilesDropDownMenuModel._update [38]: No active GlobalStack, set CustomQualityProfilesDropDownMenuModel as empty.
2025-07-05 12:25:00,615 - DEBUG - [MainThread] UM.Backend.Backend._onSocketError [260]: Socket was unable to bind to port, increasing port number to 49861
2025-07-05 12:25:00,627 - DEBUG - [MainThread] UM.Backend.Backend._createSocket [297]: Previous socket existed. Closing that first.
2025-07-05 12:25:00,630 - DEBUG - [MainThread] CuraEngineBackend.CuraEngineBackend._terminate [434]: Attempting to kill the engine process
2025-07-05 12:25:00,632 - DEBUG - [MainThread] UM.Backend.Backend._createSocket [297]: Previous socket existed. Closing that first.
2025-07-05 12:25:00,638 - DEBUG - [MainThread] UM.Backend.Backend._onSocketError [260]: Socket was unable to bind to port, increasing port number to 49862
2025-07-05 12:25:00,639 - DEBUG - [MainThread] UM.Backend.Backend._createSocket [297]: Previous socket existed. Closing that first.
2025-07-05 12:25:00,643 - DEBUG - [MainThread] CuraEngineBackend.CuraEngineBackend._terminate [434]: Attempting to kill the engine process
2025-07-05 12:25:00,645 - DEBUG - [MainThread] UM.Backend.Backend._createSocket [297]: Previous socket existed. Closing that first.
2025-07-05 12:25:00,650 - DEBUG - [MainThread] UM.Backend.Backend._onSocketError [260]: Socket was unable to bind to port, increasing port number to 49863
2025-07-05 12:25:00,653 - DEBUG - [MainThread] UM.Backend.Backend._createSocket [297]: Previous socket existed. Closing that first.
2025-07-05 12:25:00,656 - DEBUG - [MainThread] CuraEngineBackend.CuraEngineBackend._terminate [434]: Attempting to kill the engine process
2025-07-05 12:25:00,657 - DEBUG - [MainThread] UM.Backend.Backend._createSocket [297]: Previous socket existed. Closing that first.
2025-07-05 12:25:00,662 - DEBUG - [MainThread] UM.Backend.Backend._onSocketError [260]: Socket was unable to bind to port, increasing port number to 49864
2025-07-05 12:25:00,664 - DEBUG - [MainThread] UM.Backend.Backend._createSocket [297]: Previous socket existed. Closing that first.
2025-07-05 12:25:00,668 - DEBUG - [MainThread] CuraEngineBackend.CuraEngineBackend._terminate [434]: Attempting to kill the engine process
2025-07-05 12:25:00,670 - DEBUG - [MainThread] UM.Backend.Backend._createSocket [297]: Previous socket existed. Closing that first.
2025-07-05 12:25:00,674 - DEBUG - [MainThread] UM.Backend.Backend._onSocketError [260]: Socket was unable to bind to port, increasing port number to 49865
2025-07-05 12:25:00,677 - DEBUG - [MainThread] UM.Backend.Backend._createSocket [297]: Previous socket existed. Closing that first.
2025-07-05 12:25:00,682 - DEBUG - [MainThread] CuraEngineBackend.CuraEngineBackend._terminate [434]: Attempting to kill the engine process
2025-07-05 12:25:00,684 - DEBUG - [MainThread] UM.Backend.Backend._createSocket [297]: Previous socket existed. Closing that first.
2025-07-05 12:25:00,689 - DEBUG - [MainThread] UM.Backend.Backend._onSocketError [260]: Socket was unable to bind to port, increasing port number to 49866
2025-07-05 12:25:00,692 - DEBUG - [MainThread] UM.Backend.Backend._createSocket [297]: Previous socket existed. Closing that first.
2025-07-05 12:25:00,698 - DEBUG - [MainThread] CuraEngineBackend.CuraEngineBackend._terminate [434]: Attempting to kill the engine process
2025-07-05 12:25:00,699 - DEBUG - [MainThread] UM.Backend.Backend._createSocket [297]: Previous socket existed. Closing that first.
2025-07-05 12:25:00,703 - DEBUG - [MainThread] UM.Backend.Backend._onSocketError [260]: Socket was unable to bind to port, increasing port number to 49867
2025-07-05 12:25:00,706 - DEBUG - [MainThread] UM.Backend.Backend._createSocket [297]: Previous socket existed. Closing that first.
2025-07-05 12:25:00,711 - DEBUG - [MainThread] CuraEngineBackend.CuraEngineBackend._terminate [434]: Attempting to kill the engine process
2025-07-05 12:25:00,715 - DEBUG - [MainThread] UM.Backend.Backend._createSocket [297]: Previous socket existed. Closing that first.
2025-07-05 12:25:00,721 - DEBUG - [MainThread] UM.Backend.Backend._onSocketError [260]: Socket was unable to bind to port, increasing port number to 49868
2025-07-05 12:25:00,722 - DEBUG - [MainThread] UM.Backend.Backend._createSocket [297]: Previous socket existed. Closing that first.
2025-07-05 12:25:00,726 - DEBUG - [MainThread] CuraEngineBackend.CuraEngineBackend._terminate [434]: Attempting to kill the engine process
2025-07-05 12:25:00,729 - DEBUG - [MainThread] UM.Backend.Backend._createSocket [297]: Previous socket existed. Closing that first.
2025-07-05 12:25:01,049 - DEBUG - [MainThread] UM.View.GL.OpenGL.__init__ [121]: Initialized OpenGL subsystems.
2025-07-05 12:25:01,050 - DEBUG - [MainThread] UM.View.GL.OpenGL.__init__ [122]: OpenGL Version:  4.1.0 Core Profile Context 25.5.1.250226
2025-07-05 12:25:01,051 - DEBUG - [MainThread] UM.View.GL.OpenGL.__init__ [123]: OpenGL Vendor:   ATI Technologies Inc.
2025-07-05 12:25:01,053 - DEBUG - [MainThread] UM.View.GL.OpenGL.__init__ [124]: OpenGL Renderer: AMD Radeon(TM) Graphics
2025-07-05 12:25:01,054 - DEBUG - [MainThread] UM.View.GL.OpenGL.__init__ [125]: GLSL Version:    4.60.0
2025-07-05 12:25:01,059 - DEBUG - [MainThread] UM.Qt.QtRenderer._initialize [211]: Support for Vertex Array Objects: True
2025-07-05 12:25:01,063 - DEBUG - [MainThread] UM.View.GL.ShaderProgram.load [61]: Loading [C:\Program Files\UltiMaker Cura 5.10.1\share\uranium\resources\shaders\default.shader]...
2025-07-05 12:25:01,108 - DEBUG - [MainThread] UM.View.GL.ShaderProgram.load [61]: Loading [C:\Program Files\UltiMaker Cura 5.10.1\share\uranium\resources\shaders\selection.shader]...
2025-07-05 12:25:01,115 - DEBUG - [MainThread] UM.View.GL.ShaderProgram.load [61]: Loading [C:\Program Files\UltiMaker Cura 5.10.1\share\uranium\resources\shaders\select_face.shader]...
2025-07-05 12:25:01,121 - DEBUG - [MainThread] UM.View.GL.ShaderProgram.load [61]: Loading [C:\Program Files\UltiMaker Cura 5.10.1\share\uranium\resources\shaders\default.shader]...
2025-07-05 12:25:01,125 - DEBUG - [MainThread] UM.View.GL.ShaderProgram.load [61]: Loading [C:\Program Files\UltiMaker Cura 5.10.1\share\uranium\resources\shaders\composite.shader]...
2025-07-05 12:25:01,134 - DEBUG - [MainThread] UM.View.GL.ShaderProgram.load [61]: Loading [C:\Program Files\UltiMaker Cura 5.10.1\share\cura\resources\shaders\overhang.shader]...
2025-07-05 12:25:01,140 - DEBUG - [MainThread] UM.View.GL.ShaderProgram.load [61]: Loading [C:\Program Files\UltiMaker Cura 5.10.1\share\cura\resources\shaders\striped.shader]...
2025-07-05 12:25:01,147 - DEBUG - [MainThread] UM.View.GL.ShaderProgram.load [61]: Loading [C:\Program Files\UltiMaker Cura 5.10.1\share\cura\resources\shaders\transparent_object.shader]...
2025-07-05 12:25:01,151 - DEBUG - [MainThread] UM.View.GL.ShaderProgram.load [61]: Loading [C:\Program Files\UltiMaker Cura 5.10.1\share\cura\resources\shaders\striped.shader]...
2025-07-05 12:25:01,154 - DEBUG - [MainThread] UM.View.GL.ShaderProgram.load [61]: Loading [C:\Program Files\UltiMaker Cura 5.10.1\share\cura\resources\shaders\xray.shader]...
2025-07-05 12:25:01,159 - DEBUG - [MainThread] UM.View.GL.ShaderProgram.load [61]: Loading [C:\Program Files\UltiMaker Cura 5.10.1\share\cura\resources\shaders\xray_composite.shader]...
2025-07-05 12:25:01,163 - DEBUG - [MainThread] UM.View.GL.ShaderProgram.load [61]: Loading [C:\Program Files\UltiMaker Cura 5.10.1\share\uranium\resources\shaders\platform.shader]...
2025-07-05 12:25:01,171 - DEBUG - [MainThread] UM.View.GL.ShaderProgram.load [61]: Loading [C:\Program Files\UltiMaker Cura 5.10.1\share\cura\resources\shaders\xray.shader]...
2025-07-05 12:25:01,260 - DEBUG - [MainThread] UM.Backend.Backend._onSocketError [260]: Socket was unable to bind to port, increasing port number to 49869
2025-07-05 12:25:01,261 - DEBUG - [MainThread] UM.Backend.Backend._createSocket [297]: Previous socket existed. Closing that first.
2025-07-05 12:25:01,265 - DEBUG - [MainThread] CuraEngineBackend.CuraEngineBackend._terminate [434]: Attempting to kill the engine process
2025-07-05 12:25:01,267 - DEBUG - [MainThread] UM.Backend.Backend._createSocket [297]: Previous socket existed. Closing that first.
2025-07-05 12:25:01,301 - DEBUG - [MainThread] UM.Backend.Backend._onSocketError [260]: Socket was unable to bind to port, increasing port number to 49870
2025-07-05 12:25:01,302 - DEBUG - [MainThread] UM.Backend.Backend._createSocket [297]: Previous socket existed. Closing that first.
2025-07-05 12:25:01,307 - DEBUG - [MainThread] CuraEngineBackend.CuraEngineBackend._terminate [434]: Attempting to kill the engine process
2025-07-05 12:25:01,308 - DEBUG - [MainThread] UM.Backend.Backend._createSocket [297]: Previous socket existed. Closing that first.
2025-07-05 12:25:01,314 - DEBUG - [MainThread] UM.Backend.Backend._onSocketError [260]: Socket was unable to bind to port, increasing port number to 49871
2025-07-05 12:25:01,315 - DEBUG - [MainThread] UM.Backend.Backend._createSocket [297]: Previous socket existed. Closing that first.
2025-07-05 12:25:01,319 - DEBUG - [MainThread] CuraEngineBackend.CuraEngineBackend._terminate [434]: Attempting to kill the engine process
2025-07-05 12:25:01,321 - DEBUG - [MainThread] UM.Backend.Backend._createSocket [297]: Previous socket existed. Closing that first.
2025-07-05 12:25:01,325 - DEBUG - [MainThread] UM.Backend.Backend._onSocketError [260]: Socket was unable to bind to port, increasing port number to 49872
2025-07-05 12:25:01,328 - DEBUG - [MainThread] UM.Backend.Backend._createSocket [297]: Previous socket existed. Closing that first.
2025-07-05 12:25:01,331 - DEBUG - [MainThread] CuraEngineBackend.CuraEngineBackend._terminate [434]: Attempting to kill the engine process
2025-07-05 12:25:01,332 - DEBUG - [MainThread] UM.Backend.Backend._createSocket [297]: Previous socket existed. Closing that first.
2025-07-05 12:25:01,338 - DEBUG - [MainThread] UM.Backend.Backend._onSocketError [260]: Socket was unable to bind to port, increasing port number to 49873
2025-07-05 12:25:01,339 - DEBUG - [MainThread] UM.Backend.Backend._createSocket [297]: Previous socket existed. Closing that first.
2025-07-05 12:25:01,344 - DEBUG - [MainThread] CuraEngineBackend.CuraEngineBackend._terminate [434]: Attempting to kill the engine process
2025-07-05 12:25:01,345 - DEBUG - [MainThread] UM.Backend.Backend._createSocket [297]: Previous socket existed. Closing that first.
2025-07-05 12:25:01,350 - DEBUG - [MainThread] UM.Backend.Backend._onSocketError [260]: Socket was unable to bind to port, increasing port number to 49874
2025-07-05 12:25:01,351 - DEBUG - [MainThread] UM.Backend.Backend._createSocket [297]: Previous socket existed. Closing that first.
2025-07-05 12:25:01,355 - DEBUG - [MainThread] CuraEngineBackend.CuraEngineBackend._terminate [434]: Attempting to kill the engine process
2025-07-05 12:25:01,356 - DEBUG - [MainThread] UM.Backend.Backend._createSocket [297]: Previous socket existed. Closing that first.
2025-07-05 12:25:01,360 - DEBUG - [MainThread] UM.Backend.Backend._onSocketError [260]: Socket was unable to bind to port, increasing port number to 49875
2025-07-05 12:25:01,360 - DEBUG - [MainThread] UM.Backend.Backend._createSocket [297]: Previous socket existed. Closing that first.
2025-07-05 12:25:01,364 - DEBUG - [MainThread] CuraEngineBackend.CuraEngineBackend._terminate [434]: Attempting to kill the engine process
2025-07-05 12:25:01,367 - DEBUG - [MainThread] UM.Backend.Backend._createSocket [297]: Previous socket existed. Closing that first.
2025-07-05 12:25:01,373 - DEBUG - [MainThread] UM.Backend.Backend._onSocketError [260]: Socket was unable to bind to port, increasing port number to 49876
2025-07-05 12:25:01,376 - DEBUG - [MainThread] UM.Backend.Backend._createSocket [297]: Previous socket existed. Closing that first.
2025-07-05 12:25:01,379 - DEBUG - [MainThread] CuraEngineBackend.CuraEngineBackend._terminate [434]: Attempting to kill the engine process
2025-07-05 12:25:01,381 - DEBUG - [MainThread] UM.Backend.Backend._createSocket [297]: Previous socket existed. Closing that first.
2025-07-05 12:25:01,386 - DEBUG - [MainThread] UM.Backend.Backend._onSocketError [260]: Socket was unable to bind to port, increasing port number to 49877
2025-07-05 12:25:01,387 - DEBUG - [MainThread] UM.Backend.Backend._createSocket [297]: Previous socket existed. Closing that first.
2025-07-05 12:25:01,390 - DEBUG - [MainThread] CuraEngineBackend.CuraEngineBackend._terminate [434]: Attempting to kill the engine process
2025-07-05 12:25:01,392 - DEBUG - [MainThread] UM.Backend.Backend._createSocket [297]: Previous socket existed. Closing that first.
2025-07-05 12:25:01,396 - DEBUG - [MainThread] UM.Backend.Backend._onSocketError [260]: Socket was unable to bind to port, increasing port number to 49878
2025-07-05 12:25:01,398 - DEBUG - [MainThread] UM.Backend.Backend._createSocket [297]: Previous socket existed. Closing that first.
2025-07-05 12:25:01,402 - DEBUG - [MainThread] CuraEngineBackend.CuraEngineBackend._terminate [434]: Attempting to kill the engine process
2025-07-05 12:25:01,405 - DEBUG - [MainThread] UM.Backend.Backend._createSocket [297]: Previous socket existed. Closing that first.
2025-07-05 12:25:01,410 - DEBUG - [MainThread] UM.Backend.Backend._onSocketError [260]: Socket was unable to bind to port, increasing port number to 49879
2025-07-05 12:25:01,412 - DEBUG - [MainThread] UM.Backend.Backend._createSocket [297]: Previous socket existed. Closing that first.
2025-07-05 12:25:01,415 - DEBUG - [MainThread] CuraEngineBackend.CuraEngineBackend._terminate [434]: Attempting to kill the engine process
2025-07-05 12:25:01,417 - DEBUG - [MainThread] UM.Backend.Backend._createSocket [297]: Previous socket existed. Closing that first.
2025-07-05 12:25:01,422 - DEBUG - [MainThread] UM.Backend.Backend._onSocketError [260]: Socket was unable to bind to port, increasing port number to 49880
2025-07-05 12:25:01,424 - DEBUG - [MainThread] UM.Backend.Backend._createSocket [297]: Previous socket existed. Closing that first.
2025-07-05 12:25:01,429 - DEBUG - [MainThread] CuraEngineBackend.CuraEngineBackend._terminate [434]: Attempting to kill the engine process
2025-07-05 12:25:01,433 - DEBUG - [MainThread] UM.Backend.Backend._createSocket [297]: Previous socket existed. Closing that first.
2025-07-05 12:25:01,439 - DEBUG - [MainThread] UM.Backend.Backend._onSocketError [260]: Socket was unable to bind to port, increasing port number to 49881
2025-07-05 12:25:01,441 - DEBUG - [MainThread] UM.Backend.Backend._createSocket [297]: Previous socket existed. Closing that first.
2025-07-05 12:25:01,445 - DEBUG - [MainThread] CuraEngineBackend.CuraEngineBackend._terminate [434]: Attempting to kill the engine process
2025-07-05 12:25:01,448 - DEBUG - [MainThread] UM.Backend.Backend._createSocket [297]: Previous socket existed. Closing that first.
2025-07-05 12:25:01,456 - DEBUG - [MainThread] UM.Backend.Backend._onSocketError [260]: Socket was unable to bind to port, increasing port number to 49882
2025-07-05 12:25:01,458 - DEBUG - [MainThread] UM.Backend.Backend._createSocket [297]: Previous socket existed. Closing that first.
2025-07-05 12:25:01,462 - DEBUG - [MainThread] CuraEngineBackend.CuraEngineBackend._terminate [434]: Attempting to kill the engine process
2025-07-05 12:25:01,465 - DEBUG - [MainThread] UM.Backend.Backend._createSocket [297]: Previous socket existed. Closing that first.
2025-07-05 12:25:01,471 - DEBUG - [MainThread] UM.Backend.Backend._onSocketError [260]: Socket was unable to bind to port, increasing port number to 49883
2025-07-05 12:25:01,473 - DEBUG - [MainThread] UM.Backend.Backend._createSocket [297]: Previous socket existed. Closing that first.
2025-07-05 12:25:01,478 - DEBUG - [MainThread] CuraEngineBackend.CuraEngineBackend._terminate [434]: Attempting to kill the engine process
2025-07-05 12:25:01,479 - DEBUG - [MainThread] UM.Backend.Backend._createSocket [297]: Previous socket existed. Closing that first.
2025-07-05 12:25:01,482 - DEBUG - [MainThread] UM.Backend.Backend._onSocketError [260]: Socket was unable to bind to port, increasing port number to 49884
2025-07-05 12:25:01,484 - DEBUG - [MainThread] UM.Backend.Backend._createSocket [297]: Previous socket existed. Closing that first.
2025-07-05 12:25:01,488 - DEBUG - [MainThread] CuraEngineBackend.CuraEngineBackend._terminate [434]: Attempting to kill the engine process
2025-07-05 12:25:01,489 - DEBUG - [MainThread] UM.Backend.Backend._createSocket [297]: Previous socket existed. Closing that first.
2025-07-05 12:25:01,497 - DEBUG - [MainThread] UM.Backend.Backend._onSocketError [260]: Socket was unable to bind to port, increasing port number to 49885
2025-07-05 12:25:01,498 - DEBUG - [MainThread] UM.Backend.Backend._createSocket [297]: Previous socket existed. Closing that first.
2025-07-05 12:25:01,503 - DEBUG - [MainThread] CuraEngineBackend.CuraEngineBackend._terminate [434]: Attempting to kill the engine process
2025-07-05 12:25:01,505 - DEBUG - [MainThread] UM.Backend.Backend._createSocket [297]: Previous socket existed. Closing that first.
2025-07-05 12:25:01,510 - DEBUG - [MainThread] UM.Backend.Backend._onSocketError [260]: Socket was unable to bind to port, increasing port number to 49886
2025-07-05 12:25:01,511 - DEBUG - [MainThread] UM.Backend.Backend._createSocket [297]: Previous socket existed. Closing that first.
2025-07-05 12:25:01,514 - DEBUG - [MainThread] CuraEngineBackend.CuraEngineBackend._terminate [434]: Attempting to kill the engine process
2025-07-05 12:25:01,516 - DEBUG - [MainThread] UM.Backend.Backend._createSocket [297]: Previous socket existed. Closing that first.
2025-07-05 12:25:01,521 - DEBUG - [MainThread] UM.Backend.Backend._onSocketError [260]: Socket was unable to bind to port, increasing port number to 49887
2025-07-05 12:25:01,524 - DEBUG - [MainThread] UM.Backend.Backend._createSocket [297]: Previous socket existed. Closing that first.
2025-07-05 12:25:01,528 - DEBUG - [MainThread] CuraEngineBackend.CuraEngineBackend._terminate [434]: Attempting to kill the engine process
2025-07-05 12:25:01,528 - DEBUG - [MainThread] UM.Backend.Backend._createSocket [297]: Previous socket existed. Closing that first.
2025-07-05 12:25:01,531 - DEBUG - [MainThread] UM.Backend.Backend._onSocketError [260]: Socket was unable to bind to port, increasing port number to 49888
2025-07-05 12:25:01,531 - DEBUG - [MainThread] UM.Backend.Backend._createSocket [297]: Previous socket existed. Closing that first.
2025-07-05 12:25:01,533 - DEBUG - [MainThread] CuraEngineBackend.CuraEngineBackend._terminate [434]: Attempting to kill the engine process
2025-07-05 12:25:01,534 - DEBUG - [MainThread] UM.Backend.Backend._createSocket [297]: Previous socket existed. Closing that first.
2025-07-05 12:25:01,537 - DEBUG - [MainThread] UM.Backend.Backend._onSocketError [260]: Socket was unable to bind to port, increasing port number to 49889
2025-07-05 12:25:01,537 - DEBUG - [MainThread] UM.Backend.Backend._createSocket [297]: Previous socket existed. Closing that first.
2025-07-05 12:25:01,539 - DEBUG - [MainThread] CuraEngineBackend.CuraEngineBackend._terminate [434]: Attempting to kill the engine process
2025-07-05 12:25:01,541 - DEBUG - [MainThread] UM.Backend.Backend._createSocket [297]: Previous socket existed. Closing that first.
2025-07-05 12:25:01,547 - DEBUG - [MainThread] UM.Backend.Backend._onSocketError [260]: Socket was unable to bind to port, increasing port number to 49890
2025-07-05 12:25:01,547 - DEBUG - [MainThread] UM.Backend.Backend._createSocket [297]: Previous socket existed. Closing that first.
2025-07-05 12:25:01,551 - DEBUG - [MainThread] CuraEngineBackend.CuraEngineBackend._terminate [434]: Attempting to kill the engine process
2025-07-05 12:25:01,551 - DEBUG - [MainThread] UM.Backend.Backend._createSocket [297]: Previous socket existed. Closing that first.
2025-07-05 12:25:01,561 - DEBUG - [MainThread] UM.Backend.Backend._onSocketError [260]: Socket was unable to bind to port, increasing port number to 49891
2025-07-05 12:25:01,563 - DEBUG - [MainThread] UM.Backend.Backend._createSocket [297]: Previous socket existed. Closing that first.
2025-07-05 12:25:01,567 - DEBUG - [MainThread] CuraEngineBackend.CuraEngineBackend._terminate [434]: Attempting to kill the engine process
2025-07-05 12:25:01,570 - DEBUG - [MainThread] UM.Backend.Backend._createSocket [297]: Previous socket existed. Closing that first.
2025-07-05 12:25:01,578 - DEBUG - [MainThread] UM.Backend.Backend._onSocketError [260]: Socket was unable to bind to port, increasing port number to 49892
2025-07-05 12:25:01,579 - DEBUG - [MainThread] UM.Backend.Backend._createSocket [297]: Previous socket existed. Closing that first.
2025-07-05 12:25:01,582 - DEBUG - [MainThread] CuraEngineBackend.CuraEngineBackend._terminate [434]: Attempting to kill the engine process
2025-07-05 12:25:01,584 - DEBUG - [MainThread] UM.Backend.Backend._createSocket [297]: Previous socket existed. Closing that first.
2025-07-05 12:25:01,589 - DEBUG - [MainThread] UM.Backend.Backend._onSocketError [260]: Socket was unable to bind to port, increasing port number to 49893
2025-07-05 12:25:01,591 - DEBUG - [MainThread] UM.Backend.Backend._createSocket [297]: Previous socket existed. Closing that first.
2025-07-05 12:25:01,596 - DEBUG - [MainThread] CuraEngineBackend.CuraEngineBackend._terminate [434]: Attempting to kill the engine process
2025-07-05 12:25:01,596 - DEBUG - [MainThread] UM.Backend.Backend._createSocket [297]: Previous socket existed. Closing that first.
2025-07-05 12:25:01,602 - DEBUG - [MainThread] UM.Backend.Backend._onSocketError [260]: Socket was unable to bind to port, increasing port number to 49894
2025-07-05 12:25:01,603 - DEBUG - [MainThread] UM.Backend.Backend._createSocket [297]: Previous socket existed. Closing that first.
2025-07-05 12:25:01,606 - DEBUG - [MainThread] CuraEngineBackend.CuraEngineBackend._terminate [434]: Attempting to kill the engine process
2025-07-05 12:25:01,608 - DEBUG - [MainThread] UM.Backend.Backend._createSocket [297]: Previous socket existed. Closing that first.
2025-07-05 12:25:01,612 - DEBUG - [MainThread] UM.Backend.Backend._onSocketError [260]: Socket was unable to bind to port, increasing port number to 49895
2025-07-05 12:25:01,615 - DEBUG - [MainThread] UM.Backend.Backend._createSocket [297]: Previous socket existed. Closing that first.
2025-07-05 12:25:01,617 - DEBUG - [MainThread] CuraEngineBackend.CuraEngineBackend._terminate [434]: Attempting to kill the engine process
2025-07-05 12:25:01,620 - DEBUG - [MainThread] UM.Backend.Backend._createSocket [297]: Previous socket existed. Closing that first.
2025-07-05 12:25:01,626 - DEBUG - [MainThread] UM.Backend.Backend._onSocketError [260]: Socket was unable to bind to port, increasing port number to 49896
2025-07-05 12:25:01,627 - DEBUG - [MainThread] UM.Backend.Backend._createSocket [297]: Previous socket existed. Closing that first.
2025-07-05 12:25:01,630 - DEBUG - [MainThread] CuraEngineBackend.CuraEngineBackend._terminate [434]: Attempting to kill the engine process
2025-07-05 12:25:01,632 - DEBUG - [MainThread] UM.Backend.Backend._createSocket [297]: Previous socket existed. Closing that first.
2025-07-05 12:25:01,637 - DEBUG - [MainThread] UM.Backend.Backend._onSocketError [260]: Socket was unable to bind to port, increasing port number to 49897
2025-07-05 12:25:01,637 - DEBUG - [MainThread] UM.Backend.Backend._createSocket [297]: Previous socket existed. Closing that first.
2025-07-05 12:25:01,640 - DEBUG - [MainThread] CuraEngineBackend.CuraEngineBackend._terminate [434]: Attempting to kill the engine process
2025-07-05 12:25:01,642 - DEBUG - [MainThread] UM.Backend.Backend._createSocket [297]: Previous socket existed. Closing that first.
2025-07-05 12:25:01,646 - DEBUG - [MainThread] UM.Backend.Backend._onSocketError [260]: Socket was unable to bind to port, increasing port number to 49898
2025-07-05 12:25:01,649 - DEBUG - [MainThread] UM.Backend.Backend._createSocket [297]: Previous socket existed. Closing that first.
2025-07-05 12:25:01,654 - DEBUG - [MainThread] CuraEngineBackend.CuraEngineBackend._terminate [434]: Attempting to kill the engine process
2025-07-05 12:25:01,655 - DEBUG - [MainThread] UM.Backend.Backend._createSocket [297]: Previous socket existed. Closing that first.
2025-07-05 12:25:01,660 - DEBUG - [MainThread] UM.Backend.Backend._onSocketError [260]: Socket was unable to bind to port, increasing port number to 49899
2025-07-05 12:25:01,662 - DEBUG - [MainThread] UM.Backend.Backend._createSocket [297]: Previous socket existed. Closing that first.
2025-07-05 12:25:01,665 - DEBUG - [MainThread] CuraEngineBackend.CuraEngineBackend._terminate [434]: Attempting to kill the engine process
2025-07-05 12:25:01,668 - DEBUG - [MainThread] UM.Backend.Backend._createSocket [297]: Previous socket existed. Closing that first.
2025-07-05 12:25:01,673 - DEBUG - [MainThread] UM.Backend.Backend._onSocketError [260]: Socket was unable to bind to port, increasing port number to 49900
2025-07-05 12:25:01,673 - DEBUG - [MainThread] UM.Backend.Backend._createSocket [297]: Previous socket existed. Closing that first.
2025-07-05 12:25:01,677 - DEBUG - [MainThread] CuraEngineBackend.CuraEngineBackend._terminate [434]: Attempting to kill the engine process
2025-07-05 12:25:01,677 - DEBUG - [MainThread] UM.Backend.Backend._createSocket [297]: Previous socket existed. Closing that first.
2025-07-05 12:25:01,683 - DEBUG - [MainThread] UM.Backend.Backend._onSocketError [260]: Socket was unable to bind to port, increasing port number to 49901
2025-07-05 12:25:01,686 - DEBUG - [MainThread] UM.Backend.Backend._createSocket [297]: Previous socket existed. Closing that first.
2025-07-05 12:25:01,689 - DEBUG - [MainThread] CuraEngineBackend.CuraEngineBackend._terminate [434]: Attempting to kill the engine process
2025-07-05 12:25:01,691 - DEBUG - [MainThread] UM.Backend.Backend._createSocket [297]: Previous socket existed. Closing that first.
2025-07-05 12:25:01,696 - DEBUG - [MainThread] UM.Backend.Backend._onSocketError [260]: Socket was unable to bind to port, increasing port number to 49902
2025-07-05 12:25:01,698 - DEBUG - [MainThread] UM.Backend.Backend._createSocket [297]: Previous socket existed. Closing that first.
2025-07-05 12:25:01,700 - DEBUG - [MainThread] CuraEngineBackend.CuraEngineBackend._terminate [434]: Attempting to kill the engine process
2025-07-05 12:25:01,704 - DEBUG - [MainThread] UM.Backend.Backend._createSocket [297]: Previous socket existed. Closing that first.
2025-07-05 12:25:01,707 - DEBUG - [MainThread] UM.Backend.Backend._onSocketError [260]: Socket was unable to bind to port, increasing port number to 49903
2025-07-05 12:25:01,709 - DEBUG - [MainThread] UM.Backend.Backend._createSocket [297]: Previous socket existed. Closing that first.
2025-07-05 12:25:01,712 - DEBUG - [MainThread] CuraEngineBackend.CuraEngineBackend._terminate [434]: Attempting to kill the engine process
2025-07-05 12:25:01,715 - DEBUG - [MainThread] UM.Backend.Backend._createSocket [297]: Previous socket existed. Closing that first.
2025-07-05 12:25:01,719 - DEBUG - [MainThread] UM.Backend.Backend._onSocketError [260]: Socket was unable to bind to port, increasing port number to 49904
2025-07-05 12:25:01,721 - DEBUG - [MainThread] UM.Backend.Backend._createSocket [297]: Previous socket existed. Closing that first.
2025-07-05 12:25:01,725 - DEBUG - [MainThread] CuraEngineBackend.CuraEngineBackend._terminate [434]: Attempting to kill the engine process
2025-07-05 12:25:01,726 - DEBUG - [MainThread] UM.Backend.Backend._createSocket [297]: Previous socket existed. Closing that first.
2025-07-05 12:25:01,729 - DEBUG - [MainThread] UM.Backend.Backend._onSocketError [260]: Socket was unable to bind to port, increasing port number to 49905
2025-07-05 12:25:01,731 - DEBUG - [MainThread] UM.Backend.Backend._createSocket [297]: Previous socket existed. Closing that first.
2025-07-05 12:25:01,735 - DEBUG - [MainThread] CuraEngineBackend.CuraEngineBackend._terminate [434]: Attempting to kill the engine process
2025-07-05 12:25:01,735 - DEBUG - [MainThread] UM.Backend.Backend._createSocket [297]: Previous socket existed. Closing that first.
2025-07-05 12:25:01,741 - DEBUG - [MainThread] UM.Backend.Backend._onSocketError [260]: Socket was unable to bind to port, increasing port number to 49906
2025-07-05 12:25:01,744 - DEBUG - [MainThread] UM.Backend.Backend._createSocket [297]: Previous socket existed. Closing that first.
2025-07-05 12:25:01,748 - DEBUG - [MainThread] CuraEngineBackend.CuraEngineBackend._terminate [434]: Attempting to kill the engine process
2025-07-05 12:25:01,749 - DEBUG - [MainThread] UM.Backend.Backend._createSocket [297]: Previous socket existed. Closing that first.
2025-07-05 12:25:01,754 - DEBUG - [MainThread] UM.Backend.Backend._onSocketError [260]: Socket was unable to bind to port, increasing port number to 49907
2025-07-05 12:25:01,756 - DEBUG - [MainThread] UM.Backend.Backend._createSocket [297]: Previous socket existed. Closing that first.
2025-07-05 12:25:01,759 - DEBUG - [MainThread] CuraEngineBackend.CuraEngineBackend._terminate [434]: Attempting to kill the engine process
2025-07-05 12:25:01,762 - DEBUG - [MainThread] UM.Backend.Backend._createSocket [297]: Previous socket existed. Closing that first.
2025-07-05 12:25:01,767 - DEBUG - [MainThread] UM.Backend.Backend._onSocketError [260]: Socket was unable to bind to port, increasing port number to 49908
2025-07-05 12:25:01,767 - DEBUG - [MainThread] UM.Backend.Backend._createSocket [297]: Previous socket existed. Closing that first.
2025-07-05 12:25:01,771 - DEBUG - [MainThread] CuraEngineBackend.CuraEngineBackend._terminate [434]: Attempting to kill the engine process
2025-07-05 12:25:01,774 - DEBUG - [MainThread] UM.Backend.Backend._createSocket [297]: Previous socket existed. Closing that first.
2025-07-05 12:25:01,780 - DEBUG - [MainThread] UM.Backend.Backend._onSocketError [260]: Socket was unable to bind to port, increasing port number to 49909
2025-07-05 12:25:01,782 - DEBUG - [MainThread] UM.Backend.Backend._createSocket [297]: Previous socket existed. Closing that first.
2025-07-05 12:25:01,785 - DEBUG - [MainThread] CuraEngineBackend.CuraEngineBackend._terminate [434]: Attempting to kill the engine process
2025-07-05 12:25:01,787 - DEBUG - [MainThread] UM.Backend.Backend._createSocket [297]: Previous socket existed. Closing that first.
2025-07-05 12:25:01,792 - DEBUG - [MainThread] UM.Backend.Backend._onSocketError [260]: Socket was unable to bind to port, increasing port number to 49910
2025-07-05 12:25:01,793 - DEBUG - [MainThread] UM.Backend.Backend._createSocket [297]: Previous socket existed. Closing that first.
2025-07-05 12:25:01,797 - DEBUG - [MainThread] CuraEngineBackend.CuraEngineBackend._terminate [434]: Attempting to kill the engine process
2025-07-05 12:25:01,798 - DEBUG - [MainThread] UM.Backend.Backend._createSocket [297]: Previous socket existed. Closing that first.
2025-07-05 12:25:01,803 - DEBUG - [MainThread] UM.Backend.Backend._onSocketError [260]: Socket was unable to bind to port, increasing port number to 49911
2025-07-05 12:25:01,804 - DEBUG - [MainThread] UM.Backend.Backend._createSocket [297]: Previous socket existed. Closing that first.
2025-07-05 12:25:01,807 - DEBUG - [MainThread] CuraEngineBackend.CuraEngineBackend._terminate [434]: Attempting to kill the engine process
2025-07-05 12:25:01,810 - DEBUG - [MainThread] UM.Backend.Backend._createSocket [297]: Previous socket existed. Closing that first.
2025-07-05 12:25:01,815 - DEBUG - [MainThread] UM.Backend.Backend._onSocketError [260]: Socket was unable to bind to port, increasing port number to 49912
2025-07-05 12:25:01,816 - DEBUG - [MainThread] UM.Backend.Backend._createSocket [297]: Previous socket existed. Closing that first.
2025-07-05 12:25:01,819 - DEBUG - [MainThread] CuraEngineBackend.CuraEngineBackend._terminate [434]: Attempting to kill the engine process
2025-07-05 12:25:01,822 - DEBUG - [MainThread] UM.Backend.Backend._createSocket [297]: Previous socket existed. Closing that first.
2025-07-05 12:25:01,828 - DEBUG - [MainThread] UM.Backend.Backend._onSocketError [260]: Socket was unable to bind to port, increasing port number to 49913
2025-07-05 12:25:01,832 - DEBUG - [MainThread] UM.Backend.Backend._createSocket [297]: Previous socket existed. Closing that first.
2025-07-05 12:25:01,838 - DEBUG - [MainThread] CuraEngineBackend.CuraEngineBackend._terminate [434]: Attempting to kill the engine process
2025-07-05 12:25:01,841 - DEBUG - [MainThread] UM.Backend.Backend._createSocket [297]: Previous socket existed. Closing that first.
2025-07-05 12:25:01,847 - DEBUG - [MainThread] UM.Backend.Backend._onSocketError [260]: Socket was unable to bind to port, increasing port number to 49914
2025-07-05 12:25:01,851 - DEBUG - [MainThread] UM.Backend.Backend._createSocket [297]: Previous socket existed. Closing that first.
2025-07-05 12:25:01,857 - DEBUG - [MainThread] CuraEngineBackend.CuraEngineBackend._terminate [434]: Attempting to kill the engine process
2025-07-05 12:25:01,867 - DEBUG - [MainThread] UM.Backend.Backend._createSocket [297]: Previous socket existed. Closing that first.
2025-07-05 12:25:01,872 - DEBUG - [MainThread] UM.Backend.Backend._onSocketError [260]: Socket was unable to bind to port, increasing port number to 49915
2025-07-05 12:25:01,873 - DEBUG - [MainThread] UM.Backend.Backend._createSocket [297]: Previous socket existed. Closing that first.
2025-07-05 12:25:01,877 - DEBUG - [MainThread] CuraEngineBackend.CuraEngineBackend._terminate [434]: Attempting to kill the engine process
2025-07-05 12:25:01,879 - DEBUG - [MainThread] UM.Backend.Backend._createSocket [297]: Previous socket existed. Closing that first.
2025-07-05 12:25:01,884 - DEBUG - [MainThread] UM.Backend.Backend._onSocketError [260]: Socket was unable to bind to port, increasing port number to 49916
2025-07-05 12:25:01,885 - DEBUG - [MainThread] UM.Backend.Backend._createSocket [297]: Previous socket existed. Closing that first.
2025-07-05 12:25:01,888 - DEBUG - [MainThread] CuraEngineBackend.CuraEngineBackend._terminate [434]: Attempting to kill the engine process
2025-07-05 12:25:01,890 - DEBUG - [MainThread] UM.Backend.Backend._createSocket [297]: Previous socket existed. Closing that first.
2025-07-05 12:25:01,896 - DEBUG - [MainThread] UM.Backend.Backend._onSocketError [260]: Socket was unable to bind to port, increasing port number to 49917
2025-07-05 12:25:01,896 - DEBUG - [MainThread] UM.Backend.Backend._createSocket [297]: Previous socket existed. Closing that first.
2025-07-05 12:25:01,900 - DEBUG - [MainThread] CuraEngineBackend.CuraEngineBackend._terminate [434]: Attempting to kill the engine process
2025-07-05 12:25:01,903 - DEBUG - [MainThread] UM.Backend.Backend._createSocket [297]: Previous socket existed. Closing that first.
2025-07-05 12:25:01,909 - DEBUG - [MainThread] UM.Backend.Backend._onSocketError [260]: Socket was unable to bind to port, increasing port number to 49918
2025-07-05 12:25:01,910 - DEBUG - [MainThread] UM.Backend.Backend._createSocket [297]: Previous socket existed. Closing that first.
2025-07-05 12:25:01,917 - DEBUG - [MainThread] CuraEngineBackend.CuraEngineBackend._terminate [434]: Attempting to kill the engine process
2025-07-05 12:25:01,919 - DEBUG - [MainThread] UM.Backend.Backend._createSocket [297]: Previous socket existed. Closing that first.
2025-07-05 12:25:01,927 - DEBUG - [MainThread] UM.Backend.Backend._onSocketError [260]: Socket was unable to bind to port, increasing port number to 49919
2025-07-05 12:25:01,927 - DEBUG - [MainThread] UM.Backend.Backend._createSocket [297]: Previous socket existed. Closing that first.
2025-07-05 12:25:01,933 - DEBUG - [MainThread] CuraEngineBackend.CuraEngineBackend._terminate [434]: Attempting to kill the engine process
2025-07-05 12:25:01,935 - DEBUG - [MainThread] UM.Backend.Backend._createSocket [297]: Previous socket existed. Closing that first.
2025-07-05 12:25:01,944 - DEBUG - [MainThread] UM.Backend.Backend._onSocketError [260]: Socket was unable to bind to port, increasing port number to 49920
2025-07-05 12:25:01,950 - DEBUG - [MainThread] UM.Backend.Backend._createSocket [297]: Previous socket existed. Closing that first.
2025-07-05 12:25:01,954 - DEBUG - [MainThread] CuraEngineBackend.CuraEngineBackend._terminate [434]: Attempting to kill the engine process
2025-07-05 12:25:01,956 - DEBUG - [MainThread] UM.Backend.Backend._createSocket [297]: Previous socket existed. Closing that first.
2025-07-05 12:25:01,962 - DEBUG - [MainThread] UM.Backend.Backend._onSocketError [260]: Socket was unable to bind to port, increasing port number to 49921
2025-07-05 12:25:01,964 - DEBUG - [MainThread] UM.Backend.Backend._createSocket [297]: Previous socket existed. Closing that first.
2025-07-05 12:25:01,969 - DEBUG - [MainThread] CuraEngineBackend.CuraEngineBackend._terminate [434]: Attempting to kill the engine process
2025-07-05 12:25:01,971 - DEBUG - [MainThread] UM.Backend.Backend._createSocket [297]: Previous socket existed. Closing that first.
2025-07-05 12:25:01,978 - DEBUG - [MainThread] UM.Backend.Backend._onSocketError [260]: Socket was unable to bind to port, increasing port number to 49922
2025-07-05 12:25:01,980 - DEBUG - [MainThread] UM.Backend.Backend._createSocket [297]: Previous socket existed. Closing that first.
2025-07-05 12:25:01,984 - DEBUG - [MainThread] CuraEngineBackend.CuraEngineBackend._terminate [434]: Attempting to kill the engine process
2025-07-05 12:25:01,988 - DEBUG - [MainThread] UM.Backend.Backend._createSocket [297]: Previous socket existed. Closing that first.
2025-07-05 12:25:01,997 - DEBUG - [MainThread] UM.Backend.Backend._onSocketError [260]: Socket was unable to bind to port, increasing port number to 49923
2025-07-05 12:25:01,999 - DEBUG - [MainThread] UM.Backend.Backend._createSocket [297]: Previous socket existed. Closing that first.
2025-07-05 12:25:02,003 - DEBUG - [MainThread] CuraEngineBackend.CuraEngineBackend._terminate [434]: Attempting to kill the engine process
2025-07-05 12:25:02,005 - DEBUG - [MainThread] UM.Backend.Backend._createSocket [297]: Previous socket existed. Closing that first.
2025-07-05 12:25:02,015 - DEBUG - [MainThread] UM.Backend.Backend._onSocketError [260]: Socket was unable to bind to port, increasing port number to 49924
2025-07-05 12:25:02,015 - DEBUG - [MainThread] UM.Backend.Backend._createSocket [297]: Previous socket existed. Closing that first.
2025-07-05 12:25:02,019 - DEBUG - [MainThread] CuraEngineBackend.CuraEngineBackend._terminate [434]: Attempting to kill the engine process
2025-07-05 12:25:02,021 - DEBUG - [MainThread] UM.Backend.Backend._createSocket [297]: Previous socket existed. Closing that first.
2025-07-05 12:25:02,029 - DEBUG - [MainThread] UM.Backend.Backend._onSocketError [260]: Socket was unable to bind to port, increasing port number to 49925
2025-07-05 12:25:02,031 - DEBUG - [MainThread] UM.Backend.Backend._createSocket [297]: Previous socket existed. Closing that first.
2025-07-05 12:25:02,039 - DEBUG - [MainThread] CuraEngineBackend.CuraEngineBackend._terminate [434]: Attempting to kill the engine process
2025-07-05 12:25:02,041 - DEBUG - [MainThread] UM.Backend.Backend._createSocket [297]: Previous socket existed. Closing that first.
2025-07-05 12:25:02,044 - DEBUG - [MainThread] UM.Backend.Backend._onSocketError [260]: Socket was unable to bind to port, increasing port number to 49926
2025-07-05 12:25:02,047 - DEBUG - [MainThread] UM.Backend.Backend._createSocket [297]: Previous socket existed. Closing that first.
2025-07-05 12:25:02,050 - DEBUG - [MainThread] CuraEngineBackend.CuraEngineBackend._terminate [434]: Attempting to kill the engine process
2025-07-05 12:25:02,055 - DEBUG - [MainThread] UM.Backend.Backend._createSocket [297]: Previous socket existed. Closing that first.
2025-07-05 12:25:02,063 - DEBUG - [MainThread] UM.Backend.Backend._onSocketError [260]: Socket was unable to bind to port, increasing port number to 49927
2025-07-05 12:25:02,063 - DEBUG - [MainThread] UM.Backend.Backend._createSocket [297]: Previous socket existed. Closing that first.
2025-07-05 12:25:02,070 - DEBUG - [MainThread] CuraEngineBackend.CuraEngineBackend._terminate [434]: Attempting to kill the engine process
2025-07-05 12:25:02,071 - DEBUG - [MainThread] UM.Backend.Backend._createSocket [297]: Previous socket existed. Closing that first.
2025-07-05 12:25:02,077 - DEBUG - [MainThread] UM.Backend.Backend._onSocketError [260]: Socket was unable to bind to port, increasing port number to 49928
2025-07-05 12:25:02,078 - DEBUG - [MainThread] UM.Backend.Backend._createSocket [297]: Previous socket existed. Closing that first.
2025-07-05 12:25:02,083 - DEBUG - [MainThread] CuraEngineBackend.CuraEngineBackend._terminate [434]: Attempting to kill the engine process
2025-07-05 12:25:02,086 - DEBUG - [MainThread] UM.Backend.Backend._createSocket [297]: Previous socket existed. Closing that first.
2025-07-05 12:25:02,093 - DEBUG - [MainThread] UM.Backend.Backend._onSocketError [260]: Socket was unable to bind to port, increasing port number to 49929
2025-07-05 12:25:02,095 - DEBUG - [MainThread] UM.Backend.Backend._createSocket [297]: Previous socket existed. Closing that first.
2025-07-05 12:25:02,098 - DEBUG - [MainThread] CuraEngineBackend.CuraEngineBackend._terminate [434]: Attempting to kill the engine process
2025-07-05 12:25:02,098 - DEBUG - [MainThread] UM.Backend.Backend._createSocket [297]: Previous socket existed. Closing that first.
2025-07-05 12:25:02,105 - DEBUG - [MainThread] UM.Backend.Backend._onSocketError [260]: Socket was unable to bind to port, increasing port number to 49930
2025-07-05 12:25:02,107 - DEBUG - [MainThread] UM.Backend.Backend._createSocket [297]: Previous socket existed. Closing that first.
2025-07-05 12:25:02,111 - DEBUG - [MainThread] CuraEngineBackend.CuraEngineBackend._terminate [434]: Attempting to kill the engine process
2025-07-05 12:25:02,113 - DEBUG - [MainThread] UM.Backend.Backend._createSocket [297]: Previous socket existed. Closing that first.
2025-07-05 12:25:02,124 - DEBUG - [MainThread] UM.Backend.Backend._onSocketError [260]: Socket was unable to bind to port, increasing port number to 49931
2025-07-05 12:25:02,126 - DEBUG - [MainThread] UM.Backend.Backend._createSocket [297]: Previous socket existed. Closing that first.
2025-07-05 12:25:02,130 - DEBUG - [MainThread] CuraEngineBackend.CuraEngineBackend._terminate [434]: Attempting to kill the engine process
2025-07-05 12:25:02,132 - DEBUG - [MainThread] UM.Backend.Backend._createSocket [297]: Previous socket existed. Closing that first.
2025-07-05 12:25:02,138 - DEBUG - [MainThread] UM.Backend.Backend._onSocketError [260]: Socket was unable to bind to port, increasing port number to 49932
2025-07-05 12:25:02,140 - DEBUG - [MainThread] UM.Backend.Backend._createSocket [297]: Previous socket existed. Closing that first.
2025-07-05 12:25:02,143 - DEBUG - [MainThread] CuraEngineBackend.CuraEngineBackend._terminate [434]: Attempting to kill the engine process
2025-07-05 12:25:02,145 - DEBUG - [MainThread] UM.Backend.Backend._createSocket [297]: Previous socket existed. Closing that first.
2025-07-05 12:25:02,151 - DEBUG - [MainThread] UM.Backend.Backend._onSocketError [260]: Socket was unable to bind to port, increasing port number to 49933
2025-07-05 12:25:02,151 - DEBUG - [MainThread] UM.Backend.Backend._createSocket [297]: Previous socket existed. Closing that first.
2025-07-05 12:25:02,156 - DEBUG - [MainThread] CuraEngineBackend.CuraEngineBackend._terminate [434]: Attempting to kill the engine process
2025-07-05 12:25:02,156 - DEBUG - [MainThread] UM.Backend.Backend._createSocket [297]: Previous socket existed. Closing that first.
2025-07-05 12:25:02,160 - DEBUG - [MainThread] UM.Backend.Backend._onSocketError [260]: Socket was unable to bind to port, increasing port number to 49934
2025-07-05 12:25:02,162 - DEBUG - [MainThread] UM.Backend.Backend._createSocket [297]: Previous socket existed. Closing that first.
2025-07-05 12:25:02,168 - DEBUG - [MainThread] CuraEngineBackend.CuraEngineBackend._terminate [434]: Attempting to kill the engine process
2025-07-05 12:25:02,170 - DEBUG - [MainThread] UM.Backend.Backend._createSocket [297]: Previous socket existed. Closing that first.
2025-07-05 12:25:02,181 - DEBUG - [MainThread] UM.Backend.Backend._onSocketError [260]: Socket was unable to bind to port, increasing port number to 49935
2025-07-05 12:25:02,181 - DEBUG - [MainThread] UM.Backend.Backend._createSocket [297]: Previous socket existed. Closing that first.
2025-07-05 12:25:02,185 - DEBUG - [MainThread] CuraEngineBackend.CuraEngineBackend._terminate [434]: Attempting to kill the engine process
2025-07-05 12:25:02,189 - DEBUG - [MainThread] UM.Backend.Backend._createSocket [297]: Previous socket existed. Closing that first.
2025-07-05 12:25:02,196 - DEBUG - [MainThread] UM.Backend.Backend._onSocketError [260]: Socket was unable to bind to port, increasing port number to 49936
2025-07-05 12:25:02,198 - DEBUG - [MainThread] UM.Backend.Backend._createSocket [297]: Previous socket existed. Closing that first.
2025-07-05 12:25:02,200 - DEBUG - [MainThread] CuraEngineBackend.CuraEngineBackend._terminate [434]: Attempting to kill the engine process
2025-07-05 12:25:02,202 - DEBUG - [MainThread] UM.Backend.Backend._createSocket [297]: Previous socket existed. Closing that first.
2025-07-05 12:25:02,208 - DEBUG - [MainThread] UM.Backend.Backend._onSocketError [260]: Socket was unable to bind to port, increasing port number to 49937
2025-07-05 12:25:02,210 - DEBUG - [MainThread] UM.Backend.Backend._createSocket [297]: Previous socket existed. Closing that first.
2025-07-05 12:25:02,214 - DEBUG - [MainThread] CuraEngineBackend.CuraEngineBackend._terminate [434]: Attempting to kill the engine process
2025-07-05 12:25:02,216 - DEBUG - [MainThread] UM.Backend.Backend._createSocket [297]: Previous socket existed. Closing that first.
2025-07-05 12:25:02,222 - DEBUG - [MainThread] UM.Backend.Backend._onSocketError [260]: Socket was unable to bind to port, increasing port number to 49938
2025-07-05 12:25:02,222 - DEBUG - [MainThread] UM.Backend.Backend._createSocket [297]: Previous socket existed. Closing that first.
2025-07-05 12:25:02,226 - DEBUG - [MainThread] CuraEngineBackend.CuraEngineBackend._terminate [434]: Attempting to kill the engine process
2025-07-05 12:25:02,228 - DEBUG - [MainThread] UM.Backend.Backend._createSocket [297]: Previous socket existed. Closing that first.
2025-07-05 12:25:02,234 - DEBUG - [MainThread] UM.Backend.Backend._onSocketError [260]: Socket was unable to bind to port, increasing port number to 49939
2025-07-05 12:25:02,236 - DEBUG - [MainThread] UM.Backend.Backend._createSocket [297]: Previous socket existed. Closing that first.
2025-07-05 12:25:02,242 - DEBUG - [MainThread] CuraEngineBackend.CuraEngineBackend._terminate [434]: Attempting to kill the engine process
2025-07-05 12:25:02,243 - DEBUG - [MainThread] UM.Backend.Backend._createSocket [297]: Previous socket existed. Closing that first.
2025-07-05 12:25:02,255 - DEBUG - [MainThread] UM.Backend.Backend._onSocketError [260]: Socket was unable to bind to port, increasing port number to 49940
2025-07-05 12:25:02,255 - DEBUG - [MainThread] UM.Backend.Backend._createSocket [297]: Previous socket existed. Closing that first.
2025-07-05 12:25:02,259 - DEBUG - [MainThread] CuraEngineBackend.CuraEngineBackend._terminate [434]: Attempting to kill the engine process
2025-07-05 12:25:02,261 - DEBUG - [MainThread] UM.Backend.Backend._createSocket [297]: Previous socket existed. Closing that first.
2025-07-05 12:25:02,267 - DEBUG - [MainThread] UM.Backend.Backend._onSocketError [260]: Socket was unable to bind to port, increasing port number to 49941
2025-07-05 12:25:02,269 - DEBUG - [MainThread] UM.Backend.Backend._createSocket [297]: Previous socket existed. Closing that first.
2025-07-05 12:25:02,273 - DEBUG - [MainThread] CuraEngineBackend.CuraEngineBackend._terminate [434]: Attempting to kill the engine process
2025-07-05 12:25:02,274 - DEBUG - [MainThread] UM.Backend.Backend._createSocket [297]: Previous socket existed. Closing that first.
2025-07-05 12:25:02,284 - DEBUG - [MainThread] UM.Backend.Backend._onSocketError [260]: Socket was unable to bind to port, increasing port number to 49942
2025-07-05 12:25:02,286 - DEBUG - [MainThread] UM.Backend.Backend._createSocket [297]: Previous socket existed. Closing that first.
2025-07-05 12:25:02,290 - DEBUG - [MainThread] CuraEngineBackend.CuraEngineBackend._terminate [434]: Attempting to kill the engine process
2025-07-05 12:25:02,293 - DEBUG - [MainThread] UM.Backend.Backend._createSocket [297]: Previous socket existed. Closing that first.
2025-07-05 12:25:02,299 - DEBUG - [MainThread] UM.Backend.Backend._onSocketError [260]: Socket was unable to bind to port, increasing port number to 49943
2025-07-05 12:25:02,299 - DEBUG - [MainThread] UM.Backend.Backend._createSocket [297]: Previous socket existed. Closing that first.
2025-07-05 12:25:02,303 - DEBUG - [MainThread] CuraEngineBackend.CuraEngineBackend._terminate [434]: Attempting to kill the engine process
2025-07-05 12:25:02,304 - DEBUG - [MainThread] UM.Backend.Backend._createSocket [297]: Previous socket existed. Closing that first.
2025-07-05 12:25:02,307 - DEBUG - [MainThread] UM.Backend.Backend._onSocketError [260]: Socket was unable to bind to port, increasing port number to 49944
2025-07-05 12:25:02,309 - DEBUG - [MainThread] UM.Backend.Backend._createSocket [297]: Previous socket existed. Closing that first.
2025-07-05 12:25:02,313 - DEBUG - [MainThread] CuraEngineBackend.CuraEngineBackend._terminate [434]: Attempting to kill the engine process
2025-07-05 12:25:02,315 - DEBUG - [MainThread] UM.Backend.Backend._createSocket [297]: Previous socket existed. Closing that first.
2025-07-05 12:25:02,320 - DEBUG - [MainThread] UM.Backend.Backend._onSocketError [260]: Socket was unable to bind to port, increasing port number to 49945
2025-07-05 12:25:02,322 - DEBUG - [MainThread] UM.Backend.Backend._createSocket [297]: Previous socket existed. Closing that first.
2025-07-05 12:25:02,327 - DEBUG - [MainThread] CuraEngineBackend.CuraEngineBackend._terminate [434]: Attempting to kill the engine process
2025-07-05 12:25:02,329 - DEBUG - [MainThread] UM.Backend.Backend._createSocket [297]: Previous socket existed. Closing that first.
2025-07-05 12:25:02,333 - DEBUG - [MainThread] UM.Backend.Backend._onSocketError [260]: Socket was unable to bind to port, increasing port number to 49946
2025-07-05 12:25:02,333 - DEBUG - [MainThread] UM.Backend.Backend._createSocket [297]: Previous socket existed. Closing that first.
2025-07-05 12:25:02,336 - DEBUG - [MainThread] CuraEngineBackend.CuraEngineBackend._terminate [434]: Attempting to kill the engine process
2025-07-05 12:25:02,338 - DEBUG - [MainThread] UM.Backend.Backend._createSocket [297]: Previous socket existed. Closing that first.
2025-07-05 12:25:02,342 - DEBUG - [MainThread] UM.Backend.Backend._onSocketError [260]: Socket was unable to bind to port, increasing port number to 49947
2025-07-05 12:25:02,344 - DEBUG - [MainThread] UM.Backend.Backend._createSocket [297]: Previous socket existed. Closing that first.
2025-07-05 12:25:02,348 - DEBUG - [MainThread] CuraEngineBackend.CuraEngineBackend._terminate [434]: Attempting to kill the engine process
2025-07-05 12:25:02,350 - DEBUG - [MainThread] UM.Backend.Backend._createSocket [297]: Previous socket existed. Closing that first.
2025-07-05 12:25:02,354 - DEBUG - [MainThread] UM.Backend.Backend._onSocketError [260]: Socket was unable to bind to port, increasing port number to 49948
2025-07-05 12:25:02,354 - DEBUG - [MainThread] UM.Backend.Backend._createSocket [297]: Previous socket existed. Closing that first.
2025-07-05 12:25:02,358 - DEBUG - [MainThread] CuraEngineBackend.CuraEngineBackend._terminate [434]: Attempting to kill the engine process
2025-07-05 12:25:02,358 - DEBUG - [MainThread] UM.Backend.Backend._createSocket [297]: Previous socket existed. Closing that first.
2025-07-05 12:25:02,363 - DEBUG - [MainThread] UM.Backend.Backend._onSocketError [260]: Socket was unable to bind to port, increasing port number to 49949
2025-07-05 12:25:02,363 - DEBUG - [MainThread] UM.Backend.Backend._createSocket [297]: Previous socket existed. Closing that first.
2025-07-05 12:25:02,367 - DEBUG - [MainThread] CuraEngineBackend.CuraEngineBackend._terminate [434]: Attempting to kill the engine process
2025-07-05 12:25:02,368 - DEBUG - [MainThread] UM.Backend.Backend._createSocket [297]: Previous socket existed. Closing that first.
2025-07-05 12:25:02,374 - DEBUG - [MainThread] UM.Backend.Backend._onSocketError [260]: Socket was unable to bind to port, increasing port number to 49950
2025-07-05 12:25:02,376 - DEBUG - [MainThread] UM.Backend.Backend._createSocket [297]: Previous socket existed. Closing that first.
2025-07-05 12:25:02,380 - DEBUG - [MainThread] CuraEngineBackend.CuraEngineBackend._terminate [434]: Attempting to kill the engine process
2025-07-05 12:25:02,382 - DEBUG - [MainThread] UM.Backend.Backend._createSocket [297]: Previous socket existed. Closing that first.
2025-07-05 12:25:02,386 - DEBUG - [MainThread] UM.Backend.Backend._onSocketError [260]: Socket was unable to bind to port, increasing port number to 49951
2025-07-05 12:25:02,387 - DEBUG - [MainThread] UM.Backend.Backend._createSocket [297]: Previous socket existed. Closing that first.
2025-07-05 12:25:02,391 - DEBUG - [MainThread] CuraEngineBackend.CuraEngineBackend._terminate [434]: Attempting to kill the engine process
2025-07-05 12:25:02,395 - DEBUG - [MainThread] UM.Backend.Backend._createSocket [297]: Previous socket existed. Closing that first.
2025-07-05 12:25:02,403 - DEBUG - [MainThread] UM.Backend.Backend._onSocketError [260]: Socket was unable to bind to port, increasing port number to 49952
2025-07-05 12:25:02,404 - DEBUG - [MainThread] UM.Backend.Backend._createSocket [297]: Previous socket existed. Closing that first.
2025-07-05 12:25:02,408 - DEBUG - [MainThread] CuraEngineBackend.CuraEngineBackend._terminate [434]: Attempting to kill the engine process
2025-07-05 12:25:02,408 - DEBUG - [MainThread] UM.Backend.Backend._createSocket [297]: Previous socket existed. Closing that first.
2025-07-05 12:25:02,414 - DEBUG - [MainThread] UM.Backend.Backend._onSocketError [260]: Socket was unable to bind to port, increasing port number to 49953
2025-07-05 12:25:02,415 - DEBUG - [MainThread] UM.Backend.Backend._createSocket [297]: Previous socket existed. Closing that first.
2025-07-05 12:25:02,419 - DEBUG - [MainThread] CuraEngineBackend.CuraEngineBackend._terminate [434]: Attempting to kill the engine process
2025-07-05 12:25:02,423 - DEBUG - [MainThread] UM.Backend.Backend._createSocket [297]: Previous socket existed. Closing that first.
2025-07-05 12:25:02,429 - DEBUG - [MainThread] UM.Backend.Backend._onSocketError [260]: Socket was unable to bind to port, increasing port number to 49954
2025-07-05 12:25:02,430 - DEBUG - [MainThread] UM.Backend.Backend._createSocket [297]: Previous socket existed. Closing that first.
2025-07-05 12:25:02,433 - DEBUG - [MainThread] CuraEngineBackend.CuraEngineBackend._terminate [434]: Attempting to kill the engine process
2025-07-05 12:25:02,435 - DEBUG - [MainThread] UM.Backend.Backend._createSocket [297]: Previous socket existed. Closing that first.
2025-07-05 12:25:02,441 - DEBUG - [MainThread] UM.Backend.Backend._onSocketError [260]: Socket was unable to bind to port, increasing port number to 49955
2025-07-05 12:25:02,441 - DEBUG - [MainThread] UM.Backend.Backend._createSocket [297]: Previous socket existed. Closing that first.
2025-07-05 12:25:02,444 - DEBUG - [MainThread] CuraEngineBackend.CuraEngineBackend._terminate [434]: Attempting to kill the engine process
2025-07-05 12:25:02,445 - DEBUG - [MainThread] UM.Backend.Backend._createSocket [297]: Previous socket existed. Closing that first.
2025-07-05 12:25:02,449 - DEBUG - [MainThread] UM.Backend.Backend._onSocketError [260]: Socket was unable to bind to port, increasing port number to 49956
2025-07-05 12:25:02,451 - DEBUG - [MainThread] UM.Backend.Backend._createSocket [297]: Previous socket existed. Closing that first.
2025-07-05 12:25:02,455 - DEBUG - [MainThread] CuraEngineBackend.CuraEngineBackend._terminate [434]: Attempting to kill the engine process
2025-07-05 12:25:02,455 - DEBUG - [MainThread] UM.Backend.Backend._createSocket [297]: Previous socket existed. Closing that first.
2025-07-05 12:25:02,460 - DEBUG - [MainThread] UM.Backend.Backend._onSocketError [260]: Socket was unable to bind to port, increasing port number to 49957
2025-07-05 12:25:02,462 - DEBUG - [MainThread] UM.Backend.Backend._createSocket [297]: Previous socket existed. Closing that first.
2025-07-05 12:25:02,464 - DEBUG - [MainThread] CuraEngineBackend.CuraEngineBackend._terminate [434]: Attempting to kill the engine process
2025-07-05 12:25:02,468 - DEBUG - [MainThread] UM.Backend.Backend._createSocket [297]: Previous socket existed. Closing that first.
2025-07-05 12:25:02,472 - DEBUG - [MainThread] UM.Backend.Backend._onSocketError [260]: Socket was unable to bind to port, increasing port number to 49958
2025-07-05 12:25:02,474 - DEBUG - [MainThread] UM.Backend.Backend._createSocket [297]: Previous socket existed. Closing that first.
2025-07-05 12:25:02,476 - DEBUG - [MainThread] CuraEngineBackend.CuraEngineBackend._terminate [434]: Attempting to kill the engine process
2025-07-05 12:25:02,478 - DEBUG - [MainThread] UM.Backend.Backend._createSocket [297]: Previous socket existed. Closing that first.
2025-07-05 12:25:02,484 - DEBUG - [MainThread] UM.Backend.Backend._onSocketError [260]: Socket was unable to bind to port, increasing port number to 49959
2025-07-05 12:25:02,484 - DEBUG - [MainThread] UM.Backend.Backend._createSocket [297]: Previous socket existed. Closing that first.
2025-07-05 12:25:02,488 - DEBUG - [MainThread] CuraEngineBackend.CuraEngineBackend._terminate [434]: Attempting to kill the engine process
2025-07-05 12:25:02,488 - DEBUG - [MainThread] UM.Backend.Backend._createSocket [297]: Previous socket existed. Closing that first.
2025-07-05 12:25:02,494 - DEBUG - [MainThread] UM.Backend.Backend._onSocketError [260]: Socket was unable to bind to port, increasing port number to 49960
2025-07-05 12:25:02,494 - DEBUG - [MainThread] UM.Backend.Backend._createSocket [297]: Previous socket existed. Closing that first.
2025-07-05 12:25:02,498 - DEBUG - [MainThread] CuraEngineBackend.CuraEngineBackend._terminate [434]: Attempting to kill the engine process
2025-07-05 12:25:02,500 - DEBUG - [MainThread] UM.Backend.Backend._createSocket [297]: Previous socket existed. Closing that first.
2025-07-05 12:25:02,506 - DEBUG - [MainThread] UM.Backend.Backend._onSocketError [260]: Socket was unable to bind to port, increasing port number to 49961
2025-07-05 12:25:02,507 - DEBUG - [MainThread] UM.Backend.Backend._createSocket [297]: Previous socket existed. Closing that first.
2025-07-05 12:25:02,511 - DEBUG - [MainThread] CuraEngineBackend.CuraEngineBackend._terminate [434]: Attempting to kill the engine process
2025-07-05 12:25:02,515 - DEBUG - [MainThread] UM.Backend.Backend._createSocket [297]: Previous socket existed. Closing that first.
2025-07-05 12:25:02,520 - DEBUG - [MainThread] UM.Backend.Backend._onSocketError [260]: Socket was unable to bind to port, increasing port number to 49962
2025-07-05 12:25:02,522 - DEBUG - [MainThread] UM.Backend.Backend._createSocket [297]: Previous socket existed. Closing that first.
2025-07-05 12:25:02,524 - DEBUG - [MainThread] CuraEngineBackend.CuraEngineBackend._terminate [434]: Attempting to kill the engine process
2025-07-05 12:25:02,526 - DEBUG - [MainThread] UM.Backend.Backend._createSocket [297]: Previous socket existed. Closing that first.
2025-07-05 12:25:02,530 - DEBUG - [MainThread] UM.Backend.Backend._onSocketError [260]: Socket was unable to bind to port, increasing port number to 49963
2025-07-05 12:25:02,532 - DEBUG - [MainThread] UM.Backend.Backend._createSocket [297]: Previous socket existed. Closing that first.
2025-07-05 12:25:02,536 - DEBUG - [MainThread] CuraEngineBackend.CuraEngineBackend._terminate [434]: Attempting to kill the engine process
2025-07-05 12:25:02,538 - DEBUG - [MainThread] UM.Backend.Backend._createSocket [297]: Previous socket existed. Closing that first.
2025-07-05 12:25:02,542 - DEBUG - [MainThread] UM.Backend.Backend._onSocketError [260]: Socket was unable to bind to port, increasing port number to 49964
2025-07-05 12:25:02,544 - DEBUG - [MainThread] UM.Backend.Backend._createSocket [297]: Previous socket existed. Closing that first.
2025-07-05 12:25:02,546 - DEBUG - [MainThread] CuraEngineBackend.CuraEngineBackend._terminate [434]: Attempting to kill the engine process
2025-07-05 12:25:02,550 - DEBUG - [MainThread] UM.Backend.Backend._createSocket [297]: Previous socket existed. Closing that first.
2025-07-05 12:25:02,555 - DEBUG - [MainThread] UM.Backend.Backend._onSocketError [260]: Socket was unable to bind to port, increasing port number to 49965
2025-07-05 12:25:02,555 - DEBUG - [MainThread] UM.Backend.Backend._createSocket [297]: Previous socket existed. Closing that first.
2025-07-05 12:25:02,559 - DEBUG - [MainThread] CuraEngineBackend.CuraEngineBackend._terminate [434]: Attempting to kill the engine process
2025-07-05 12:25:02,559 - DEBUG - [MainThread] UM.Backend.Backend._createSocket [297]: Previous socket existed. Closing that first.
2025-07-05 12:25:02,565 - DEBUG - [MainThread] UM.Backend.Backend._onSocketError [260]: Socket was unable to bind to port, increasing port number to 49966
2025-07-05 12:25:02,565 - DEBUG - [MainThread] UM.Backend.Backend._createSocket [297]: Previous socket existed. Closing that first.
2025-07-05 12:25:02,569 - DEBUG - [MainThread] CuraEngineBackend.CuraEngineBackend._terminate [434]: Attempting to kill the engine process
2025-07-05 12:25:02,573 - DEBUG - [MainThread] UM.Backend.Backend._createSocket [297]: Previous socket existed. Closing that first.
2025-07-05 12:25:02,582 - DEBUG - [MainThread] UM.Backend.Backend._onSocketError [260]: Socket was unable to bind to port, increasing port number to 49967
2025-07-05 12:25:02,584 - DEBUG - [MainThread] UM.Backend.Backend._createSocket [297]: Previous socket existed. Closing that first.
2025-07-05 12:25:02,589 - DEBUG - [MainThread] CuraEngineBackend.CuraEngineBackend._terminate [434]: Attempting to kill the engine process
2025-07-05 12:25:02,591 - DEBUG - [MainThread] UM.Backend.Backend._createSocket [297]: Previous socket existed. Closing that first.
2025-07-05 12:25:02,595 - DEBUG - [MainThread] UM.Backend.Backend._onSocketError [260]: Socket was unable to bind to port, increasing port number to 49968
2025-07-05 12:25:02,597 - DEBUG - [MainThread] UM.Backend.Backend._createSocket [297]: Previous socket existed. Closing that first.
2025-07-05 12:25:02,601 - DEBUG - [MainThread] CuraEngineBackend.CuraEngineBackend._terminate [434]: Attempting to kill the engine process
2025-07-05 12:25:02,601 - DEBUG - [MainThread] UM.Backend.Backend._createSocket [297]: Previous socket existed. Closing that first.
2025-07-05 12:25:02,609 - DEBUG - [MainThread] UM.Backend.Backend._onSocketError [260]: Socket was unable to bind to port, increasing port number to 49969
2025-07-05 12:25:02,609 - DEBUG - [MainThread] UM.Backend.Backend._createSocket [297]: Previous socket existed. Closing that first.
2025-07-05 12:25:02,615 - DEBUG - [MainThread] CuraEngineBackend.CuraEngineBackend._terminate [434]: Attempting to kill the engine process
2025-07-05 12:25:02,616 - DEBUG - [MainThread] UM.Backend.Backend._createSocket [297]: Previous socket existed. Closing that first.
2025-07-05 12:25:02,620 - DEBUG - [MainThread] UM.Backend.Backend._onSocketError [260]: Socket was unable to bind to port, increasing port number to 49970
2025-07-05 12:25:02,625 - DEBUG - [MainThread] UM.Backend.Backend._createSocket [297]: Previous socket existed. Closing that first.
2025-07-05 12:25:02,628 - DEBUG - [MainThread] CuraEngineBackend.CuraEngineBackend._terminate [434]: Attempting to kill the engine process
2025-07-05 12:25:02,629 - DEBUG - [MainThread] UM.Backend.Backend._createSocket [297]: Previous socket existed. Closing that first.
2025-07-05 12:25:02,633 - DEBUG - [MainThread] UM.Backend.Backend._onSocketError [260]: Socket was unable to bind to port, increasing port number to 49971
2025-07-05 12:25:02,634 - DEBUG - [MainThread] UM.Backend.Backend._createSocket [297]: Previous socket existed. Closing that first.
2025-07-05 12:25:02,637 - DEBUG - [MainThread] CuraEngineBackend.CuraEngineBackend._terminate [434]: Attempting to kill the engine process
2025-07-05 12:25:02,639 - DEBUG - [MainThread] UM.Backend.Backend._createSocket [297]: Previous socket existed. Closing that first.
2025-07-05 12:25:02,645 - DEBUG - [MainThread] UM.Backend.Backend._onSocketError [260]: Socket was unable to bind to port, increasing port number to 49972
2025-07-05 12:25:02,645 - DEBUG - [MainThread] UM.Backend.Backend._createSocket [297]: Previous socket existed. Closing that first.
2025-07-05 12:25:02,650 - DEBUG - [MainThread] CuraEngineBackend.CuraEngineBackend._terminate [434]: Attempting to kill the engine process
2025-07-05 12:25:02,652 - DEBUG - [MainThread] UM.Backend.Backend._createSocket [297]: Previous socket existed. Closing that first.
2025-07-05 12:25:02,657 - DEBUG - [MainThread] UM.Backend.Backend._onSocketError [260]: Socket was unable to bind to port, increasing port number to 49973
2025-07-05 12:25:02,659 - DEBUG - [MainThread] UM.Backend.Backend._createSocket [297]: Previous socket existed. Closing that first.
2025-07-05 12:25:02,662 - DEBUG - [MainThread] CuraEngineBackend.CuraEngineBackend._terminate [434]: Attempting to kill the engine process
2025-07-05 12:25:02,664 - DEBUG - [MainThread] UM.Backend.Backend._createSocket [297]: Previous socket existed. Closing that first.
2025-07-05 12:25:02,669 - DEBUG - [MainThread] UM.Backend.Backend._logSocketState [232]: Socket state changed to Listening
2025-07-05 12:25:02,674 - INFO - [MainThread] UM.Backend.Backend.startEngine [96]: Started engine process: C:\Program Files\UltiMaker Cura 5.10.1\CuraEngine.exe
2025-07-05 12:25:02,676 - DEBUG - [MainThread] UM.Backend.Backend._backendLog [140]: [Backend] Calling engine with: ['C:\\Program Files\\UltiMaker Cura 5.10.1\\CuraEngine.exe', 'connect', '127.0.0.1:49973', '']
2025-07-05 12:25:02,722 - DEBUG - [EngineOutputThread] UM.Backend.Backend._backendLog [140]: [Backend] [2025-07-05 12:25:02.720] [info] Sentry url: https://734f9ec9024f73e53701d59c3ffddfe3@o323038.ingest.sentry.io/4506257745510401
2025-07-05 12:25:02,726 - DEBUG - [EngineOutputThread] UM.Backend.Backend._backendLog [140]: [Backend] [2025-07-05 12:25:02.721] [info] Sentry config path: C:/Users/*******/AppData/Roaming/cura/.sentry-native
2025-07-05 12:25:02,726 - DEBUG - [EngineOutputThread] UM.Backend.Backend._backendLog [140]: [Backend] [2025-07-05 12:25:02.721] [info] Starting sentry
2025-07-05 12:25:02,735 - DEBUG - [EngineOutputThread] UM.Backend.Backend._backendLog [140]: [Backend] [2025-07-05 12:25:02.734] [info] Connecting to 127.0.0.1:49973
2025-07-05 12:25:02,737 - DEBUG - [MainThread] UM.Backend.Backend._logSocketState [236]: Socket state changed to Connected
2025-07-05 12:25:02,743 - DEBUG - [MainThread] UM.Backend.Backend._onSocketStateChanged [225]: Backend connected on port 49973
2025-07-05 12:25:02,835 - DEBUG - [EngineOutputThread] UM.Backend.Backend._backendLog [140]: [Backend] [2025-07-05 12:25:02.835] [info] Connected to 127.0.0.1:49973
2025-07-05 12:25:03,510 - INFO - [JobQueueWorker [0]] SettingsGuide2.CuraSettingsGuide.load_all [181]: Finished loading Settings Guide articles.
2025-07-05 12:25:09,680 - DEBUG - [MainThread] DuetRRFPlugin.DuetRRFPlugin._check_unmapped_settings [83]: called
2025-07-05 12:25:09,680 - DEBUG - [MainThread] DuetRRFPlugin.DuetRRFPlugin._check_unmapped_settings [100]: No unmapped settings found.
2025-07-05 12:25:12,636 - INFO - [MainThread] cura.CuraApplication.writeToLog [674]: User accepted the User-Agreement.
2025-07-05 12:25:14,528 - WARNING - [MainThread] UM.Qt.QtApplication.__onQmlWarning [448]: file:///C:/Program Files/UltiMaker Cura 5.10.1/share/cura/resources/qml/WelcomePages/AddLocalPrinterScrollView.qml:357:25: Unable to assign QString to QRegularExpression
2025-07-05 12:25:18,380 - INFO - [MainThread] cura.Settings.MachineManager.addMachine [429]: Trying to add a machine with the definition id [ultimaker_s5]
2025-07-05 12:25:20,200 - DEBUG - [MainThread] cura.Machines.ContainerTree.__getitem__ [120]: Adding container tree for ultimaker_s5 took 1.3860983848571777 seconds.
2025-07-05 12:25:20,348 - INFO - [MainThread] cura.Settings.GlobalStack.addExtruder [199]: Extruder[ultimaker_s5_extruder_left #2] added to [UltiMaker S5] at position [0]
2025-07-05 12:25:20,416 - INFO - [MainThread] cura.Settings.GlobalStack.addExtruder [199]: Extruder[ultimaker_s5_extruder_right #2] added to [UltiMaker S5] at position [1]
2025-07-05 12:25:20,419 - INFO - [MainThread] cura.UI.MachineActionManager.addDefaultMachineActions [74]: Default machine actions added for machine definition [ultimaker_s5]
2025-07-05 12:25:20,428 - WARNING - [MainThread] cura.Settings.GlobalStack.addExtruder [194]: Extruder [ultimaker_s5_extruder_left #2] has already been added to this stack [UltiMaker S5]
2025-07-05 12:25:20,428 - WARNING - [MainThread] cura.Settings.GlobalStack.addExtruder [194]: Extruder [ultimaker_s5_extruder_right #2] has already been added to this stack [UltiMaker S5]
2025-07-05 12:25:20,428 - WARNING - [MainThread] UM.Qt.QtApplication.__onQmlWarning [448]: file:///C:/Program Files/UltiMaker Cura 5.10.1/share/cura/resources/qml/Widgets/SingleSettingComboBox.qml:74:9: Unable to assign [undefined] to QString
2025-07-05 12:25:20,429 - WARNING - [MainThread] UM.Qt.QtApplication.__onQmlWarning [448]: file:///C:/Program Files/UltiMaker Cura 5.10.1/share/cura/resources/qml/Widgets/SingleSettingTextField.qml:57:9: Unable to assign [undefined] to QString
2025-07-05 12:25:20,429 - WARNING - [MainThread] UM.Qt.QtApplication.__onQmlWarning [448]: file:///C:/Program Files/UltiMaker Cura 5.10.1/share/cura/resources/qml/Widgets/SingleSettingTextField.qml:57:9: Unable to assign [undefined] to QString
2025-07-05 12:25:20,429 - WARNING - [MainThread] UM.Qt.QtApplication.__onQmlWarning [448]: file:///C:/Program Files/UltiMaker Cura 5.10.1/share/cura/resources/qml/Widgets/SingleSettingComboBox.qml:74:9: Unable to assign [undefined] to QString
2025-07-05 12:25:20,429 - WARNING - [MainThread] UM.Qt.QtApplication.__onQmlWarning [448]: file:///C:/Program Files/UltiMaker Cura 5.10.1/share/cura/resources/qml/Widgets/SingleSettingSlider.qml:36:9: Unable to assign [undefined] to QString
2025-07-05 12:25:20,430 - DEBUG - [MainThread] cura.Machines.Models.IntentSelectionModel._update [74]: Updating IntentSelectionModel.
2025-07-05 12:25:20,430 - DEBUG - [MainThread] cura.Machines.Models.IntentSelectionModel._update [79]: No active GlobalStack, set quality profile model as empty.
2025-07-05 12:25:20,430 - INFO - [MainThread] cura.CuraApplication._setLoadingHint [876]: Initializing Active Machine...
2025-07-05 12:25:20,440 - WARNING - [MainThread] UM.Settings.InstanceContainer.setProperty [417]: Tried to set value of the setting material_max_flowrate, but it has no SettingInstance in this InstanceContainer Fast or its SettingDefinition UltiMaker S5
2025-07-05 12:25:20,449 - WARNING - [MainThread] UM.Qt.QtApplication.__onQmlWarning [448]: file:///C:/Program Files/UltiMaker Cura 5.10.1/share/cura/resources/qml/Widgets/SingleSettingComboBox.qml:74:9: Unable to assign [undefined] to QString
2025-07-05 12:25:20,449 - WARNING - [MainThread] UM.Qt.QtApplication.__onQmlWarning [448]: file:///C:/Program Files/UltiMaker Cura 5.10.1/share/cura/resources/qml/Widgets/SingleSettingTextField.qml:57:9: Unable to assign [undefined] to QString
2025-07-05 12:25:20,450 - WARNING - [MainThread] UM.Qt.QtApplication.__onQmlWarning [448]: file:///C:/Program Files/UltiMaker Cura 5.10.1/share/cura/resources/qml/Widgets/SingleSettingTextField.qml:57:9: Unable to assign [undefined] to QString
2025-07-05 12:25:20,450 - WARNING - [MainThread] UM.Qt.QtApplication.__onQmlWarning [448]: file:///C:/Program Files/UltiMaker Cura 5.10.1/share/cura/resources/qml/Widgets/SingleSettingComboBox.qml:74:9: Unable to assign [undefined] to QString
2025-07-05 12:25:20,450 - WARNING - [MainThread] UM.Qt.QtApplication.__onQmlWarning [448]: file:///C:/Program Files/UltiMaker Cura 5.10.1/share/cura/resources/qml/Widgets/SingleSettingSlider.qml:36:9: Unable to assign [undefined] to QString
2025-07-05 12:25:20,451 - DEBUG - [MainThread] cura.Machines.Models.IntentSelectionModel._update [74]: Updating IntentSelectionModel.
2025-07-05 12:25:20,467 - WARNING - [MainThread] UM.OutputDevice.OutputDeviceManager.removeOutputDevice [235]: Could not find output device with id duetrrf-configure to remove
2025-07-05 12:25:20,467 - WARNING - [MainThread] UM.OutputDevice.OutputDeviceManager.removeOutputDevice [235]: Could not find output device with id duetrrf-print to remove
2025-07-05 12:25:20,467 - WARNING - [MainThread] UM.OutputDevice.OutputDeviceManager.removeOutputDevice [235]: Could not find output device with id duetrrf-simulate to remove
2025-07-05 12:25:20,468 - WARNING - [MainThread] UM.OutputDevice.OutputDeviceManager.removeOutputDevice [235]: Could not find output device with id duetrrf-upload to remove
2025-07-05 12:25:20,470 - DEBUG - [MainThread] DuetRRFPlugin.DuetRRFPlugin._checkDuetRRFOutputDevices [196]: DuetRRF is not available for printer: id:UltiMaker S5, name:UltiMaker S5
2025-07-05 12:25:20,686 - DEBUG - [MainThread] cura.Machines.Models.NozzleModel._update [28]: Updating NozzleModel.
2025-07-05 12:25:20,933 - DEBUG - [MainThread] cura.Machines.Models.NozzleModel._update [28]: Updating NozzleModel.
2025-07-05 12:25:21,163 - DEBUG - [MainThread] cura.Machines.Models.IntentSelectionModel._update [74]: Updating IntentSelectionModel.
2025-07-05 12:25:21,166 - DEBUG - [MainThread] cura.Machines.Models.IntentSelectionModel._update [74]: Updating IntentSelectionModel.
2025-07-05 12:25:21,187 - WARNING - [MainThread] UM.Qt.QtApplication.__onQmlWarning [448]: file:///C:/Program Files/UltiMaker Cura 5.10.1/share/cura/resources/qml/Menus/ConfigurationMenu/CustomConfiguration.qml:194: TypeError: Cannot read property 'isEnabled' of null
2025-07-05 12:25:21,189 - DEBUG - [MainThread] cura.Machines.Models.NozzleModel._update [28]: Updating NozzleModel.
2025-07-05 12:25:21,208 - DEBUG - [MainThread] cura.Machines.Models.NozzleModel._update [28]: Updating NozzleModel.
2025-07-05 12:25:21,212 - DEBUG - [MainThread] cura.Machines.Models.NozzleModel._update [28]: Updating NozzleModel.
2025-07-05 12:25:21,216 - DEBUG - [MainThread] cura.Machines.Models.IntentSelectionModel._update [74]: Updating IntentSelectionModel.
2025-07-05 12:25:21,229 - DEBUG - [MainThread] cura.Machines.Models.IntentSelectionModel._update [74]: Updating IntentSelectionModel.
2025-07-05 12:25:21,232 - DEBUG - [MainThread] cura.Machines.Models.IntentSelectionModel._update [74]: Updating IntentSelectionModel.
2025-07-05 12:25:21,262 - DEBUG - [MainThread] cura.UI.WelcomePagesModel.goToNextPage [144]: Page [machine_actions] should not be displayed, look for the next page.
2025-07-05 12:25:21,450 - DEBUG - [JobQueueWorker [2]] UM.Mesh.MeshData.calculateNormalsFromVertices [567]: Calculating normals took 0.0021219253540039062 seconds
2025-07-05 12:25:21,571 - DEBUG - [MainThread] cura.Machines.MachineErrorChecker._rescheduleCheck [164]: New error check scheduled.
2025-07-05 12:25:21,648 - DEBUG - [MainThread] cura.Machines.Models.CustomQualityProfilesDropDownMenuModel._update [33]: Updating CustomQualityProfilesDropDownMenuModel.
2025-07-05 12:25:21,687 - DEBUG - [MainThread] cura.Machines.Models.IntentSelectionModel._update [74]: Updating IntentSelectionModel.
2025-07-05 12:25:21,689 - DEBUG - [MainThread] cura.Machines.Models.IntentSelectionModel._update [74]: Updating IntentSelectionModel.
2025-07-05 12:25:21,693 - DEBUG - [MainThread] cura.Machines.Models.IntentSelectionModel._update [74]: Updating IntentSelectionModel.
2025-07-05 12:25:21,729 - INFO - [JobQueueWorker [3]] FirmwareUpdateChecker.FirmwareUpdateCheckerJob.run [93]: You have a(n) UltiMaker S5 in the printer list. Do firmware-check.
2025-07-05 12:25:21,845 - DEBUG - [MainThread] UM.View.GL.ShaderProgram.load [61]: Loading [C:\Program Files\UltiMaker Cura 5.10.1\share\uranium\resources\shaders\default.shader]...
2025-07-05 12:25:21,847 - DEBUG - [MainThread] UM.View.GL.ShaderProgram.load [61]: Loading [C:\Program Files\UltiMaker Cura 5.10.1\share\cura\resources\shaders\grid.shader]...
2025-07-05 12:25:21,898 - INFO - [JobQueueWorker [3]] FirmwareUpdateChecker.FirmwareUpdateCheckerJob.run [109]: Reading firmware version of UltiMaker S5: checked = 0.0.0 - latest = 9.0.2
2025-07-05 12:25:21,964 - DEBUG - [MainThread] cura.Machines.Models.CustomQualityProfilesDropDownMenuModel._update [33]: Updating CustomQualityProfilesDropDownMenuModel.
2025-07-05 12:25:22,462 - DEBUG - [MainThread] cura.Machines.MachineErrorChecker._checkStack [168]: Need to check for errors again. Discard the current progress and reschedule a check.
2025-07-05 12:25:22,640 - DEBUG - [MainThread] cura.Machines.MachineErrorChecker._rescheduleCheck [164]: New error check scheduled.
2025-07-05 12:25:23,829 - INFO - [MainThread] cura.Machines.MachineErrorChecker._setResult [221]: Error check finished, result = False, time = 1.19s
2025-07-05 12:25:28,434 - WARNING - [MainThread] UM.Qt.QtApplication.__onQmlWarning [448]: file:///C:/Program Files/UltiMaker Cura 5.10.1/share/cura/plugins/MachineSettingsAction/MachineSettingsExtruderTab.qml:215:9: QML Column: Cannot specify top, bottom, verticalCenter, fill or centerIn anchors for items inside Column. Column will not function.
2025-07-05 12:25:28,465 - WARNING - [MainThread] UM.Qt.QtApplication.__onQmlWarning [448]: file:///C:/Program Files/UltiMaker Cura 5.10.1/share/cura/plugins/MachineSettingsAction/MachineSettingsAction.qml:81:27: QML MachineSettingsExtruderTab: Detected anchors on an item that is managed by a layout. This is undefined behavior; use Layout.alignment instead.
2025-07-05 12:25:28,465 - WARNING - [MainThread] UM.Qt.QtApplication.__onQmlWarning [448]: file:///C:/Program Files/UltiMaker Cura 5.10.1/share/cura/plugins/MachineSettingsAction/MachineSettingsAction.qml:81:27: QML MachineSettingsExtruderTab: Detected anchors on an item that is managed by a layout. This is undefined behavior; use Layout.alignment instead.
2025-07-05 12:25:28,466 - WARNING - [MainThread] UM.Qt.QtApplication.__onQmlWarning [448]: file:///C:/Program Files/UltiMaker Cura 5.10.1/share/cura/plugins/MachineSettingsAction/MachineSettingsAction.qml:81:27: QML MachineSettingsExtruderTab: Detected anchors on an item that is managed by a layout. This is undefined behavior; use Layout.alignment instead.
2025-07-05 12:25:28,477 - WARNING - [MainThread] UM.Qt.QtApplication.__onQmlWarning [448]: file:///C:/Program Files/UltiMaker Cura 5.10.1/share/cura/plugins/MachineSettingsAction/MachineSettingsExtruderTab.qml:215:9: QML Column: Cannot specify top, bottom, verticalCenter, fill or centerIn anchors for items inside Column. Column will not function.
2025-07-05 12:25:29,128 - WARNING - [MainThread] UM.Qt.QtApplication.__onQmlWarning [448]: file:///C:/Program Files/UltiMaker Cura 5.10.1/share/cura/plugins/MachineSettingsAction/MachineSettingsExtruderTab.qml:215:9: QML Column: Cannot specify top, bottom, verticalCenter, fill or centerIn anchors for items inside Column. Column will not function.
2025-07-05 12:25:29,129 - WARNING - [MainThread] UM.Qt.QtApplication.__onQmlWarning [448]: file:///C:/Program Files/UltiMaker Cura 5.10.1/share/cura/plugins/MachineSettingsAction/MachineSettingsExtruderTab.qml:215:9: QML Column: Cannot specify top, bottom, verticalCenter, fill or centerIn anchors for items inside Column. Column will not function.
2025-07-05 12:25:31,785 - DEBUG - [MainThread] cura.API.Account.stopSyncing [195]: Stopping sync of cloud printers
2025-07-05 12:25:31,922 - WARNING - [MainThread] UM.Qt.QtApplication.__onQmlWarning [448]: file:///C:/Program Files/UltiMaker Cura 5.10.1/share/cura/resources/qml/WelcomePages/AddLocalPrinterScrollView.qml:357:25: Unable to assign QString to QRegularExpression
2025-07-05 12:25:32,286 - DEBUG - [MainThread] cura.AutoSave._onTimeout [64]: Autosaving preferences, instances and profiles took 0.06751680374145508 seconds
2025-07-05 12:25:38,839 - INFO - [MainThread] cura.Settings.MachineManager.addMachine [429]: Trying to add a machine with the definition id [fabbrix_elemento_tc]
2025-07-05 12:25:38,840 - DEBUG - [MainThread] LocalContainerProvider.LocalContainerProvider._loadCachedDefinition [263]: Definition file C:\Users\angelo\AppData\Roaming\cura\5.10\definitions\fabbrix_elemento_tc.def.json is newer than cache. Ignoring cached version.
2025-07-05 12:25:38,878 - WARNING - [MainThread] UM.Settings.DefinitionContainer._preprocessParsedJson [299]: Unable to override setting arcwelder_enable
2025-07-05 12:25:38,880 - WARNING - [MainThread] UM.Settings.DefinitionContainer._preprocessParsedJson [299]: Unable to override setting exclude_materials
2025-07-05 12:25:40,269 - DEBUG - [MainThread] cura.Machines.ContainerTree.__getitem__ [120]: Adding container tree for fabbrix_elemento_tc took 1.0236437320709229 seconds.
2025-07-05 12:25:40,327 - WARNING - [MainThread] UM.VersionUpgradeManager.updateFilesData [433]: Unable to upgrade file of type variant of version 4000014
2025-07-05 12:25:40,328 - WARNING - [MainThread] cura.Settings.CuraContainerRegistry.addContainer [74]: Instance container fabbrix_elemento_0.6_tc is outdated. Its setting version is 14 but it should be 25.
2025-07-05 12:25:40,407 - INFO - [MainThread] cura.Settings.GlobalStack.addExtruder [199]: Extruder[fabbrix_extruder_tc_0 #2] added to [Fabbrix Elemento TC] at position [0]
2025-07-05 12:25:40,410 - WARNING - [MainThread] cura.Machines.VariantNode.preferredMaterial [101]: Could not find preferred material fabbrix_petg, falling back to whatever works
2025-07-05 12:25:40,477 - INFO - [MainThread] cura.Settings.GlobalStack.addExtruder [199]: Extruder[fabbrix_extruder_tc_1 #2] added to [Fabbrix Elemento TC] at position [1]
2025-07-05 12:25:40,479 - INFO - [MainThread] cura.UI.MachineActionManager.addDefaultMachineActions [74]: Default machine actions added for machine definition [fabbrix_elemento_tc]
2025-07-05 12:25:40,488 - WARNING - [MainThread] cura.Settings.GlobalStack.addExtruder [194]: Extruder [fabbrix_extruder_tc_0 #2] has already been added to this stack [Fabbrix Elemento TC]
2025-07-05 12:25:40,489 - WARNING - [MainThread] cura.Settings.GlobalStack.addExtruder [194]: Extruder [fabbrix_extruder_tc_1 #2] has already been added to this stack [Fabbrix Elemento TC]
2025-07-05 12:25:40,489 - DEBUG - [MainThread] cura.Machines.Models.IntentSelectionModel._update [74]: Updating IntentSelectionModel.
2025-07-05 12:25:40,491 - INFO - [MainThread] cura.CuraApplication._setLoadingHint [876]: Initializing Active Machine...
2025-07-05 12:25:40,498 - WARNING - [MainThread] UM.Settings.InstanceContainer.setProperty [417]: Tried to set value of the setting fill_perimeter_gaps, but it has no SettingInstance in this InstanceContainer Fine Quality or its SettingDefinition Fabbrix Elemento TC
2025-07-05 12:25:40,508 - WARNING - [MainThread] UM.Settings.InstanceContainer.setProperty [417]: Tried to set value of the setting fill_perimeter_gaps, but it has no SettingInstance in this InstanceContainer Fine Quality or its SettingDefinition Fabbrix Elemento TC
2025-07-05 12:25:40,517 - DEBUG - [MainThread] cura.Machines.Models.IntentSelectionModel._update [74]: Updating IntentSelectionModel.
2025-07-05 12:25:40,531 - WARNING - [MainThread] UM.OutputDevice.OutputDeviceManager.removeOutputDevice [235]: Could not find output device with id duetrrf-print to remove
2025-07-05 12:25:40,531 - WARNING - [MainThread] UM.OutputDevice.OutputDeviceManager.removeOutputDevice [235]: Could not find output device with id duetrrf-simulate to remove
2025-07-05 12:25:40,531 - WARNING - [MainThread] UM.OutputDevice.OutputDeviceManager.removeOutputDevice [235]: Could not find output device with id duetrrf-upload to remove
2025-07-05 12:25:40,532 - DEBUG - [MainThread] DuetRRFPlugin.DuetRRFPlugin._checkDuetRRFOutputDevices [196]: DuetRRF is not available for printer: id:Fabbrix Elemento TC, name:Fabbrix Elemento TC
2025-07-05 12:25:40,654 - DEBUG - [MainThread] cura.Machines.Models.NozzleModel._update [28]: Updating NozzleModel.
2025-07-05 12:25:40,804 - DEBUG - [MainThread] cura.Machines.Models.NozzleModel._update [28]: Updating NozzleModel.
2025-07-05 12:25:40,982 - DEBUG - [MainThread] cura.Machines.Models.IntentSelectionModel._update [74]: Updating IntentSelectionModel.
2025-07-05 12:25:40,986 - DEBUG - [MainThread] cura.Machines.Models.IntentSelectionModel._update [74]: Updating IntentSelectionModel.
2025-07-05 12:25:41,030 - DEBUG - [MainThread] cura.Machines.Models.NozzleModel._update [28]: Updating NozzleModel.
2025-07-05 12:25:41,032 - DEBUG - [MainThread] cura.Machines.Models.NozzleModel._update [28]: Updating NozzleModel.
2025-07-05 12:25:41,035 - DEBUG - [MainThread] cura.Machines.Models.NozzleModel._update [28]: Updating NozzleModel.
2025-07-05 12:25:41,038 - DEBUG - [MainThread] cura.Machines.Models.NozzleModel._update [28]: Updating NozzleModel.
2025-07-05 12:25:41,040 - DEBUG - [MainThread] cura.Machines.Models.NozzleModel._update [28]: Updating NozzleModel.
2025-07-05 12:25:41,043 - DEBUG - [MainThread] cura.Machines.Models.IntentSelectionModel._update [74]: Updating IntentSelectionModel.
2025-07-05 12:25:41,073 - DEBUG - [JobQueueWorker [4]] UM.Mesh.MeshData.calculateNormalsFromVertices [567]: Calculating normals took 0.0010650157928466797 seconds
2025-07-05 12:25:41,073 - DEBUG - [MainThread] cura.Machines.Models.IntentSelectionModel._update [74]: Updating IntentSelectionModel.
2025-07-05 12:25:41,075 - DEBUG - [JobQueueWorker [4]] STLReader.STLReader._read [68]: Loaded a mesh with 12834 vertices
2025-07-05 12:25:41,079 - DEBUG - [MainThread] cura.Machines.Models.IntentSelectionModel._update [74]: Updating IntentSelectionModel.
2025-07-05 12:25:41,235 - WARNING - [MainThread] UM.Qt.QtApplication.__onQmlWarning [448]: file:///C:/Program Files/UltiMaker Cura 5.10.1/share/cura/resources/qml/ActionButton.qml:130:5: QML ToolTip: cannot find any window to open popup in.
2025-07-05 12:25:41,279 - DEBUG - [MainThread] cura.Machines.MachineErrorChecker._rescheduleCheck [164]: New error check scheduled.
2025-07-05 12:25:41,333 - DEBUG - [MainThread] cura.Machines.Models.CustomQualityProfilesDropDownMenuModel._update [33]: Updating CustomQualityProfilesDropDownMenuModel.
2025-07-05 12:25:41,373 - WARNING - [MainThread] UM.Qt.QtApplication.__onQmlWarning [448]: file:///C:/Program Files/UltiMaker Cura 5.10.1/share/cura/plugins/MachineSettingsAction/MachineSettingsExtruderTab.qml:215:9: QML Column: Cannot specify top, bottom, verticalCenter, fill or centerIn anchors for items inside Column. Column will not function.
2025-07-05 12:25:41,403 - WARNING - [MainThread] UM.Qt.QtApplication.__onQmlWarning [448]: file:///C:/Program Files/UltiMaker Cura 5.10.1/share/cura/plugins/MachineSettingsAction/MachineSettingsAction.qml:81:27: QML MachineSettingsExtruderTab: Detected anchors on an item that is managed by a layout. This is undefined behavior; use Layout.alignment instead.
2025-07-05 12:25:41,403 - WARNING - [MainThread] UM.Qt.QtApplication.__onQmlWarning [448]: file:///C:/Program Files/UltiMaker Cura 5.10.1/share/cura/plugins/MachineSettingsAction/MachineSettingsAction.qml:81:27: QML MachineSettingsExtruderTab: Detected anchors on an item that is managed by a layout. This is undefined behavior; use Layout.alignment instead.
2025-07-05 12:25:41,404 - WARNING - [MainThread] UM.Qt.QtApplication.__onQmlWarning [448]: file:///C:/Program Files/UltiMaker Cura 5.10.1/share/cura/plugins/MachineSettingsAction/MachineSettingsAction.qml:81:27: QML MachineSettingsExtruderTab: Detected anchors on an item that is managed by a layout. This is undefined behavior; use Layout.alignment instead.
2025-07-05 12:25:41,421 - WARNING - [MainThread] UM.Qt.QtApplication.__onQmlWarning [448]: file:///C:/Program Files/UltiMaker Cura 5.10.1/share/cura/plugins/MachineSettingsAction/MachineSettingsExtruderTab.qml:215:9: QML Column: Cannot specify top, bottom, verticalCenter, fill or centerIn anchors for items inside Column. Column will not function.
2025-07-05 12:25:41,438 - DEBUG - [MainThread] cura.Machines.Models.IntentSelectionModel._update [74]: Updating IntentSelectionModel.
2025-07-05 12:25:41,439 - DEBUG - [MainThread] cura.Machines.Models.IntentSelectionModel._update [74]: Updating IntentSelectionModel.
2025-07-05 12:25:41,443 - DEBUG - [MainThread] cura.Machines.Models.IntentSelectionModel._update [74]: Updating IntentSelectionModel.
2025-07-05 12:25:41,665 - WARNING - [MainThread] UM.Qt.QtApplication.__onQmlWarning [448]: file:///C:/Program Files/UltiMaker Cura 5.10.1/share/cura/plugins/MachineSettingsAction/MachineSettingsExtruderTab.qml:215:9: QML Column: Cannot specify top, bottom, verticalCenter, fill or centerIn anchors for items inside Column. Column will not function.
2025-07-05 12:25:41,665 - WARNING - [MainThread] UM.Qt.QtApplication.__onQmlWarning [448]: file:///C:/Program Files/UltiMaker Cura 5.10.1/share/cura/plugins/MachineSettingsAction/MachineSettingsExtruderTab.qml:215:9: QML Column: Cannot specify top, bottom, verticalCenter, fill or centerIn anchors for items inside Column. Column will not function.
2025-07-05 12:25:41,833 - INFO - [MainThread] FirmwareUpdateChecker.FirmwareUpdateChecker.checkFirmwareVersion [79]: No machine with name Fabbrix Elemento TC in list of firmware to check.
2025-07-05 12:25:42,132 - DEBUG - [MainThread] cura.Machines.Models.CustomQualityProfilesDropDownMenuModel._update [33]: Updating CustomQualityProfilesDropDownMenuModel.
2025-07-05 12:25:42,813 - DEBUG - [MainThread] cura.Machines.MachineErrorChecker._checkStack [168]: Need to check for errors again. Discard the current progress and reschedule a check.
2025-07-05 12:25:42,922 - DEBUG - [MainThread] cura.Machines.MachineErrorChecker._rescheduleCheck [164]: New error check scheduled.
2025-07-05 12:25:43,293 - WARNING - [MainThread] UM.Qt.QtApplication.__onQmlWarning [448]: file:///C:/Program Files/UltiMaker Cura 5.10.1/share/cura/resources/qml/WelcomePages/AddLocalPrinterScrollView.qml:357:25: Unable to assign QString to QRegularExpression
2025-07-05 12:25:43,315 - DEBUG - [MainThread] cura.API.Account.startSyncing [202]: Starting sync of cloud printers
2025-07-05 12:25:43,808 - INFO - [MainThread] cura.Machines.MachineErrorChecker._setResult [221]: Error check finished, result = False, time = 0.89s
2025-07-05 12:25:52,244 - WARNING - [MainThread] UM.Qt.QtApplication.__onQmlWarning [448]: file:///C:/Program Files/UltiMaker Cura 5.10.1/share/cura/resources/qml/PrintSetupSelector/Custom/CustomPrintSetup.qml:242:5: QML Rectangle: Cannot anchor to an item that isn't a parent or sibling.
2025-07-05 12:26:00,422 - DEBUG - [MainThread] cura.Machines.Models.IntentSelectionModel._update [74]: Updating IntentSelectionModel.
2025-07-05 12:26:00,426 - DEBUG - [MainThread] cura.Machines.Models.IntentSelectionModel._update [74]: Updating IntentSelectionModel.
2025-07-05 12:26:01,049 - WARNING - [MainThread] UM.Qt.QtApplication.__onQmlWarning [448]: file:///C:/Program Files/UltiMaker Cura 5.10.1/share/cura/resources/qml/Menus/MaterialMenu.qml:93: TypeError: Passing incompatible arguments to C++ functions from JavaScript is not allowed.
2025-07-05 12:26:01,049 - WARNING - [MainThread] UM.Qt.QtApplication.__onQmlWarning [448]: file:///C:/Program Files/UltiMaker Cura 5.10.1/share/cura/resources/qml/Menus/MaterialMenu.qml:93: TypeError: Passing incompatible arguments to C++ functions from JavaScript is not allowed.
2025-07-05 12:26:01,050 - WARNING - [MainThread] UM.Qt.QtApplication.__onQmlWarning [448]: file:///C:/Program Files/UltiMaker Cura 5.10.1/share/cura/resources/qml/Menus/MaterialMenu.qml:93: TypeError: Passing incompatible arguments to C++ functions from JavaScript is not allowed.
2025-07-05 12:26:01,050 - WARNING - [MainThread] UM.Qt.QtApplication.__onQmlWarning [448]: file:///C:/Program Files/UltiMaker Cura 5.10.1/share/cura/resources/qml/Menus/MaterialMenu.qml:93: TypeError: Passing incompatible arguments to C++ functions from JavaScript is not allowed.
2025-07-05 12:26:01,050 - WARNING - [MainThread] UM.Qt.QtApplication.__onQmlWarning [448]: file:///C:/Program Files/UltiMaker Cura 5.10.1/share/cura/resources/qml/Menus/MaterialMenu.qml:93: TypeError: Passing incompatible arguments to C++ functions from JavaScript is not allowed.
2025-07-05 12:26:01,051 - WARNING - [MainThread] UM.Qt.QtApplication.__onQmlWarning [448]: file:///C:/Program Files/UltiMaker Cura 5.10.1/share/cura/resources/qml/Menus/MaterialMenu.qml:93: TypeError: Passing incompatible arguments to C++ functions from JavaScript is not allowed.
2025-07-05 12:26:01,051 - WARNING - [MainThread] UM.Qt.QtApplication.__onQmlWarning [448]: file:///C:/Program Files/UltiMaker Cura 5.10.1/share/cura/resources/qml/Menus/MaterialMenu.qml:93: TypeError: Passing incompatible arguments to C++ functions from JavaScript is not allowed.
2025-07-05 12:26:01,051 - WARNING - [MainThread] UM.Qt.QtApplication.__onQmlWarning [448]: file:///C:/Program Files/UltiMaker Cura 5.10.1/share/cura/resources/qml/Menus/MaterialMenu.qml:93: TypeError: Passing incompatible arguments to C++ functions from JavaScript is not allowed.
2025-07-05 12:26:01,052 - WARNING - [MainThread] UM.Qt.QtApplication.__onQmlWarning [448]: file:///C:/Program Files/UltiMaker Cura 5.10.1/share/cura/resources/qml/Menus/MaterialMenu.qml:93: TypeError: Passing incompatible arguments to C++ functions from JavaScript is not allowed.
2025-07-05 12:26:01,061 - DEBUG - [MainThread] cura.Machines.Models.CustomQualityProfilesDropDownMenuModel._update [33]: Updating CustomQualityProfilesDropDownMenuModel.
2025-07-05 12:26:02,330 - DEBUG - [MainThread] cura.AutoSave._onTimeout [64]: Autosaving preferences, instances and profiles took 0.07141375541687012 seconds
2025-07-05 12:26:06,812 - DEBUG - [MainThread] cura.Machines.Models.IntentSelectionModel._update [74]: Updating IntentSelectionModel.
2025-07-05 12:26:06,824 - DEBUG - [MainThread] cura.Settings.MachineManager._updateQualityWithMaterial [1301]: Updating quality/quality_changes due to material change
2025-07-05 12:26:06,825 - DEBUG - [MainThread] cura.Settings.MachineManager._updateQualityWithMaterial [1306]: Current quality type = [high]
2025-07-05 12:26:06,825 - INFO - [MainThread] cura.Settings.MachineManager._updateQualityWithMaterial [1314]: No available quality types found, setting all qualities to empty (Not Supported).
2025-07-05 12:26:06,839 - DEBUG - [MainThread] cura.Settings.MachineManager._updateIntentWithQuality [1343]: Updating intent due to quality change
2025-07-05 12:26:06,940 - DEBUG - [MainThread] cura.Machines.Models.CustomQualityProfilesDropDownMenuModel._update [33]: Updating CustomQualityProfilesDropDownMenuModel.
2025-07-05 12:26:07,042 - DEBUG - [MainThread] cura.Machines.MachineErrorChecker._rescheduleCheck [164]: New error check scheduled.
2025-07-05 12:26:07,475 - DEBUG - [MainThread] cura.Machines.Models.IntentSelectionModel._update [74]: Updating IntentSelectionModel.
2025-07-05 12:26:07,477 - DEBUG - [MainThread] cura.Machines.Models.IntentSelectionModel._update [74]: Updating IntentSelectionModel.
2025-07-05 12:26:07,480 - DEBUG - [MainThread] cura.Machines.Models.IntentSelectionModel._update [74]: Updating IntentSelectionModel.
2025-07-05 12:26:07,594 - DEBUG - [MainThread] cura.Machines.Models.CustomQualityProfilesDropDownMenuModel._update [33]: Updating CustomQualityProfilesDropDownMenuModel.
2025-07-05 12:26:08,541 - INFO - [MainThread] cura.Machines.MachineErrorChecker._setResult [221]: Error check finished, result = False, time = 1.50s
2025-07-05 12:26:10,420 - WARNING - [MainThread] UM.VersionUpgradeManager.updateFilesData [433]: Unable to upgrade file of type variant of version 4000014
2025-07-05 12:26:10,421 - WARNING - [MainThread] cura.Settings.CuraContainerRegistry.addContainer [74]: Instance container fabbrix_elemento_0.8_tc is outdated. Its setting version is 14 but it should be 25.
2025-07-05 12:26:10,423 - DEBUG - [MainThread] cura.Machines.Models.IntentSelectionModel._update [74]: Updating IntentSelectionModel.
2025-07-05 12:26:10,425 - DEBUG - [MainThread] cura.Settings.MachineManager._updateQualityWithMaterial [1301]: Updating quality/quality_changes due to material change
2025-07-05 12:26:10,426 - DEBUG - [MainThread] cura.Settings.MachineManager._updateQualityWithMaterial [1306]: Current quality type = [not_supported]
2025-07-05 12:26:10,426 - INFO - [MainThread] cura.Settings.MachineManager._updateQualityWithMaterial [1314]: No available quality types found, setting all qualities to empty (Not Supported).
2025-07-05 12:26:10,431 - DEBUG - [MainThread] cura.Settings.MachineManager._updateIntentWithQuality [1343]: Updating intent due to quality change
2025-07-05 12:26:10,604 - DEBUG - [MainThread] cura.Machines.MachineErrorChecker._rescheduleCheck [164]: New error check scheduled.
2025-07-05 12:26:10,630 - DEBUG - [MainThread] cura.Machines.Models.CustomQualityProfilesDropDownMenuModel._update [33]: Updating CustomQualityProfilesDropDownMenuModel.
2025-07-05 12:26:11,040 - DEBUG - [MainThread] cura.Machines.Models.IntentSelectionModel._update [74]: Updating IntentSelectionModel.
2025-07-05 12:26:11,042 - DEBUG - [MainThread] cura.Machines.Models.IntentSelectionModel._update [74]: Updating IntentSelectionModel.
2025-07-05 12:26:11,044 - DEBUG - [MainThread] cura.Machines.Models.IntentSelectionModel._update [74]: Updating IntentSelectionModel.
2025-07-05 12:26:11,154 - DEBUG - [MainThread] cura.Machines.Models.CustomQualityProfilesDropDownMenuModel._update [33]: Updating CustomQualityProfilesDropDownMenuModel.
2025-07-05 12:26:12,157 - INFO - [MainThread] cura.Machines.MachineErrorChecker._setResult [221]: Error check finished, result = False, time = 1.55s
2025-07-05 12:26:15,848 - DEBUG - [MainThread] cura.Machines.Models.IntentSelectionModel._update [74]: Updating IntentSelectionModel.
2025-07-05 12:26:15,860 - DEBUG - [MainThread] cura.Settings.MachineManager._updateQualityWithMaterial [1301]: Updating quality/quality_changes due to material change
2025-07-05 12:26:15,863 - DEBUG - [MainThread] cura.Settings.MachineManager._updateQualityWithMaterial [1306]: Current quality type = [not_supported]
2025-07-05 12:26:15,863 - INFO - [MainThread] cura.Settings.MachineManager._updateQualityWithMaterial [1333]: The current quality type [not_supported] is not available, switching to [draft] instead
2025-07-05 12:26:15,881 - DEBUG - [MainThread] cura.Settings.MachineManager._updateIntentWithQuality [1343]: Updating intent due to quality change
2025-07-05 12:26:16,028 - DEBUG - [MainThread] cura.Machines.MachineErrorChecker._rescheduleCheck [164]: New error check scheduled.
2025-07-05 12:26:16,030 - WARNING - [MainThread] UM.Settings.InstanceContainer.setProperty [417]: Tried to set value of the setting fill_perimeter_gaps, but it has no SettingInstance in this InstanceContainer Draft Quality or its SettingDefinition Fabbrix Elemento TC
2025-07-05 12:26:16,038 - WARNING - [MainThread] UM.Settings.InstanceContainer.setProperty [417]: Tried to set value of the setting fill_perimeter_gaps, but it has no SettingInstance in this InstanceContainer Draft Quality or its SettingDefinition Fabbrix Elemento TC
2025-07-05 12:26:16,073 - DEBUG - [MainThread] cura.Machines.Models.CustomQualityProfilesDropDownMenuModel._update [33]: Updating CustomQualityProfilesDropDownMenuModel.
2025-07-05 12:26:16,519 - DEBUG - [MainThread] cura.Machines.Models.IntentSelectionModel._update [74]: Updating IntentSelectionModel.
2025-07-05 12:26:16,528 - DEBUG - [MainThread] cura.Machines.Models.IntentSelectionModel._update [74]: Updating IntentSelectionModel.
2025-07-05 12:26:16,532 - DEBUG - [MainThread] cura.Machines.Models.IntentSelectionModel._update [74]: Updating IntentSelectionModel.
2025-07-05 12:26:16,667 - DEBUG - [MainThread] cura.Machines.Models.CustomQualityProfilesDropDownMenuModel._update [33]: Updating CustomQualityProfilesDropDownMenuModel.
2025-07-05 12:26:17,559 - INFO - [MainThread] cura.Machines.MachineErrorChecker._setResult [221]: Error check finished, result = False, time = 1.53s
2025-07-05 12:26:19,611 - WARNING - [MainThread] UM.Qt.QtApplication.__onQmlWarning [448]: file:///C:/Program Files/UltiMaker Cura 5.10.1/share/cura/resources/qml/PrintSetupSelector/Custom/CustomPrintSetup.qml:242:5: QML Rectangle: Cannot anchor to an item that isn't a parent or sibling.
2025-07-05 12:26:20,275 - WARNING - [MainThread] UM.Qt.QtApplication.__onQmlWarning [448]: file:///C:/Program Files/UltiMaker Cura 5.10.1/share/cura/resources/qml/PrintSetupSelector/Custom/CustomPrintSetup.qml:242:5: QML Rectangle: Cannot anchor to an item that isn't a parent or sibling.
2025-07-05 12:26:28,122 - WARNING - [MainThread] UM.Qt.QtApplication.__onQmlWarning [448]: file:///C:/Program Files/UltiMaker Cura 5.10.1/share/cura/resources/qml/PrintSetupSelector/Custom/CustomPrintSetup.qml:242:5: QML Rectangle: Cannot anchor to an item that isn't a parent or sibling.
2025-07-05 12:26:28,731 - WARNING - [MainThread] UM.Qt.QtApplication.__onQmlWarning [448]: file:///C:/Program Files/UltiMaker Cura 5.10.1/share/cura/resources/qml/PrintSetupSelector/Custom/CustomPrintSetup.qml:242:5: QML Rectangle: Cannot anchor to an item that isn't a parent or sibling.
2025-07-05 12:26:29,523 - WARNING - [MainThread] UM.Qt.QtApplication.__onQmlWarning [448]: file:///C:/Program Files/UltiMaker Cura 5.10.1/share/cura/resources/qml/PrintSetupSelector/Custom/CustomPrintSetup.qml:242:5: QML Rectangle: Cannot anchor to an item that isn't a parent or sibling.
2025-07-05 12:26:30,042 - WARNING - [MainThread] UM.Qt.QtApplication.__onQmlWarning [448]: file:///C:/Program Files/UltiMaker Cura 5.10.1/share/cura/resources/qml/PrintSetupSelector/Custom/CustomPrintSetup.qml:242:5: QML Rectangle: Cannot anchor to an item that isn't a parent or sibling.
2025-07-05 12:26:39,411 - DEBUG - [MainThread] cura.Machines.Models.QualitySettingsModel._update [77]: Updating QualitySettingsModel.
2025-07-05 12:26:39,435 - DEBUG - [MainThread] cura.Machines.Models.QualitySettingsModel._update [77]: Updating QualitySettingsModel.
2025-07-05 12:26:39,456 - WARNING - [MainThread] UM.Qt.QtApplication.__onQmlWarning [448]: file:///C:/Program Files/UltiMaker Cura 5.10.1/share/cura/resources/qml/TableView.qml:273:5: QML Connections: Detected function "onRowsChanged" in Connections element. This is probably intended to be a signal handler but no signal of the target matches the name.
2025-07-05 12:26:39,456 - WARNING - [MainThread] UM.Qt.QtApplication.__onQmlWarning [448]: file:///C:/Program Files/UltiMaker Cura 5.10.1/share/cura/resources/qml/TableView.qml:245:9: QML Connections: Detected function "onRowCountChanged" in Connections element. This is probably intended to be a signal handler but no signal of the target matches the name.
2025-07-05 12:26:39,493 - DEBUG - [MainThread] cura.Machines.Models.QualitySettingsModel._update [77]: Updating QualitySettingsModel.
2025-07-05 12:26:39,514 - DEBUG - [MainThread] cura.Machines.Models.QualitySettingsModel._update [77]: Updating QualitySettingsModel.
2025-07-05 12:26:39,530 - WARNING - [MainThread] UM.Qt.QtApplication.__onQmlWarning [448]: file:///C:/Program Files/UltiMaker Cura 5.10.1/share/cura/resources/qml/TableView.qml:273:5: QML Connections: Detected function "onRowsChanged" in Connections element. This is probably intended to be a signal handler but no signal of the target matches the name.
2025-07-05 12:26:39,531 - WARNING - [MainThread] UM.Qt.QtApplication.__onQmlWarning [448]: file:///C:/Program Files/UltiMaker Cura 5.10.1/share/cura/resources/qml/TableView.qml:245:9: QML Connections: Detected function "onRowCountChanged" in Connections element. This is probably intended to be a signal handler but no signal of the target matches the name.
2025-07-05 12:26:39,599 - DEBUG - [MainThread] cura.Machines.Models.QualityManagementModel._update [314]: Updating QualityManagementModel.
2025-07-05 12:26:40,110 - DEBUG - [MainThread] cura.AutoSave._onTimeout [64]: Autosaving preferences, instances and profiles took 0.04942178726196289 seconds
2025-07-05 12:26:41,356 - DEBUG - [MainThread] cura.Machines.Models.QualitySettingsModel._update [77]: Updating QualitySettingsModel.
2025-07-05 12:26:41,455 - WARNING - [MainThread] UM.Qt.QtApplication.__onQmlWarning [448]: file:///C:/Program Files/UltiMaker Cura 5.10.1/share/cura/resources/qml/TableView.qml:170:5: QML QQuickTableView: the delegate's implicitWidth needs to be greater than zero
2025-07-05 12:26:42,316 - DEBUG - [MainThread] cura.Machines.Models.QualitySettingsModel._update [77]: Updating QualitySettingsModel.
2025-07-05 12:26:43,818 - DEBUG - [MainThread] cura.Machines.Models.QualitySettingsModel._update [77]: Updating QualitySettingsModel.
2025-07-05 12:26:45,387 - DEBUG - [MainThread] cura.Machines.Models.QualitySettingsModel._update [77]: Updating QualitySettingsModel.
2025-07-05 12:26:47,315 - DEBUG - [MainThread] cura.Machines.Models.QualitySettingsModel._update [77]: Updating QualitySettingsModel.
2025-07-05 12:26:49,323 - DEBUG - [MainThread] cura.Machines.Models.QualitySettingsModel._update [77]: Updating QualitySettingsModel.
2025-07-05 12:26:53,098 - DEBUG - [MainThread] cura.Machines.Models.QualitySettingsModel._update [77]: Updating QualitySettingsModel.
2025-07-05 12:26:54,498 - DEBUG - [MainThread] cura.Machines.Models.QualitySettingsModel._update [77]: Updating QualitySettingsModel.
2025-07-05 12:26:55,811 - DEBUG - [MainThread] cura.Machines.Models.QualitySettingsModel._update [77]: Updating QualitySettingsModel.
2025-07-05 12:26:57,161 - DEBUG - [MainThread] cura.Machines.Models.QualitySettingsModel._update [77]: Updating QualitySettingsModel.
2025-07-05 12:26:57,980 - DEBUG - [MainThread] cura.Machines.Models.QualitySettingsModel._update [77]: Updating QualitySettingsModel.
2025-07-05 12:26:59,659 - DEBUG - [MainThread] cura.Machines.Models.QualitySettingsModel._update [77]: Updating QualitySettingsModel.
2025-07-05 12:27:00,498 - DEBUG - [MainThread] cura.Machines.Models.QualitySettingsModel._update [77]: Updating QualitySettingsModel.
2025-07-05 12:27:12,457 - DEBUG - [MainThread] cura.TaskManagement.OnExitCallbackManager.triggerNextCallback [53]: Scheduled the next on-app-exit callback [<bound method AutoTowersGenerator._onExitCallback of <AutoTowersGenerator.AutoTowersGenerator.AutoTowersGenerator object at 0x000001978FFB98B0>>]
2025-07-05 12:27:12,461 - DEBUG - [MainThread] cura.TaskManagement.OnExitCallbackManager.triggerNextCallback [56]: No more on-app-exit callbacks to process. Tell the app to exit.
2025-07-05 12:27:12,462 - INFO - [MainThread] cura.CuraApplication.closeApplication [681]: Close application
2025-07-05 12:27:12,463 - INFO - [MainThread] cura.CuraApplication._setLoadingHint [876]: Initializing Active Machine...
2025-07-05 12:27:12,489 - DEBUG - [MainThread] cura.Machines.Models.IntentSelectionModel._update [74]: Updating IntentSelectionModel.
2025-07-05 12:27:12,490 - DEBUG - [MainThread] cura.Machines.Models.IntentSelectionModel._update [79]: No active GlobalStack, set quality profile model as empty.
2025-07-05 12:27:12,492 - DEBUG - [MainThread] cura.Machines.Models.IntentSelectionModel._update [74]: Updating IntentSelectionModel.
2025-07-05 12:27:12,492 - DEBUG - [MainThread] cura.Machines.Models.IntentSelectionModel._update [79]: No active GlobalStack, set quality profile model as empty.
2025-07-05 12:27:12,494 - WARNING - [MainThread] UM.Qt.QtApplication.__onQmlWarning [448]: file:///C:/Program Files/UltiMaker Cura 5.10.1/share/cura/resources/qml/PrintSetupSelector/ProfileWarningReset.qml:77: TypeError: Cannot read property 'name' of null
2025-07-05 12:27:12,495 - WARNING - [MainThread] UM.Qt.QtApplication.__onQmlWarning [448]: file:///C:/Program Files/UltiMaker Cura 5.10.1/share/cura/resources/qml/PrintSetupSelector/ProfileWarningReset.qml:77: TypeError: Cannot read property 'name' of null
2025-07-05 12:27:12,508 - DEBUG - [MainThread] cura.Machines.Models.NozzleModel._update [28]: Updating NozzleModel.
2025-07-05 12:27:12,509 - DEBUG - [MainThread] cura.Machines.Models.NozzleModel._update [28]: Updating NozzleModel.
2025-07-05 12:27:12,511 - DEBUG - [MainThread] cura.Machines.Models.NozzleModel._update [28]: Updating NozzleModel.
2025-07-05 12:27:12,587 - WARNING - [MainThread] UM.Qt.QtApplication.__onQmlWarning [448]: file:///C:/Program Files/UltiMaker Cura 5.10.1/share/cura/resources/qml/WelcomePages/AddLocalPrinterScrollView.qml:357:25: Unable to assign QString to QRegularExpression
2025-07-05 12:27:12,603 - DEBUG - [MainThread] UM.Qt.QtApplication.windowClosed [512]: Shutting down cura
2025-07-05 12:27:12,636 - DEBUG - [MainThread] CuraEngineBackend.CuraEngineBackend._terminate [434]: Attempting to kill the engine process
2025-07-05 12:27:12,636 - DEBUG - [MainThread] CuraEngineBackend.CuraEngineBackend._terminate [440]: Killing engine process
2025-07-05 12:27:12,641 - DEBUG - [MainThread] CuraEngineBackend.CuraEngineBackend._terminate [443]: Engine process is killed. Received return code 1
2025-07-05 12:34:09,959 - INFO - [MainThread] UM.Qt.QtApplication.__init__ [89]: Adding QT6 plugin path: C:\Program Files\UltiMaker Cura 5.10.1\PyQt6\plugins
2025-07-05 12:34:09,959 - INFO - [MainThread] UM.Qt.QtApplication.__init__ [99]: Adding QT5 plugin path: C:\Program Files\UltiMaker Cura 5.10.1\PyQt6\plugins
2025-07-05 12:34:09,959 - DEBUG - [MainThread] UM.Application.initialize [163]: Initializing UltiMaker Cura
2025-07-05 12:34:09,959 - DEBUG - [MainThread] UM.Application.initialize [164]: App Version 5.10.1
2025-07-05 12:34:09,959 - DEBUG - [MainThread] UM.Application.initialize [165]: Api Version 8.10.0
2025-07-05 12:34:09,959 - DEBUG - [MainThread] UM.Application.initialize [166]: Build type None
2025-07-05 12:34:09,959 - WARNING - [MainThread] UM.PluginRegistry.addPluginLocation [205]: Plugin location C:\Program Files\UltiMaker Cura 5.10.1\..\Resources\share\uranium\plugins must be a folder.
2025-07-05 12:34:09,959 - WARNING - [MainThread] UM.PluginRegistry.addPluginLocation [205]: Plugin location C:\Program Files\UltiMaker Cura 5.10.1\..\Resources\share\cura\plugins must be a folder.
2025-07-05 12:34:09,959 - WARNING - [MainThread] UM.PluginRegistry.addPluginLocation [205]: Plugin location C:\Program Files\lib\uranium must be a folder.
2025-07-05 12:34:09,959 - WARNING - [MainThread] UM.PluginRegistry.addPluginLocation [205]: Plugin location C:\Program Files\lib64\uranium must be a folder.
2025-07-05 12:34:09,959 - WARNING - [MainThread] UM.PluginRegistry.addPluginLocation [205]: Plugin location C:\Program Files\lib32\uranium must be a folder.
2025-07-05 12:34:09,960 - WARNING - [MainThread] UM.PluginRegistry.addPluginLocation [205]: Plugin location C:\Program Files\UltiMaker Cura 5.10.1\plugins must be a folder.
2025-07-05 12:34:09,960 - WARNING - [MainThread] UM.PluginRegistry.addPluginLocation [205]: Plugin location C:\Program Files\Resources\uranium\plugins must be a folder.
2025-07-05 12:34:09,960 - WARNING - [MainThread] UM.PluginRegistry.addPluginLocation [205]: Plugin location C:\Program Files\Resources\cura\plugins must be a folder.
2025-07-05 12:34:09,960 - DEBUG - [MainThread] UM.Resources.__initializeStoragePaths [481]: Initializing storage paths
2025-07-05 12:34:09,960 - DEBUG - [MainThread] UM.Resources.__initializeStoragePaths [491]: Config storage path is C:\Users\angelo\AppData\Roaming\cura\5.10
2025-07-05 12:34:09,960 - DEBUG - [MainThread] UM.Resources.__initializeStoragePaths [499]: Data storage path is C:\Users\angelo\AppData\Roaming\cura\5.10
2025-07-05 12:34:09,960 - DEBUG - [MainThread] UM.Resources.__initializeStoragePaths [511]: Cache storage path is C:\Users\angelo\AppData\Local\cura\5.10\cache
2025-07-05 12:34:09,960 - INFO - [MainThread] UM.PackageManager.__init__ [56]: Found bundled packages JSON file: C:\Program Files\UltiMaker Cura 5.10.1\share\uranium\resources\bundled_packages\uranium.json
2025-07-05 12:34:09,961 - INFO - [MainThread] UM.PackageManager.__init__ [56]: Found bundled packages JSON file: C:\Program Files\UltiMaker Cura 5.10.1\share\cura\resources\bundled_packages\cura.json
2025-07-05 12:34:09,961 - DEBUG - [MainThread] UM.View.GL.OpenGLContext.detectBestOpenGLVersion [124]: Trying OpenGL context 4.1...
2025-07-05 12:34:09,961 - DEBUG - [MainThread] UM.View.GL.OpenGLContext.detectBestOpenGLVersion [132]: Yay, we got at least OpenGL 4.1 core: 4.1 Core profile
2025-07-05 12:34:09,961 - DEBUG - [MainThread] UM.Qt.QtApplication.initialize [192]: Detected most suitable OpenGL context version: 4.1 Core profile
2025-07-05 12:34:09,961 - INFO - [MainThread] UM.Qt.QtApplication.initialize [199]: Initializing job queue ...
2025-07-05 12:34:09,961 - INFO - [MainThread] UM.Qt.QtApplication.initialize [203]: Initializing version upgrade manager ...
2025-07-05 12:34:09,961 - INFO - [MainThread] UM.PackageManager._loadManagementData [174]: Loaded bundled packages data from C:\Program Files\UltiMaker Cura 5.10.1\share\uranium\resources\bundled_packages\uranium.json
2025-07-05 12:34:09,961 - INFO - [MainThread] UM.PackageManager._loadManagementData [174]: Loaded bundled packages data from C:\Program Files\UltiMaker Cura 5.10.1\share\cura\resources\bundled_packages\cura.json
2025-07-05 12:34:09,961 - INFO - [MainThread] UM.PackageManager._loadManagementData [203]: User package management file C:\Users\angelo\AppData\Roaming\cura\5.10\packages.json doesn't exist, do nothing
2025-07-05 12:34:09,961 - INFO - [MainThread] UM.PackageManager._removeAllScheduledPackages [280]: Attempting to remove the following scheduled packages: - 
2025-07-05 12:34:09,961 - INFO - [MainThread] UM.PluginRegistry.initializeBeforePluginsAreLoaded [138]: Loading plugin configuration file 'C:\Users\angelo\AppData\Roaming\cura\5.10\plugins.json'
2025-07-05 12:34:09,961 - WARNING - [MainThread] UM.PluginRegistry.addPluginLocation [205]: Plugin location C:\Program Files\lib\cura must be a folder.
2025-07-05 12:34:09,962 - INFO - [MainThread] UM.PluginRegistry.loadPlugin [540]: Loaded plugin FileLogger 1.0.1
2025-07-05 12:34:09,976 - INFO - [MainThread] UM.PluginRegistry.loadPlugin [540]: Loaded plugin LocalContainerProvider 1.0.1
2025-07-05 12:34:09,987 - INFO - [MainThread] UM.PluginRegistry.loadPlugin [540]: Loaded plugin LocalFileOutputDevice 1.0.1
2025-07-05 12:34:10,000 - INFO - [MainThread] UM.PluginRegistry.loadPlugin [540]: Loaded plugin CameraTool 1.0.1
2025-07-05 12:34:10,011 - INFO - [MainThread] UM.PluginRegistry.loadPlugin [540]: Loaded plugin MirrorTool 1.0.1
2025-07-05 12:34:10,027 - INFO - [MainThread] UM.PluginRegistry.loadPlugin [540]: Loaded plugin RotateTool 1.0.1
2025-07-05 12:34:10,041 - INFO - [MainThread] UM.PluginRegistry.loadPlugin [540]: Loaded plugin ScaleTool 1.0.1
2025-07-05 12:34:10,050 - INFO - [MainThread] UM.PluginRegistry.loadPlugin [540]: Loaded plugin SelectionTool 1.0.1
2025-07-05 12:34:10,062 - INFO - [MainThread] UM.PluginRegistry.loadPlugin [540]: Loaded plugin TranslateTool 1.0.1
2025-07-05 12:34:10,084 - INFO - [MainThread] UpdateChecker.UpdateChecker.checkNewVersion [69]: Checking for new version
2025-07-05 12:34:10,086 - INFO - [MainThread] UM.PluginRegistry.loadPlugin [540]: Loaded plugin UpdateChecker 1.0.1
2025-07-05 12:34:10,485 - INFO - [MainThread] UM.PluginRegistry.loadPlugin [540]: Loaded plugin SimpleView 1.0.1
2025-07-05 12:34:10,507 - INFO - [MainThread] UM.PluginRegistry.loadPlugin [540]: Loaded plugin 3DConnexion 1.0.0
2025-07-05 12:34:10,549 - DEBUG - [MainThread] 3MFReader.SpecificSettingsModel._update [59]: Updating SpecificSettingsModel
2025-07-05 12:34:10,550 - INFO - [MainThread] UM.PluginRegistry.loadPlugin [540]: Loaded plugin 3MFReader 1.0.1
2025-07-05 12:34:10,577 - INFO - [MainThread] UM.PluginRegistry.loadPlugin [540]: Loaded plugin 3MFWriter 1.0.1
2025-07-05 12:34:10,817 - INFO - [MainThread] UM.PluginRegistry.loadPlugin [540]: Loaded plugin AMFReader 1.0.0
2025-07-05 12:34:10,841 - INFO - [MainThread] UM.PluginRegistry.loadPlugin [540]: Loaded plugin CuraDrive 1.2.0
2025-07-05 12:34:10,964 - INFO - [MainThread] CuraEngineBackend.CuraEngineBackend.__init__ [112]: Found CuraEngine at: C:\Program Files\UltiMaker Cura 5.10.1\CuraEngine.exe
2025-07-05 12:34:10,966 - INFO - [MainThread] UM.PluginRegistry.loadPlugin [540]: Loaded plugin CuraEngineBackend 1.0.1
2025-07-05 12:34:10,973 - DEBUG - [MainThread] UM.Backend.Backend._onSocketError [260]: Socket was unable to bind to port, increasing port number to 49675
2025-07-05 12:34:10,973 - DEBUG - [MainThread] UM.Backend.Backend._createSocket [297]: Previous socket existed. Closing that first.
2025-07-05 12:34:10,975 - DEBUG - [MainThread] CuraEngineBackend.CuraEngineBackend._terminate [434]: Attempting to kill the engine process
2025-07-05 12:34:10,976 - DEBUG - [MainThread] UM.Backend.Backend._createSocket [297]: Previous socket existed. Closing that first.
2025-07-05 12:34:10,982 - DEBUG - [MainThread] UM.Backend.Backend._onSocketError [260]: Socket was unable to bind to port, increasing port number to 49676
2025-07-05 12:34:10,983 - DEBUG - [MainThread] UM.Backend.Backend._createSocket [297]: Previous socket existed. Closing that first.
2025-07-05 12:34:10,984 - DEBUG - [MainThread] CuraEngineBackend.CuraEngineBackend._terminate [434]: Attempting to kill the engine process
2025-07-05 12:34:10,986 - DEBUG - [MainThread] UM.Backend.Backend._createSocket [297]: Previous socket existed. Closing that first.
2025-07-05 12:34:10,992 - INFO - [MainThread] UM.PluginRegistry.loadPlugin [540]: Loaded plugin CuraProfileReader 1.0.1
2025-07-05 12:34:10,992 - DEBUG - [MainThread] UM.Backend.Backend._onSocketError [260]: Socket was unable to bind to port, increasing port number to 49677
2025-07-05 12:34:10,993 - DEBUG - [MainThread] UM.Backend.Backend._createSocket [297]: Previous socket existed. Closing that first.
2025-07-05 12:34:10,994 - DEBUG - [MainThread] CuraEngineBackend.CuraEngineBackend._terminate [434]: Attempting to kill the engine process
2025-07-05 12:34:10,995 - DEBUG - [MainThread] UM.Backend.Backend._createSocket [297]: Previous socket existed. Closing that first.
2025-07-05 12:34:10,998 - DEBUG - [MainThread] UM.Backend.Backend._onSocketError [260]: Socket was unable to bind to port, increasing port number to 49678
2025-07-05 12:34:10,999 - DEBUG - [MainThread] UM.Backend.Backend._createSocket [297]: Previous socket existed. Closing that first.
2025-07-05 12:34:11,001 - DEBUG - [MainThread] CuraEngineBackend.CuraEngineBackend._terminate [434]: Attempting to kill the engine process
2025-07-05 12:34:11,002 - DEBUG - [MainThread] UM.Backend.Backend._createSocket [297]: Previous socket existed. Closing that first.
2025-07-05 12:34:11,010 - INFO - [MainThread] UM.PluginRegistry.loadPlugin [540]: Loaded plugin CuraProfileWriter 1.0.1
2025-07-05 12:34:11,011 - DEBUG - [MainThread] UM.Backend.Backend._onSocketError [260]: Socket was unable to bind to port, increasing port number to 49679
2025-07-05 12:34:11,011 - DEBUG - [MainThread] UM.Backend.Backend._createSocket [297]: Previous socket existed. Closing that first.
2025-07-05 12:34:11,013 - DEBUG - [MainThread] CuraEngineBackend.CuraEngineBackend._terminate [434]: Attempting to kill the engine process
2025-07-05 12:34:11,013 - DEBUG - [MainThread] UM.Backend.Backend._createSocket [297]: Previous socket existed. Closing that first.
2025-07-05 12:34:11,019 - DEBUG - [MainThread] UM.Backend.Backend._onSocketError [260]: Socket was unable to bind to port, increasing port number to 49680
2025-07-05 12:34:11,019 - DEBUG - [MainThread] UM.Backend.Backend._createSocket [297]: Previous socket existed. Closing that first.
2025-07-05 12:34:11,021 - DEBUG - [MainThread] CuraEngineBackend.CuraEngineBackend._terminate [434]: Attempting to kill the engine process
2025-07-05 12:34:11,021 - DEBUG - [MainThread] UM.Backend.Backend._createSocket [297]: Previous socket existed. Closing that first.
2025-07-05 12:34:11,065 - INFO - [MainThread] UM.PluginRegistry.loadPlugin [540]: Loaded plugin DigitalLibrary 1.1.0
2025-07-05 12:34:11,066 - DEBUG - [MainThread] UM.Backend.Backend._onSocketError [260]: Socket was unable to bind to port, increasing port number to 49681
2025-07-05 12:34:11,066 - DEBUG - [MainThread] UM.Backend.Backend._createSocket [297]: Previous socket existed. Closing that first.
2025-07-05 12:34:11,068 - DEBUG - [MainThread] CuraEngineBackend.CuraEngineBackend._terminate [434]: Attempting to kill the engine process
2025-07-05 12:34:11,068 - DEBUG - [MainThread] UM.Backend.Backend._createSocket [297]: Previous socket existed. Closing that first.
2025-07-05 12:34:11,071 - DEBUG - [MainThread] UM.Backend.Backend._onSocketError [260]: Socket was unable to bind to port, increasing port number to 49682
2025-07-05 12:34:11,071 - DEBUG - [MainThread] UM.Backend.Backend._createSocket [297]: Previous socket existed. Closing that first.
2025-07-05 12:34:11,073 - DEBUG - [MainThread] CuraEngineBackend.CuraEngineBackend._terminate [434]: Attempting to kill the engine process
2025-07-05 12:34:11,073 - DEBUG - [MainThread] UM.Backend.Backend._createSocket [297]: Previous socket existed. Closing that first.
2025-07-05 12:34:11,090 - INFO - [MainThread] UM.PluginRegistry.loadPlugin [540]: Loaded plugin FirmwareUpdateChecker 1.0.1
2025-07-05 12:34:11,090 - DEBUG - [MainThread] UM.Backend.Backend._onSocketError [260]: Socket was unable to bind to port, increasing port number to 49683
2025-07-05 12:34:11,092 - DEBUG - [MainThread] UM.Backend.Backend._createSocket [297]: Previous socket existed. Closing that first.
2025-07-05 12:34:11,093 - DEBUG - [MainThread] CuraEngineBackend.CuraEngineBackend._terminate [434]: Attempting to kill the engine process
2025-07-05 12:34:11,095 - DEBUG - [MainThread] UM.Backend.Backend._createSocket [297]: Previous socket existed. Closing that first.
2025-07-05 12:34:11,098 - DEBUG - [MainThread] UM.Backend.Backend._onSocketError [260]: Socket was unable to bind to port, increasing port number to 49684
2025-07-05 12:34:11,098 - DEBUG - [MainThread] UM.Backend.Backend._createSocket [297]: Previous socket existed. Closing that first.
2025-07-05 12:34:11,100 - DEBUG - [MainThread] CuraEngineBackend.CuraEngineBackend._terminate [434]: Attempting to kill the engine process
2025-07-05 12:34:11,101 - DEBUG - [MainThread] UM.Backend.Backend._createSocket [297]: Previous socket existed. Closing that first.
2025-07-05 12:34:11,111 - INFO - [MainThread] UM.PluginRegistry.loadPlugin [540]: Loaded plugin FirmwareUpdater 1.0.1
2025-07-05 12:34:11,112 - DEBUG - [MainThread] UM.Backend.Backend._onSocketError [260]: Socket was unable to bind to port, increasing port number to 49685
2025-07-05 12:34:11,112 - DEBUG - [MainThread] UM.Backend.Backend._createSocket [297]: Previous socket existed. Closing that first.
2025-07-05 12:34:11,114 - DEBUG - [MainThread] CuraEngineBackend.CuraEngineBackend._terminate [434]: Attempting to kill the engine process
2025-07-05 12:34:11,114 - DEBUG - [MainThread] UM.Backend.Backend._createSocket [297]: Previous socket existed. Closing that first.
2025-07-05 12:34:11,118 - DEBUG - [MainThread] UM.Backend.Backend._onSocketError [260]: Socket was unable to bind to port, increasing port number to 49686
2025-07-05 12:34:11,118 - DEBUG - [MainThread] UM.Backend.Backend._createSocket [297]: Previous socket existed. Closing that first.
2025-07-05 12:34:11,120 - DEBUG - [MainThread] CuraEngineBackend.CuraEngineBackend._terminate [434]: Attempting to kill the engine process
2025-07-05 12:34:11,121 - DEBUG - [MainThread] UM.Backend.Backend._createSocket [297]: Previous socket existed. Closing that first.
2025-07-05 12:34:11,164 - INFO - [MainThread] UM.PluginRegistry.loadPlugin [540]: Loaded plugin GCodeGzReader 1.0.1
2025-07-05 12:34:11,165 - DEBUG - [MainThread] UM.Backend.Backend._onSocketError [260]: Socket was unable to bind to port, increasing port number to 49687
2025-07-05 12:34:11,165 - DEBUG - [MainThread] UM.Backend.Backend._createSocket [297]: Previous socket existed. Closing that first.
2025-07-05 12:34:11,167 - DEBUG - [MainThread] CuraEngineBackend.CuraEngineBackend._terminate [434]: Attempting to kill the engine process
2025-07-05 12:34:11,168 - DEBUG - [MainThread] UM.Backend.Backend._createSocket [297]: Previous socket existed. Closing that first.
2025-07-05 12:34:11,173 - DEBUG - [MainThread] UM.Backend.Backend._onSocketError [260]: Socket was unable to bind to port, increasing port number to 49688
2025-07-05 12:34:11,174 - DEBUG - [MainThread] UM.Backend.Backend._createSocket [297]: Previous socket existed. Closing that first.
2025-07-05 12:34:11,175 - DEBUG - [MainThread] CuraEngineBackend.CuraEngineBackend._terminate [434]: Attempting to kill the engine process
2025-07-05 12:34:11,176 - DEBUG - [MainThread] UM.Backend.Backend._createSocket [297]: Previous socket existed. Closing that first.
2025-07-05 12:34:11,187 - INFO - [MainThread] UM.PluginRegistry.loadPlugin [540]: Loaded plugin GCodeGzWriter 1.0.1
2025-07-05 12:34:11,188 - DEBUG - [MainThread] UM.Backend.Backend._onSocketError [260]: Socket was unable to bind to port, increasing port number to 49689
2025-07-05 12:34:11,188 - DEBUG - [MainThread] UM.Backend.Backend._createSocket [297]: Previous socket existed. Closing that first.
2025-07-05 12:34:11,189 - DEBUG - [MainThread] CuraEngineBackend.CuraEngineBackend._terminate [434]: Attempting to kill the engine process
2025-07-05 12:34:11,190 - DEBUG - [MainThread] UM.Backend.Backend._createSocket [297]: Previous socket existed. Closing that first.
2025-07-05 12:34:11,194 - DEBUG - [MainThread] UM.Backend.Backend._onSocketError [260]: Socket was unable to bind to port, increasing port number to 49690
2025-07-05 12:34:11,194 - DEBUG - [MainThread] UM.Backend.Backend._createSocket [297]: Previous socket existed. Closing that first.
2025-07-05 12:34:11,195 - DEBUG - [MainThread] CuraEngineBackend.CuraEngineBackend._terminate [434]: Attempting to kill the engine process
2025-07-05 12:34:11,196 - DEBUG - [MainThread] UM.Backend.Backend._createSocket [297]: Previous socket existed. Closing that first.
2025-07-05 12:34:11,210 - INFO - [MainThread] UM.PluginRegistry.loadPlugin [540]: Loaded plugin GCodeProfileReader 1.0.1
2025-07-05 12:34:11,210 - DEBUG - [MainThread] UM.Backend.Backend._onSocketError [260]: Socket was unable to bind to port, increasing port number to 49691
2025-07-05 12:34:11,211 - DEBUG - [MainThread] UM.Backend.Backend._createSocket [297]: Previous socket existed. Closing that first.
2025-07-05 12:34:11,214 - DEBUG - [MainThread] CuraEngineBackend.CuraEngineBackend._terminate [434]: Attempting to kill the engine process
2025-07-05 12:34:11,215 - DEBUG - [MainThread] UM.Backend.Backend._createSocket [297]: Previous socket existed. Closing that first.
2025-07-05 12:34:11,221 - DEBUG - [MainThread] UM.Backend.Backend._onSocketError [260]: Socket was unable to bind to port, increasing port number to 49692
2025-07-05 12:34:11,221 - DEBUG - [MainThread] UM.Backend.Backend._createSocket [297]: Previous socket existed. Closing that first.
2025-07-05 12:34:11,223 - DEBUG - [MainThread] CuraEngineBackend.CuraEngineBackend._terminate [434]: Attempting to kill the engine process
2025-07-05 12:34:11,224 - DEBUG - [MainThread] UM.Backend.Backend._createSocket [297]: Previous socket existed. Closing that first.
2025-07-05 12:34:11,230 - DEBUG - [MainThread] UM.Backend.Backend._onSocketError [260]: Socket was unable to bind to port, increasing port number to 49693
2025-07-05 12:34:11,230 - DEBUG - [MainThread] UM.Backend.Backend._createSocket [297]: Previous socket existed. Closing that first.
2025-07-05 12:34:11,232 - DEBUG - [MainThread] CuraEngineBackend.CuraEngineBackend._terminate [434]: Attempting to kill the engine process
2025-07-05 12:34:11,233 - DEBUG - [MainThread] UM.Backend.Backend._createSocket [297]: Previous socket existed. Closing that first.
2025-07-05 12:34:11,249 - INFO - [MainThread] UM.PluginRegistry.loadPlugin [540]: Loaded plugin GCodeReader 1.0.1
2025-07-05 12:34:11,250 - DEBUG - [MainThread] UM.Backend.Backend._onSocketError [260]: Socket was unable to bind to port, increasing port number to 49694
2025-07-05 12:34:11,250 - DEBUG - [MainThread] UM.Backend.Backend._createSocket [297]: Previous socket existed. Closing that first.
2025-07-05 12:34:11,253 - DEBUG - [MainThread] CuraEngineBackend.CuraEngineBackend._terminate [434]: Attempting to kill the engine process
2025-07-05 12:34:11,253 - DEBUG - [MainThread] UM.Backend.Backend._createSocket [297]: Previous socket existed. Closing that first.
2025-07-05 12:34:11,256 - DEBUG - [MainThread] UM.Backend.Backend._onSocketError [260]: Socket was unable to bind to port, increasing port number to 49695
2025-07-05 12:34:11,256 - DEBUG - [MainThread] UM.Backend.Backend._createSocket [297]: Previous socket existed. Closing that first.
2025-07-05 12:34:11,259 - DEBUG - [MainThread] CuraEngineBackend.CuraEngineBackend._terminate [434]: Attempting to kill the engine process
2025-07-05 12:34:11,259 - DEBUG - [MainThread] UM.Backend.Backend._createSocket [297]: Previous socket existed. Closing that first.
2025-07-05 12:34:11,265 - DEBUG - [MainThread] UM.Backend.Backend._onSocketError [260]: Socket was unable to bind to port, increasing port number to 49696
2025-07-05 12:34:11,265 - DEBUG - [MainThread] UM.Backend.Backend._createSocket [297]: Previous socket existed. Closing that first.
2025-07-05 12:34:11,267 - DEBUG - [MainThread] CuraEngineBackend.CuraEngineBackend._terminate [434]: Attempting to kill the engine process
2025-07-05 12:34:11,268 - DEBUG - [MainThread] UM.Backend.Backend._createSocket [297]: Previous socket existed. Closing that first.
2025-07-05 12:34:11,280 - INFO - [MainThread] UM.PluginRegistry.loadPlugin [540]: Loaded plugin GCodeWriter 1.0.1
2025-07-05 12:34:11,281 - DEBUG - [MainThread] UM.Backend.Backend._onSocketError [260]: Socket was unable to bind to port, increasing port number to 49697
2025-07-05 12:34:11,281 - DEBUG - [MainThread] UM.Backend.Backend._createSocket [297]: Previous socket existed. Closing that first.
2025-07-05 12:34:11,283 - DEBUG - [MainThread] CuraEngineBackend.CuraEngineBackend._terminate [434]: Attempting to kill the engine process
2025-07-05 12:34:11,284 - DEBUG - [MainThread] UM.Backend.Backend._createSocket [297]: Previous socket existed. Closing that first.
2025-07-05 12:34:11,287 - DEBUG - [MainThread] UM.Backend.Backend._onSocketError [260]: Socket was unable to bind to port, increasing port number to 49698
2025-07-05 12:34:11,288 - DEBUG - [MainThread] UM.Backend.Backend._createSocket [297]: Previous socket existed. Closing that first.
2025-07-05 12:34:11,289 - DEBUG - [MainThread] CuraEngineBackend.CuraEngineBackend._terminate [434]: Attempting to kill the engine process
2025-07-05 12:34:11,290 - DEBUG - [MainThread] UM.Backend.Backend._createSocket [297]: Previous socket existed. Closing that first.
2025-07-05 12:34:11,304 - INFO - [MainThread] UM.PluginRegistry.loadPlugin [540]: Loaded plugin ImageReader 1.0.1
2025-07-05 12:34:11,304 - DEBUG - [MainThread] UM.Backend.Backend._onSocketError [260]: Socket was unable to bind to port, increasing port number to 49699
2025-07-05 12:34:11,305 - DEBUG - [MainThread] UM.Backend.Backend._createSocket [297]: Previous socket existed. Closing that first.
2025-07-05 12:34:11,307 - DEBUG - [MainThread] CuraEngineBackend.CuraEngineBackend._terminate [434]: Attempting to kill the engine process
2025-07-05 12:34:11,308 - DEBUG - [MainThread] UM.Backend.Backend._createSocket [297]: Previous socket existed. Closing that first.
2025-07-05 12:34:11,312 - DEBUG - [MainThread] UM.Backend.Backend._onSocketError [260]: Socket was unable to bind to port, increasing port number to 49700
2025-07-05 12:34:11,312 - DEBUG - [MainThread] UM.Backend.Backend._createSocket [297]: Previous socket existed. Closing that first.
2025-07-05 12:34:11,314 - DEBUG - [MainThread] CuraEngineBackend.CuraEngineBackend._terminate [434]: Attempting to kill the engine process
2025-07-05 12:34:11,314 - DEBUG - [MainThread] UM.Backend.Backend._createSocket [297]: Previous socket existed. Closing that first.
2025-07-05 12:34:11,325 - INFO - [MainThread] UM.PluginRegistry.loadPlugin [540]: Loaded plugin LegacyProfileReader 1.0.1
2025-07-05 12:34:11,326 - DEBUG - [MainThread] UM.Backend.Backend._onSocketError [260]: Socket was unable to bind to port, increasing port number to 49701
2025-07-05 12:34:11,326 - DEBUG - [MainThread] UM.Backend.Backend._createSocket [297]: Previous socket existed. Closing that first.
2025-07-05 12:34:11,328 - DEBUG - [MainThread] CuraEngineBackend.CuraEngineBackend._terminate [434]: Attempting to kill the engine process
2025-07-05 12:34:11,329 - DEBUG - [MainThread] UM.Backend.Backend._createSocket [297]: Previous socket existed. Closing that first.
2025-07-05 12:34:11,336 - DEBUG - [MainThread] UM.Backend.Backend._onSocketError [260]: Socket was unable to bind to port, increasing port number to 49702
2025-07-05 12:34:11,336 - DEBUG - [MainThread] UM.Backend.Backend._createSocket [297]: Previous socket existed. Closing that first.
2025-07-05 12:34:11,338 - DEBUG - [MainThread] CuraEngineBackend.CuraEngineBackend._terminate [434]: Attempting to kill the engine process
2025-07-05 12:34:11,340 - DEBUG - [MainThread] UM.Backend.Backend._createSocket [297]: Previous socket existed. Closing that first.
2025-07-05 12:34:11,346 - DEBUG - [MainThread] UM.Backend.Backend._onSocketError [260]: Socket was unable to bind to port, increasing port number to 49703
2025-07-05 12:34:11,347 - DEBUG - [MainThread] UM.Backend.Backend._createSocket [297]: Previous socket existed. Closing that first.
2025-07-05 12:34:11,349 - DEBUG - [MainThread] CuraEngineBackend.CuraEngineBackend._terminate [434]: Attempting to kill the engine process
2025-07-05 12:34:11,350 - DEBUG - [MainThread] UM.Backend.Backend._createSocket [297]: Previous socket existed. Closing that first.
2025-07-05 12:34:11,358 - INFO - [MainThread] UM.PluginRegistry.loadPlugin [540]: Loaded plugin MachineSettingsAction 1.0.1
2025-07-05 12:34:11,358 - DEBUG - [MainThread] UM.Backend.Backend._onSocketError [260]: Socket was unable to bind to port, increasing port number to 49704
2025-07-05 12:34:11,358 - DEBUG - [MainThread] UM.Backend.Backend._createSocket [297]: Previous socket existed. Closing that first.
2025-07-05 12:34:11,360 - DEBUG - [MainThread] CuraEngineBackend.CuraEngineBackend._terminate [434]: Attempting to kill the engine process
2025-07-05 12:34:11,360 - DEBUG - [MainThread] UM.Backend.Backend._createSocket [297]: Previous socket existed. Closing that first.
2025-07-05 12:34:11,469 - DEBUG - [MainThread] UM.Backend.Backend._onSocketError [260]: Socket was unable to bind to port, increasing port number to 49705
2025-07-05 12:34:11,469 - DEBUG - [MainThread] UM.Backend.Backend._createSocket [297]: Previous socket existed. Closing that first.
2025-07-05 12:34:11,471 - DEBUG - [MainThread] CuraEngineBackend.CuraEngineBackend._terminate [434]: Attempting to kill the engine process
2025-07-05 12:34:11,472 - DEBUG - [MainThread] UM.Backend.Backend._createSocket [297]: Previous socket existed. Closing that first.
2025-07-05 12:34:11,479 - DEBUG - [MainThread] UM.Backend.Backend._onSocketError [260]: Socket was unable to bind to port, increasing port number to 49706
2025-07-05 12:34:11,479 - DEBUG - [MainThread] UM.Backend.Backend._createSocket [297]: Previous socket existed. Closing that first.
2025-07-05 12:34:11,481 - DEBUG - [MainThread] CuraEngineBackend.CuraEngineBackend._terminate [434]: Attempting to kill the engine process
2025-07-05 12:34:11,482 - DEBUG - [MainThread] UM.Backend.Backend._createSocket [297]: Previous socket existed. Closing that first.
2025-07-05 12:34:11,505 - INFO - [MainThread] MakerbotWriter.MakerbotWriter.__init__ [34]: Using PyDulcificum: 5.10.0
2025-07-05 12:34:11,506 - INFO - [MainThread] UM.PluginRegistry.loadPlugin [540]: Loaded plugin MakerbotWriter 0.1.0
2025-07-05 12:34:11,506 - DEBUG - [MainThread] UM.Backend.Backend._onSocketError [260]: Socket was unable to bind to port, increasing port number to 49707
2025-07-05 12:34:11,507 - DEBUG - [MainThread] UM.Backend.Backend._createSocket [297]: Previous socket existed. Closing that first.
2025-07-05 12:34:11,509 - DEBUG - [MainThread] CuraEngineBackend.CuraEngineBackend._terminate [434]: Attempting to kill the engine process
2025-07-05 12:34:11,510 - DEBUG - [MainThread] UM.Backend.Backend._createSocket [297]: Previous socket existed. Closing that first.
2025-07-05 12:34:11,513 - DEBUG - [MainThread] UM.Backend.Backend._onSocketError [260]: Socket was unable to bind to port, increasing port number to 49708
2025-07-05 12:34:11,513 - DEBUG - [MainThread] UM.Backend.Backend._createSocket [297]: Previous socket existed. Closing that first.
2025-07-05 12:34:11,515 - DEBUG - [MainThread] CuraEngineBackend.CuraEngineBackend._terminate [434]: Attempting to kill the engine process
2025-07-05 12:34:11,516 - DEBUG - [MainThread] UM.Backend.Backend._createSocket [297]: Previous socket existed. Closing that first.
2025-07-05 12:34:11,522 - DEBUG - [MainThread] UM.Backend.Backend._onSocketError [260]: Socket was unable to bind to port, increasing port number to 49709
2025-07-05 12:34:11,524 - DEBUG - [MainThread] UM.Backend.Backend._createSocket [297]: Previous socket existed. Closing that first.
2025-07-05 12:34:11,526 - DEBUG - [MainThread] CuraEngineBackend.CuraEngineBackend._terminate [434]: Attempting to kill the engine process
2025-07-05 12:34:11,527 - DEBUG - [MainThread] UM.Backend.Backend._createSocket [297]: Previous socket existed. Closing that first.
2025-07-05 12:34:11,574 - DEBUG - [MainThread] cura.OAuth2.AuthorizationService.getAccessToken [158]: No auth data to retrieve the access_token from
2025-07-05 12:34:11,576 - DEBUG - [MainThread] cura.UltimakerCloud.UltimakerCloudScope.requestHook [30]: User is not logged in for Cloud API request to https://api.ultimaker.com/cura-packages/v1/cura/v8.10.0/packages/package-updates?installed_packages=Filo3DPLA:1.0.1&installed_packages=PolyWoodPLA:1.0.1&installed_packages=ULTIMAKERABSRMETHOD:2.0.0&installed_packages=VertexDeltaTPU:1.4.0&installed_packages=GenericCPE:1.4.0&installed_packages=GenericPP:1.4.0&installed_packages=POLYMAKERPCMETHOD:2.0.0&installed_packages=ULTIMAKERNYLON12CFMETHOD:2.0.0&installed_packages=ULTIMAKERPLAMETHOD:2.0.0&installed_packages=PolyPlusPLA:1.0.1&installed_packages=UltimakerPETG:1.4.0&installed_packages=ULTIMAKERRAPIDRINSEMETHOD:2.0.0&installed_packages=GenericPETG:1.4.0&installed_packages=VertexDeltaPET:1.4.0&installed_packages=ULTIMAKERNYLONMETHOD:2.0.0&installed_packages=FABtotumTPU:1.4.0&installed_packages=ULTIMAKERTOUGHMETHOD:2.0.0&installed_packages=FABtotumABS:1.4.0&installed_packages=ULTIMAKERABSMETHOD:2.0.0&installed_packages=UltimakerBAM:1.4.0&installed_packages=UltimakerTPU:1.4.0&installed_packages=GenericHIPS:1.4.0&installed_packages=GenericCFFCPE:1.4.0&installed_packages=FiberlogyHDPLA:1.0.1&installed_packages=UltimakerCPE:1.4.0&installed_packages=GenericGFFCPE:1.4.0&installed_packages=GenericTPU:1.4.0&installed_packages=GenericABS:1.4.0&installed_packages=GenericToughPLA:1.4.0&installed_packages=ULTIMAKERASAMETHOD:2.0.0&installed_packages=JabilTPE_SEBS1300_95a:1.0.1&installed_packages=UltimakerTPLA:1.4.0&installed_packages=BASFMETALMETHOD:2.0.0&installed_packages=OctofiberPLA:1.0.1&installed_packages=ULTIMAKERBASCFMETHOD:2.0.0&installed_packages=GenericPVA:1.4.0&installed_packages=PolyFlexPLA:1.0.1&installed_packages=GenericNylon:1.4.0&installed_packages=DagomaChromatikPLA:1.0.1&installed_packages=GenericCPEPlus:1.4.0&installed_packages=VertexDeltaPLA:1.4.0&installed_packages=ULTIMAKERPETGMETHOD:2.0.0&installed_packages=UltimakerPC:1.4.0&installed_packages=GenericPETCF:1.4.0&installed_packages=PolyMaxPC:1.0.1&installed_packages=ULTIMAKERPVAMETHOD:2.0.0&installed_packages=IMADE3DJellyBOXPLA:1.0.1&installed_packages=GenericBAM:1.4.0&installed_packages=FABtotumNylon:1.4.0&installed_packages=GenericPC:1.4.0&installed_packages=ULTIMAKERNYLONCFMETHOD:2.0.0&installed_packages=UltimakerCPEP:1.4.0&installed_packages=IMADE3DJellyBOXPETG:1.0.1&installed_packages=JABILSEBSMETHOD:2.0.0&installed_packages=ULTIMAKERSR30METHOD:2.0.0&installed_packages=UltimakerNylon:1.4.0&installed_packages=FABtotumPLA:1.4.0&installed_packages=UltimakerPPSCF:1.0.0&installed_packages=BASFUltrafuse316L:1.0.1&installed_packages=GenericGFFPA:1.4.0&installed_packages=UltimakerABS:1.4.0&installed_packages=UltimakerPETCF:1.4.0&installed_packages=UltimakerPLA:1.4.0&installed_packages=VertexDeltaABS:1.4.0&installed_packages=GenericCFFPA:1.4.0&installed_packages=UltimakerPP:1.4.0&installed_packages=PolyMaxPLA:1.0.1&installed_packages=GenericPLA:1.4.0&installed_packages=UltimakerPVA:1.4.0&installed_packages=VersionUpgrade40to41:1.0.1&installed_packages=STLWriter:1.0.1&installed_packages=VersionUpgrade27to30:1.0.1&installed_packages=PerObjectSettingsTool:1.0.1&installed_packages=VersionUpgrade30to31:1.0.1&installed_packages=VersionUpgrade52to53:1.0.0&installed_packages=OBJWriter:1.0.1&installed_packages=ScaleTool:1.0.1&installed_packages=VersionUpgrade33to34:1.0.1&installed_packages=VersionUpgrade34to35:1.0.1&installed_packages=FirmwareUpdater:1.0.1&installed_packages=VersionUpgrade35to40:1.0.0&installed_packages=VersionUpgrade43to44:1.0.0&installed_packages=UltimakerMachineActions:1.0.1&installed_packages=UM3NetworkPrinting:1.0.1&installed_packages=VersionUpgrade21to22:1.0.1&installed_packages=UFPWriter:1.0.1&installed_packages=VersionUpgrade411to412:1.0.0&installed_packages=GCodeGzReader:1.0.1&installed_packages=USBPrinting:1.0.2&installed_packages=VersionUpgrade32to33:1.0.1&installed_packages=SupportEraser:1.0.1&installed_packages=VersionUpgrade44to45:1.0.0&installed_packages=SentryLogger:1.0.0&installed_packages=3MFReader:1.0.1&installed_packages=3DConnexion:1.0.0&installed_packages=TrimeshReader:1.0.0&installed_packages=X3DReader:1.0.1&installed_packages=FirmwareUpdateChecker:1.0.1&installed_packages=SimulationView:1.0.1&installed_packages=VersionUpgrade22to24:1.0.1&installed_packages=VersionUpgrade26to27:1.0.1&installed_packages=UFPReader:1.0.0&installed_packages=VersionUpgrade25to26:1.0.1&installed_packages=VersionUpgrade42to43:1.0.0&installed_packages=AMFReader:1.0.0&installed_packages=CuraProfileReader:1.0.1&installed_packages=MachineSettingsAction:1.0.1&installed_packages=RotateTool:1.0.1&installed_packages=VersionUpgrade462to47:1.0.0&installed_packages=MirrorTool:1.0.1&installed_packages=VersionUpgrade48to49:1.0.0&installed_packages=CuraDrive:1.2.0&installed_packages=GCodeReader:1.0.1&installed_packages=DigitalLibrary:1.1.0&installed_packages=VersionUpgrade460to462:1.0.0&installed_packages=CuraProfileWriter:1.0.1&installed_packages=UpdateChecker:1.0.1&installed_packages=OBJReader:1.0.1&installed_packages=MakerbotWriter:1.0.1&installed_packages=VersionUpgrade45to46:1.0.0&installed_packages=LegacyProfileReader:1.0.1&installed_packages=XRayView:1.0.1&installed_packages=PostProcessingPlugin:2.2.1&installed_packages=ModelChecker:1.0.1&installed_packages=VersionUpgrade47to48:1.0.0&installed_packages=GCodeGzWriter:1.0.1&installed_packages=GCodeProfileReader:1.0.1&installed_packages=VersionUpgrade413to50:1.0.0&installed_packages=VersionUpgrade41to42:1.0.0&installed_packages=ImageReader:1.0.1&installed_packages=SliceInfoPlugin:1.0.1&installed_packages=VersionUpgrade49to410:1.0.0&installed_packages=RemovableDriveOutputDevice:1.0.1
2025-07-05 12:34:11,577 - INFO - [MainThread] UM.PluginRegistry.loadPlugin [540]: Loaded plugin Marketplace 1.0.0
2025-07-05 12:34:11,578 - DEBUG - [MainThread] UM.Backend.Backend._onSocketError [260]: Socket was unable to bind to port, increasing port number to 49710
2025-07-05 12:34:11,578 - DEBUG - [MainThread] UM.Backend.Backend._createSocket [297]: Previous socket existed. Closing that first.
2025-07-05 12:34:11,579 - DEBUG - [MainThread] CuraEngineBackend.CuraEngineBackend._terminate [434]: Attempting to kill the engine process
2025-07-05 12:34:11,580 - DEBUG - [MainThread] UM.Backend.Backend._createSocket [297]: Previous socket existed. Closing that first.
2025-07-05 12:34:11,587 - DEBUG - [MainThread] UM.Backend.Backend._onSocketError [260]: Socket was unable to bind to port, increasing port number to 49711
2025-07-05 12:34:11,588 - DEBUG - [MainThread] UM.Backend.Backend._createSocket [297]: Previous socket existed. Closing that first.
2025-07-05 12:34:11,590 - DEBUG - [MainThread] CuraEngineBackend.CuraEngineBackend._terminate [434]: Attempting to kill the engine process
2025-07-05 12:34:11,591 - DEBUG - [MainThread] UM.Backend.Backend._createSocket [297]: Previous socket existed. Closing that first.
2025-07-05 12:34:11,597 - DEBUG - [MainThread] UM.Backend.Backend._onSocketError [260]: Socket was unable to bind to port, increasing port number to 49712
2025-07-05 12:34:11,598 - DEBUG - [MainThread] UM.Backend.Backend._createSocket [297]: Previous socket existed. Closing that first.
2025-07-05 12:34:11,600 - DEBUG - [MainThread] CuraEngineBackend.CuraEngineBackend._terminate [434]: Attempting to kill the engine process
2025-07-05 12:34:11,601 - DEBUG - [MainThread] UM.Backend.Backend._createSocket [297]: Previous socket existed. Closing that first.
2025-07-05 12:34:11,608 - INFO - [MainThread] UM.PluginRegistry.loadPlugin [540]: Loaded plugin ModelChecker 1.0.1
2025-07-05 12:34:11,609 - DEBUG - [MainThread] UM.Backend.Backend._onSocketError [260]: Socket was unable to bind to port, increasing port number to 49713
2025-07-05 12:34:11,609 - DEBUG - [MainThread] UM.Backend.Backend._createSocket [297]: Previous socket existed. Closing that first.
2025-07-05 12:34:11,611 - DEBUG - [MainThread] CuraEngineBackend.CuraEngineBackend._terminate [434]: Attempting to kill the engine process
2025-07-05 12:34:11,612 - DEBUG - [MainThread] UM.Backend.Backend._createSocket [297]: Previous socket existed. Closing that first.
2025-07-05 12:34:11,615 - DEBUG - [MainThread] UM.Backend.Backend._onSocketError [260]: Socket was unable to bind to port, increasing port number to 49714
2025-07-05 12:34:11,616 - DEBUG - [MainThread] UM.Backend.Backend._createSocket [297]: Previous socket existed. Closing that first.
2025-07-05 12:34:11,618 - DEBUG - [MainThread] CuraEngineBackend.CuraEngineBackend._terminate [434]: Attempting to kill the engine process
2025-07-05 12:34:11,619 - DEBUG - [MainThread] UM.Backend.Backend._createSocket [297]: Previous socket existed. Closing that first.
2025-07-05 12:34:11,626 - DEBUG - [MainThread] UM.Backend.Backend._onSocketError [260]: Socket was unable to bind to port, increasing port number to 49715
2025-07-05 12:34:11,626 - DEBUG - [MainThread] UM.Backend.Backend._createSocket [297]: Previous socket existed. Closing that first.
2025-07-05 12:34:11,629 - DEBUG - [MainThread] CuraEngineBackend.CuraEngineBackend._terminate [434]: Attempting to kill the engine process
2025-07-05 12:34:11,630 - DEBUG - [MainThread] UM.Backend.Backend._createSocket [297]: Previous socket existed. Closing that first.
2025-07-05 12:34:11,637 - INFO - [MainThread] UM.PluginRegistry.loadPlugin [540]: Loaded plugin MonitorStage 1.0.1
2025-07-05 12:34:11,637 - DEBUG - [MainThread] UM.Backend.Backend._onSocketError [260]: Socket was unable to bind to port, increasing port number to 49716
2025-07-05 12:34:11,638 - DEBUG - [MainThread] UM.Backend.Backend._createSocket [297]: Previous socket existed. Closing that first.
2025-07-05 12:34:11,639 - DEBUG - [MainThread] CuraEngineBackend.CuraEngineBackend._terminate [434]: Attempting to kill the engine process
2025-07-05 12:34:11,640 - DEBUG - [MainThread] UM.Backend.Backend._createSocket [297]: Previous socket existed. Closing that first.
2025-07-05 12:34:11,643 - DEBUG - [MainThread] UM.Backend.Backend._onSocketError [260]: Socket was unable to bind to port, increasing port number to 49717
2025-07-05 12:34:11,644 - DEBUG - [MainThread] UM.Backend.Backend._createSocket [297]: Previous socket existed. Closing that first.
2025-07-05 12:34:11,646 - DEBUG - [MainThread] CuraEngineBackend.CuraEngineBackend._terminate [434]: Attempting to kill the engine process
2025-07-05 12:34:11,647 - DEBUG - [MainThread] UM.Backend.Backend._createSocket [297]: Previous socket existed. Closing that first.
2025-07-05 12:34:11,665 - INFO - [MainThread] UM.PluginRegistry.loadPlugin [540]: Loaded plugin PerObjectSettingsTool 1.0.1
2025-07-05 12:34:11,665 - DEBUG - [MainThread] UM.Backend.Backend._onSocketError [260]: Socket was unable to bind to port, increasing port number to 49718
2025-07-05 12:34:11,665 - DEBUG - [MainThread] UM.Backend.Backend._createSocket [297]: Previous socket existed. Closing that first.
2025-07-05 12:34:11,667 - DEBUG - [MainThread] CuraEngineBackend.CuraEngineBackend._terminate [434]: Attempting to kill the engine process
2025-07-05 12:34:11,668 - DEBUG - [MainThread] UM.Backend.Backend._createSocket [297]: Previous socket existed. Closing that first.
2025-07-05 12:34:11,672 - DEBUG - [MainThread] UM.Backend.Backend._onSocketError [260]: Socket was unable to bind to port, increasing port number to 49719
2025-07-05 12:34:11,672 - DEBUG - [MainThread] UM.Backend.Backend._createSocket [297]: Previous socket existed. Closing that first.
2025-07-05 12:34:11,674 - DEBUG - [MainThread] CuraEngineBackend.CuraEngineBackend._terminate [434]: Attempting to kill the engine process
2025-07-05 12:34:11,675 - DEBUG - [MainThread] UM.Backend.Backend._createSocket [297]: Previous socket existed. Closing that first.
2025-07-05 12:34:11,690 - INFO - [MainThread] UM.PluginRegistry.loadPlugin [540]: Loaded plugin PostProcessingPlugin 2.2.1
2025-07-05 12:34:11,690 - DEBUG - [MainThread] UM.Backend.Backend._onSocketError [260]: Socket was unable to bind to port, increasing port number to 49720
2025-07-05 12:34:11,690 - DEBUG - [MainThread] UM.Backend.Backend._createSocket [297]: Previous socket existed. Closing that first.
2025-07-05 12:34:11,692 - DEBUG - [MainThread] CuraEngineBackend.CuraEngineBackend._terminate [434]: Attempting to kill the engine process
2025-07-05 12:34:11,693 - DEBUG - [MainThread] UM.Backend.Backend._createSocket [297]: Previous socket existed. Closing that first.
2025-07-05 12:34:11,697 - DEBUG - [MainThread] UM.Backend.Backend._onSocketError [260]: Socket was unable to bind to port, increasing port number to 49721
2025-07-05 12:34:11,697 - DEBUG - [MainThread] UM.Backend.Backend._createSocket [297]: Previous socket existed. Closing that first.
2025-07-05 12:34:11,698 - DEBUG - [MainThread] CuraEngineBackend.CuraEngineBackend._terminate [434]: Attempting to kill the engine process
2025-07-05 12:34:11,699 - DEBUG - [MainThread] UM.Backend.Backend._createSocket [297]: Previous socket existed. Closing that first.
2025-07-05 12:34:11,706 - DEBUG - [MainThread] UM.Backend.Backend._onSocketError [260]: Socket was unable to bind to port, increasing port number to 49722
2025-07-05 12:34:11,706 - DEBUG - [MainThread] UM.Backend.Backend._createSocket [297]: Previous socket existed. Closing that first.
2025-07-05 12:34:11,708 - DEBUG - [MainThread] CuraEngineBackend.CuraEngineBackend._terminate [434]: Attempting to kill the engine process
2025-07-05 12:34:11,709 - DEBUG - [MainThread] UM.Backend.Backend._createSocket [297]: Previous socket existed. Closing that first.
2025-07-05 12:34:11,716 - DEBUG - [MainThread] UM.Backend.Backend._onSocketError [260]: Socket was unable to bind to port, increasing port number to 49723
2025-07-05 12:34:11,717 - DEBUG - [MainThread] UM.Backend.Backend._createSocket [297]: Previous socket existed. Closing that first.
2025-07-05 12:34:11,719 - DEBUG - [MainThread] CuraEngineBackend.CuraEngineBackend._terminate [434]: Attempting to kill the engine process
2025-07-05 12:34:11,720 - DEBUG - [MainThread] UM.Backend.Backend._createSocket [297]: Previous socket existed. Closing that first.
2025-07-05 12:34:11,726 - INFO - [MainThread] UM.PluginRegistry.loadPlugin [540]: Loaded plugin PrepareStage 1.0.1
2025-07-05 12:34:11,726 - DEBUG - [MainThread] UM.Backend.Backend._onSocketError [260]: Socket was unable to bind to port, increasing port number to 49724
2025-07-05 12:34:11,727 - DEBUG - [MainThread] UM.Backend.Backend._createSocket [297]: Previous socket existed. Closing that first.
2025-07-05 12:34:11,729 - DEBUG - [MainThread] CuraEngineBackend.CuraEngineBackend._terminate [434]: Attempting to kill the engine process
2025-07-05 12:34:11,729 - DEBUG - [MainThread] UM.Backend.Backend._createSocket [297]: Previous socket existed. Closing that first.
2025-07-05 12:34:11,732 - DEBUG - [MainThread] UM.Backend.Backend._onSocketError [260]: Socket was unable to bind to port, increasing port number to 49725
2025-07-05 12:34:11,733 - DEBUG - [MainThread] UM.Backend.Backend._createSocket [297]: Previous socket existed. Closing that first.
2025-07-05 12:34:11,735 - DEBUG - [MainThread] CuraEngineBackend.CuraEngineBackend._terminate [434]: Attempting to kill the engine process
2025-07-05 12:34:11,735 - DEBUG - [MainThread] UM.Backend.Backend._createSocket [297]: Previous socket existed. Closing that first.
2025-07-05 12:34:11,742 - DEBUG - [MainThread] UM.Backend.Backend._onSocketError [260]: Socket was unable to bind to port, increasing port number to 49726
2025-07-05 12:34:11,743 - DEBUG - [MainThread] UM.Backend.Backend._createSocket [297]: Previous socket existed. Closing that first.
2025-07-05 12:34:11,745 - DEBUG - [MainThread] CuraEngineBackend.CuraEngineBackend._terminate [434]: Attempting to kill the engine process
2025-07-05 12:34:11,746 - DEBUG - [MainThread] UM.Backend.Backend._createSocket [297]: Previous socket existed. Closing that first.
2025-07-05 12:34:11,754 - INFO - [MainThread] UM.PluginRegistry.loadPlugin [540]: Loaded plugin PreviewStage 1.0.1
2025-07-05 12:34:11,754 - DEBUG - [MainThread] UM.Backend.Backend._onSocketError [260]: Socket was unable to bind to port, increasing port number to 49727
2025-07-05 12:34:11,755 - DEBUG - [MainThread] UM.Backend.Backend._createSocket [297]: Previous socket existed. Closing that first.
2025-07-05 12:34:11,756 - DEBUG - [MainThread] CuraEngineBackend.CuraEngineBackend._terminate [434]: Attempting to kill the engine process
2025-07-05 12:34:11,757 - DEBUG - [MainThread] UM.Backend.Backend._createSocket [297]: Previous socket existed. Closing that first.
2025-07-05 12:34:11,761 - DEBUG - [MainThread] UM.Backend.Backend._onSocketError [260]: Socket was unable to bind to port, increasing port number to 49728
2025-07-05 12:34:11,761 - DEBUG - [MainThread] UM.Backend.Backend._createSocket [297]: Previous socket existed. Closing that first.
2025-07-05 12:34:11,763 - DEBUG - [MainThread] CuraEngineBackend.CuraEngineBackend._terminate [434]: Attempting to kill the engine process
2025-07-05 12:34:11,764 - DEBUG - [MainThread] UM.Backend.Backend._createSocket [297]: Previous socket existed. Closing that first.
2025-07-05 12:34:11,770 - DEBUG - [MainThread] UM.Backend.Backend._onSocketError [260]: Socket was unable to bind to port, increasing port number to 49729
2025-07-05 12:34:11,771 - DEBUG - [MainThread] UM.Backend.Backend._createSocket [297]: Previous socket existed. Closing that first.
2025-07-05 12:34:11,773 - DEBUG - [MainThread] CuraEngineBackend.CuraEngineBackend._terminate [434]: Attempting to kill the engine process
2025-07-05 12:34:11,774 - DEBUG - [MainThread] UM.Backend.Backend._createSocket [297]: Previous socket existed. Closing that first.
2025-07-05 12:34:11,791 - INFO - [MainThread] UM.PluginRegistry.loadPlugin [540]: Loaded plugin RemovableDriveOutputDevice 1.0.1
2025-07-05 12:34:11,791 - DEBUG - [MainThread] UM.Backend.Backend._onSocketError [260]: Socket was unable to bind to port, increasing port number to 49730
2025-07-05 12:34:11,792 - DEBUG - [MainThread] UM.Backend.Backend._createSocket [297]: Previous socket existed. Closing that first.
2025-07-05 12:34:11,794 - DEBUG - [MainThread] CuraEngineBackend.CuraEngineBackend._terminate [434]: Attempting to kill the engine process
2025-07-05 12:34:11,795 - DEBUG - [MainThread] UM.Backend.Backend._createSocket [297]: Previous socket existed. Closing that first.
2025-07-05 12:34:11,798 - DEBUG - [MainThread] UM.Backend.Backend._onSocketError [260]: Socket was unable to bind to port, increasing port number to 49731
2025-07-05 12:34:11,798 - DEBUG - [MainThread] UM.Backend.Backend._createSocket [297]: Previous socket existed. Closing that first.
2025-07-05 12:34:11,800 - DEBUG - [MainThread] CuraEngineBackend.CuraEngineBackend._terminate [434]: Attempting to kill the engine process
2025-07-05 12:34:11,801 - DEBUG - [MainThread] UM.Backend.Backend._createSocket [297]: Previous socket existed. Closing that first.
2025-07-05 12:34:11,828 - INFO - [MainThread] UM.PluginRegistry.loadPlugin [540]: Loaded plugin SimulationView 1.0.1
2025-07-05 12:34:11,829 - DEBUG - [MainThread] UM.Backend.Backend._onSocketError [260]: Socket was unable to bind to port, increasing port number to 49732
2025-07-05 12:34:11,829 - DEBUG - [MainThread] UM.Backend.Backend._createSocket [297]: Previous socket existed. Closing that first.
2025-07-05 12:34:11,830 - DEBUG - [MainThread] CuraEngineBackend.CuraEngineBackend._terminate [434]: Attempting to kill the engine process
2025-07-05 12:34:11,831 - DEBUG - [MainThread] UM.Backend.Backend._createSocket [297]: Previous socket existed. Closing that first.
2025-07-05 12:34:11,838 - DEBUG - [MainThread] UM.Backend.Backend._onSocketError [260]: Socket was unable to bind to port, increasing port number to 49733
2025-07-05 12:34:11,839 - DEBUG - [MainThread] UM.Backend.Backend._createSocket [297]: Previous socket existed. Closing that first.
2025-07-05 12:34:11,841 - DEBUG - [MainThread] CuraEngineBackend.CuraEngineBackend._terminate [434]: Attempting to kill the engine process
2025-07-05 12:34:11,842 - DEBUG - [MainThread] UM.Backend.Backend._createSocket [297]: Previous socket existed. Closing that first.
2025-07-05 12:34:11,845 - DEBUG - [MainThread] UM.Backend.Backend._onSocketError [260]: Socket was unable to bind to port, increasing port number to 49734
2025-07-05 12:34:11,846 - DEBUG - [MainThread] UM.Backend.Backend._createSocket [297]: Previous socket existed. Closing that first.
2025-07-05 12:34:11,848 - DEBUG - [MainThread] CuraEngineBackend.CuraEngineBackend._terminate [434]: Attempting to kill the engine process
2025-07-05 12:34:11,848 - DEBUG - [MainThread] UM.Backend.Backend._createSocket [297]: Previous socket existed. Closing that first.
2025-07-05 12:34:11,861 - INFO - [MainThread] UM.PluginRegistry.loadPlugin [540]: Loaded plugin SliceInfoPlugin 1.0.1
2025-07-05 12:34:11,862 - DEBUG - [MainThread] UM.Backend.Backend._onSocketError [260]: Socket was unable to bind to port, increasing port number to 49735
2025-07-05 12:34:11,862 - DEBUG - [MainThread] UM.Backend.Backend._createSocket [297]: Previous socket existed. Closing that first.
2025-07-05 12:34:11,863 - DEBUG - [MainThread] CuraEngineBackend.CuraEngineBackend._terminate [434]: Attempting to kill the engine process
2025-07-05 12:34:11,865 - DEBUG - [MainThread] UM.Backend.Backend._createSocket [297]: Previous socket existed. Closing that first.
2025-07-05 12:34:11,868 - DEBUG - [MainThread] UM.Backend.Backend._onSocketError [260]: Socket was unable to bind to port, increasing port number to 49736
2025-07-05 12:34:11,869 - DEBUG - [MainThread] UM.Backend.Backend._createSocket [297]: Previous socket existed. Closing that first.
2025-07-05 12:34:11,872 - DEBUG - [MainThread] CuraEngineBackend.CuraEngineBackend._terminate [434]: Attempting to kill the engine process
2025-07-05 12:34:11,873 - DEBUG - [MainThread] UM.Backend.Backend._createSocket [297]: Previous socket existed. Closing that first.
2025-07-05 12:34:11,880 - DEBUG - [MainThread] UM.Backend.Backend._onSocketError [260]: Socket was unable to bind to port, increasing port number to 49737
2025-07-05 12:34:11,880 - DEBUG - [MainThread] UM.Backend.Backend._createSocket [297]: Previous socket existed. Closing that first.
2025-07-05 12:34:11,882 - DEBUG - [MainThread] CuraEngineBackend.CuraEngineBackend._terminate [434]: Attempting to kill the engine process
2025-07-05 12:34:11,883 - DEBUG - [MainThread] UM.Backend.Backend._createSocket [297]: Previous socket existed. Closing that first.
2025-07-05 12:34:11,892 - INFO - [MainThread] UM.PluginRegistry.loadPlugin [540]: Loaded plugin SolidView 1.0.1
2025-07-05 12:34:11,893 - DEBUG - [MainThread] UM.Backend.Backend._onSocketError [260]: Socket was unable to bind to port, increasing port number to 49738
2025-07-05 12:34:11,893 - DEBUG - [MainThread] UM.Backend.Backend._createSocket [297]: Previous socket existed. Closing that first.
2025-07-05 12:34:11,894 - DEBUG - [MainThread] CuraEngineBackend.CuraEngineBackend._terminate [434]: Attempting to kill the engine process
2025-07-05 12:34:11,895 - DEBUG - [MainThread] UM.Backend.Backend._createSocket [297]: Previous socket existed. Closing that first.
2025-07-05 12:34:11,905 - DEBUG - [MainThread] UM.Backend.Backend._onSocketError [260]: Socket was unable to bind to port, increasing port number to 49739
2025-07-05 12:34:11,905 - DEBUG - [MainThread] UM.Backend.Backend._createSocket [297]: Previous socket existed. Closing that first.
2025-07-05 12:34:11,907 - DEBUG - [MainThread] CuraEngineBackend.CuraEngineBackend._terminate [434]: Attempting to kill the engine process
2025-07-05 12:34:11,908 - DEBUG - [MainThread] UM.Backend.Backend._createSocket [297]: Previous socket existed. Closing that first.
2025-07-05 12:34:11,914 - DEBUG - [MainThread] UM.Backend.Backend._onSocketError [260]: Socket was unable to bind to port, increasing port number to 49740
2025-07-05 12:34:11,915 - DEBUG - [MainThread] UM.Backend.Backend._createSocket [297]: Previous socket existed. Closing that first.
2025-07-05 12:34:11,916 - DEBUG - [MainThread] CuraEngineBackend.CuraEngineBackend._terminate [434]: Attempting to kill the engine process
2025-07-05 12:34:11,917 - DEBUG - [MainThread] UM.Backend.Backend._createSocket [297]: Previous socket existed. Closing that first.
2025-07-05 12:34:11,925 - INFO - [MainThread] UM.PluginRegistry.loadPlugin [540]: Loaded plugin SupportEraser 1.0.1
2025-07-05 12:34:11,925 - DEBUG - [MainThread] UM.Backend.Backend._onSocketError [260]: Socket was unable to bind to port, increasing port number to 49741
2025-07-05 12:34:11,925 - DEBUG - [MainThread] UM.Backend.Backend._createSocket [297]: Previous socket existed. Closing that first.
2025-07-05 12:34:11,926 - DEBUG - [MainThread] CuraEngineBackend.CuraEngineBackend._terminate [434]: Attempting to kill the engine process
2025-07-05 12:34:11,927 - DEBUG - [MainThread] UM.Backend.Backend._createSocket [297]: Previous socket existed. Closing that first.
2025-07-05 12:34:11,931 - DEBUG - [MainThread] UM.Backend.Backend._onSocketError [260]: Socket was unable to bind to port, increasing port number to 49742
2025-07-05 12:34:11,931 - DEBUG - [MainThread] UM.Backend.Backend._createSocket [297]: Previous socket existed. Closing that first.
2025-07-05 12:34:11,935 - DEBUG - [MainThread] CuraEngineBackend.CuraEngineBackend._terminate [434]: Attempting to kill the engine process
2025-07-05 12:34:11,935 - DEBUG - [MainThread] UM.Backend.Backend._createSocket [297]: Previous socket existed. Closing that first.
2025-07-05 12:34:11,942 - DEBUG - [MainThread] UM.Backend.Backend._onSocketError [260]: Socket was unable to bind to port, increasing port number to 49743
2025-07-05 12:34:11,943 - DEBUG - [MainThread] UM.Backend.Backend._createSocket [297]: Previous socket existed. Closing that first.
2025-07-05 12:34:11,944 - DEBUG - [MainThread] CuraEngineBackend.CuraEngineBackend._terminate [434]: Attempting to kill the engine process
2025-07-05 12:34:11,945 - DEBUG - [MainThread] UM.Backend.Backend._createSocket [297]: Previous socket existed. Closing that first.
2025-07-05 12:34:11,952 - INFO - [MainThread] UM.PluginRegistry.loadPlugin [540]: Loaded plugin TrimeshReader 1.0.0
2025-07-05 12:34:11,953 - DEBUG - [MainThread] UM.Backend.Backend._onSocketError [260]: Socket was unable to bind to port, increasing port number to 49744
2025-07-05 12:34:11,953 - DEBUG - [MainThread] UM.Backend.Backend._createSocket [297]: Previous socket existed. Closing that first.
2025-07-05 12:34:11,954 - DEBUG - [MainThread] CuraEngineBackend.CuraEngineBackend._terminate [434]: Attempting to kill the engine process
2025-07-05 12:34:11,955 - DEBUG - [MainThread] UM.Backend.Backend._createSocket [297]: Previous socket existed. Closing that first.
2025-07-05 12:34:11,963 - DEBUG - [MainThread] UM.Backend.Backend._onSocketError [260]: Socket was unable to bind to port, increasing port number to 49745
2025-07-05 12:34:11,964 - DEBUG - [MainThread] UM.Backend.Backend._createSocket [297]: Previous socket existed. Closing that first.
2025-07-05 12:34:11,966 - DEBUG - [MainThread] CuraEngineBackend.CuraEngineBackend._terminate [434]: Attempting to kill the engine process
2025-07-05 12:34:11,967 - DEBUG - [MainThread] UM.Backend.Backend._createSocket [297]: Previous socket existed. Closing that first.
2025-07-05 12:34:11,982 - INFO - [MainThread] UM.PluginRegistry.loadPlugin [540]: Loaded plugin UFPReader 1.0.0
2025-07-05 12:34:11,982 - DEBUG - [MainThread] UM.Backend.Backend._onSocketError [260]: Socket was unable to bind to port, increasing port number to 49746
2025-07-05 12:34:11,983 - DEBUG - [MainThread] UM.Backend.Backend._createSocket [297]: Previous socket existed. Closing that first.
2025-07-05 12:34:11,985 - DEBUG - [MainThread] CuraEngineBackend.CuraEngineBackend._terminate [434]: Attempting to kill the engine process
2025-07-05 12:34:11,985 - DEBUG - [MainThread] UM.Backend.Backend._createSocket [297]: Previous socket existed. Closing that first.
2025-07-05 12:34:11,989 - DEBUG - [MainThread] UM.Backend.Backend._onSocketError [260]: Socket was unable to bind to port, increasing port number to 49747
2025-07-05 12:34:11,989 - DEBUG - [MainThread] UM.Backend.Backend._createSocket [297]: Previous socket existed. Closing that first.
2025-07-05 12:34:11,991 - DEBUG - [MainThread] CuraEngineBackend.CuraEngineBackend._terminate [434]: Attempting to kill the engine process
2025-07-05 12:34:11,992 - DEBUG - [MainThread] UM.Backend.Backend._createSocket [297]: Previous socket existed. Closing that first.
2025-07-05 12:34:12,004 - INFO - [MainThread] UM.PluginRegistry.loadPlugin [540]: Loaded plugin UFPWriter 1.0.1
2025-07-05 12:34:12,006 - DEBUG - [MainThread] UM.Backend.Backend._onSocketError [260]: Socket was unable to bind to port, increasing port number to 49748
2025-07-05 12:34:12,007 - DEBUG - [MainThread] UM.Backend.Backend._createSocket [297]: Previous socket existed. Closing that first.
2025-07-05 12:34:12,008 - DEBUG - [MainThread] CuraEngineBackend.CuraEngineBackend._terminate [434]: Attempting to kill the engine process
2025-07-05 12:34:12,009 - DEBUG - [MainThread] UM.Backend.Backend._createSocket [297]: Previous socket existed. Closing that first.
2025-07-05 12:34:12,012 - DEBUG - [MainThread] UM.Backend.Backend._onSocketError [260]: Socket was unable to bind to port, increasing port number to 49749
2025-07-05 12:34:12,012 - DEBUG - [MainThread] UM.Backend.Backend._createSocket [297]: Previous socket existed. Closing that first.
2025-07-05 12:34:12,014 - DEBUG - [MainThread] CuraEngineBackend.CuraEngineBackend._terminate [434]: Attempting to kill the engine process
2025-07-05 12:34:12,015 - DEBUG - [MainThread] UM.Backend.Backend._createSocket [297]: Previous socket existed. Closing that first.
2025-07-05 12:34:12,030 - INFO - [MainThread] UM.PluginRegistry.loadPlugin [540]: Loaded plugin UltimakerMachineActions 1.0.1
2025-07-05 12:34:12,030 - DEBUG - [MainThread] UM.Backend.Backend._onSocketError [260]: Socket was unable to bind to port, increasing port number to 49750
2025-07-05 12:34:12,031 - DEBUG - [MainThread] UM.Backend.Backend._createSocket [297]: Previous socket existed. Closing that first.
2025-07-05 12:34:12,033 - DEBUG - [MainThread] CuraEngineBackend.CuraEngineBackend._terminate [434]: Attempting to kill the engine process
2025-07-05 12:34:12,034 - DEBUG - [MainThread] UM.Backend.Backend._createSocket [297]: Previous socket existed. Closing that first.
2025-07-05 12:34:12,037 - DEBUG - [MainThread] UM.Backend.Backend._onSocketError [260]: Socket was unable to bind to port, increasing port number to 49751
2025-07-05 12:34:12,037 - DEBUG - [MainThread] UM.Backend.Backend._createSocket [297]: Previous socket existed. Closing that first.
2025-07-05 12:34:12,040 - DEBUG - [MainThread] CuraEngineBackend.CuraEngineBackend._terminate [434]: Attempting to kill the engine process
2025-07-05 12:34:12,040 - DEBUG - [MainThread] UM.Backend.Backend._createSocket [297]: Previous socket existed. Closing that first.
2025-07-05 12:34:12,134 - INFO - [MainThread] UM.PluginRegistry.loadPlugin [540]: Loaded plugin UM3NetworkPrinting 2.0.0
2025-07-05 12:34:12,134 - DEBUG - [MainThread] UM.Backend.Backend._onSocketError [260]: Socket was unable to bind to port, increasing port number to 49752
2025-07-05 12:34:12,134 - DEBUG - [MainThread] UM.Backend.Backend._createSocket [297]: Previous socket existed. Closing that first.
2025-07-05 12:34:12,136 - DEBUG - [MainThread] CuraEngineBackend.CuraEngineBackend._terminate [434]: Attempting to kill the engine process
2025-07-05 12:34:12,137 - DEBUG - [MainThread] UM.Backend.Backend._createSocket [297]: Previous socket existed. Closing that first.
2025-07-05 12:34:12,143 - DEBUG - [MainThread] UM.Backend.Backend._onSocketError [260]: Socket was unable to bind to port, increasing port number to 49753
2025-07-05 12:34:12,143 - DEBUG - [MainThread] UM.Backend.Backend._createSocket [297]: Previous socket existed. Closing that first.
2025-07-05 12:34:12,145 - DEBUG - [MainThread] CuraEngineBackend.CuraEngineBackend._terminate [434]: Attempting to kill the engine process
2025-07-05 12:34:12,146 - DEBUG - [MainThread] UM.Backend.Backend._createSocket [297]: Previous socket existed. Closing that first.
2025-07-05 12:34:12,176 - INFO - [MainThread] UM.PluginRegistry.loadPlugin [540]: Loaded plugin USBPrinting 1.0.2
2025-07-05 12:34:12,176 - DEBUG - [MainThread] UM.Backend.Backend._onSocketError [260]: Socket was unable to bind to port, increasing port number to 49754
2025-07-05 12:34:12,177 - DEBUG - [MainThread] UM.Backend.Backend._createSocket [297]: Previous socket existed. Closing that first.
2025-07-05 12:34:12,178 - DEBUG - [MainThread] CuraEngineBackend.CuraEngineBackend._terminate [434]: Attempting to kill the engine process
2025-07-05 12:34:12,179 - DEBUG - [MainThread] UM.Backend.Backend._createSocket [297]: Previous socket existed. Closing that first.
2025-07-05 12:34:12,183 - DEBUG - [MainThread] UM.Backend.Backend._onSocketError [260]: Socket was unable to bind to port, increasing port number to 49755
2025-07-05 12:34:12,183 - DEBUG - [MainThread] UM.Backend.Backend._createSocket [297]: Previous socket existed. Closing that first.
2025-07-05 12:34:12,186 - DEBUG - [MainThread] CuraEngineBackend.CuraEngineBackend._terminate [434]: Attempting to kill the engine process
2025-07-05 12:34:12,187 - DEBUG - [MainThread] UM.Backend.Backend._createSocket [297]: Previous socket existed. Closing that first.
2025-07-05 12:34:12,203 - INFO - [MainThread] UM.PluginRegistry.loadPlugin [540]: Loaded plugin VersionUpgrade21to22 1.0.1
2025-07-05 12:34:12,203 - DEBUG - [MainThread] UM.Backend.Backend._onSocketError [260]: Socket was unable to bind to port, increasing port number to 49756
2025-07-05 12:34:12,203 - DEBUG - [MainThread] UM.Backend.Backend._createSocket [297]: Previous socket existed. Closing that first.
2025-07-05 12:34:12,205 - DEBUG - [MainThread] CuraEngineBackend.CuraEngineBackend._terminate [434]: Attempting to kill the engine process
2025-07-05 12:34:12,206 - DEBUG - [MainThread] UM.Backend.Backend._createSocket [297]: Previous socket existed. Closing that first.
2025-07-05 12:34:12,212 - DEBUG - [MainThread] UM.Backend.Backend._onSocketError [260]: Socket was unable to bind to port, increasing port number to 49757
2025-07-05 12:34:12,212 - DEBUG - [MainThread] UM.Backend.Backend._createSocket [297]: Previous socket existed. Closing that first.
2025-07-05 12:34:12,214 - DEBUG - [MainThread] CuraEngineBackend.CuraEngineBackend._terminate [434]: Attempting to kill the engine process
2025-07-05 12:34:12,215 - DEBUG - [MainThread] UM.Backend.Backend._createSocket [297]: Previous socket existed. Closing that first.
2025-07-05 12:34:12,225 - INFO - [MainThread] UM.PluginRegistry.loadPlugin [540]: Loaded plugin VersionUpgrade22to24 1.0.1
2025-07-05 12:34:12,226 - DEBUG - [MainThread] UM.Backend.Backend._onSocketError [260]: Socket was unable to bind to port, increasing port number to 49758
2025-07-05 12:34:12,226 - DEBUG - [MainThread] UM.Backend.Backend._createSocket [297]: Previous socket existed. Closing that first.
2025-07-05 12:34:12,228 - DEBUG - [MainThread] CuraEngineBackend.CuraEngineBackend._terminate [434]: Attempting to kill the engine process
2025-07-05 12:34:12,229 - DEBUG - [MainThread] UM.Backend.Backend._createSocket [297]: Previous socket existed. Closing that first.
2025-07-05 12:34:12,232 - DEBUG - [MainThread] UM.Backend.Backend._onSocketError [260]: Socket was unable to bind to port, increasing port number to 49759
2025-07-05 12:34:12,232 - DEBUG - [MainThread] UM.Backend.Backend._createSocket [297]: Previous socket existed. Closing that first.
2025-07-05 12:34:12,250 - DEBUG - [MainThread] CuraEngineBackend.CuraEngineBackend._terminate [434]: Attempting to kill the engine process
2025-07-05 12:34:12,251 - DEBUG - [MainThread] UM.Backend.Backend._createSocket [297]: Previous socket existed. Closing that first.
2025-07-05 12:34:12,262 - INFO - [MainThread] UM.PluginRegistry.loadPlugin [540]: Loaded plugin VersionUpgrade25to26 1.0.1
2025-07-05 12:34:12,262 - DEBUG - [MainThread] UM.Backend.Backend._onSocketError [260]: Socket was unable to bind to port, increasing port number to 49760
2025-07-05 12:34:12,262 - DEBUG - [MainThread] UM.Backend.Backend._createSocket [297]: Previous socket existed. Closing that first.
2025-07-05 12:34:12,264 - DEBUG - [MainThread] CuraEngineBackend.CuraEngineBackend._terminate [434]: Attempting to kill the engine process
2025-07-05 12:34:12,265 - DEBUG - [MainThread] UM.Backend.Backend._createSocket [297]: Previous socket existed. Closing that first.
2025-07-05 12:34:12,270 - DEBUG - [MainThread] UM.Backend.Backend._onSocketError [260]: Socket was unable to bind to port, increasing port number to 49761
2025-07-05 12:34:12,271 - DEBUG - [MainThread] UM.Backend.Backend._createSocket [297]: Previous socket existed. Closing that first.
2025-07-05 12:34:12,273 - DEBUG - [MainThread] CuraEngineBackend.CuraEngineBackend._terminate [434]: Attempting to kill the engine process
2025-07-05 12:34:12,274 - DEBUG - [MainThread] UM.Backend.Backend._createSocket [297]: Previous socket existed. Closing that first.
2025-07-05 12:34:12,286 - INFO - [MainThread] UM.PluginRegistry.loadPlugin [540]: Loaded plugin VersionUpgrade26to27 1.0.1
2025-07-05 12:34:12,286 - DEBUG - [MainThread] UM.Backend.Backend._onSocketError [260]: Socket was unable to bind to port, increasing port number to 49762
2025-07-05 12:34:12,287 - DEBUG - [MainThread] UM.Backend.Backend._createSocket [297]: Previous socket existed. Closing that first.
2025-07-05 12:34:12,289 - DEBUG - [MainThread] CuraEngineBackend.CuraEngineBackend._terminate [434]: Attempting to kill the engine process
2025-07-05 12:34:12,289 - DEBUG - [MainThread] UM.Backend.Backend._createSocket [297]: Previous socket existed. Closing that first.
2025-07-05 12:34:12,292 - DEBUG - [MainThread] UM.Backend.Backend._onSocketError [260]: Socket was unable to bind to port, increasing port number to 49763
2025-07-05 12:34:12,293 - DEBUG - [MainThread] UM.Backend.Backend._createSocket [297]: Previous socket existed. Closing that first.
2025-07-05 12:34:12,295 - DEBUG - [MainThread] CuraEngineBackend.CuraEngineBackend._terminate [434]: Attempting to kill the engine process
2025-07-05 12:34:12,296 - DEBUG - [MainThread] UM.Backend.Backend._createSocket [297]: Previous socket existed. Closing that first.
2025-07-05 12:34:12,305 - INFO - [MainThread] UM.PluginRegistry.loadPlugin [540]: Loaded plugin VersionUpgrade27to30 1.0.1
2025-07-05 12:34:12,306 - DEBUG - [MainThread] UM.Backend.Backend._onSocketError [260]: Socket was unable to bind to port, increasing port number to 49764
2025-07-05 12:34:12,306 - DEBUG - [MainThread] UM.Backend.Backend._createSocket [297]: Previous socket existed. Closing that first.
2025-07-05 12:34:12,308 - DEBUG - [MainThread] CuraEngineBackend.CuraEngineBackend._terminate [434]: Attempting to kill the engine process
2025-07-05 12:34:12,309 - DEBUG - [MainThread] UM.Backend.Backend._createSocket [297]: Previous socket existed. Closing that first.
2025-07-05 12:34:12,313 - DEBUG - [MainThread] UM.Backend.Backend._onSocketError [260]: Socket was unable to bind to port, increasing port number to 49765
2025-07-05 12:34:12,313 - DEBUG - [MainThread] UM.Backend.Backend._createSocket [297]: Previous socket existed. Closing that first.
2025-07-05 12:34:12,315 - DEBUG - [MainThread] CuraEngineBackend.CuraEngineBackend._terminate [434]: Attempting to kill the engine process
2025-07-05 12:34:12,316 - DEBUG - [MainThread] UM.Backend.Backend._createSocket [297]: Previous socket existed. Closing that first.
2025-07-05 12:34:12,325 - INFO - [MainThread] UM.PluginRegistry.loadPlugin [540]: Loaded plugin VersionUpgrade30to31 1.0.1
2025-07-05 12:34:12,325 - DEBUG - [MainThread] UM.Backend.Backend._onSocketError [260]: Socket was unable to bind to port, increasing port number to 49766
2025-07-05 12:34:12,326 - DEBUG - [MainThread] UM.Backend.Backend._createSocket [297]: Previous socket existed. Closing that first.
2025-07-05 12:34:12,328 - DEBUG - [MainThread] CuraEngineBackend.CuraEngineBackend._terminate [434]: Attempting to kill the engine process
2025-07-05 12:34:12,329 - DEBUG - [MainThread] UM.Backend.Backend._createSocket [297]: Previous socket existed. Closing that first.
2025-07-05 12:34:12,335 - DEBUG - [MainThread] UM.Backend.Backend._onSocketError [260]: Socket was unable to bind to port, increasing port number to 49767
2025-07-05 12:34:12,336 - DEBUG - [MainThread] UM.Backend.Backend._createSocket [297]: Previous socket existed. Closing that first.
2025-07-05 12:34:12,337 - DEBUG - [MainThread] CuraEngineBackend.CuraEngineBackend._terminate [434]: Attempting to kill the engine process
2025-07-05 12:34:12,338 - DEBUG - [MainThread] UM.Backend.Backend._createSocket [297]: Previous socket existed. Closing that first.
2025-07-05 12:34:12,349 - INFO - [MainThread] UM.PluginRegistry.loadPlugin [540]: Loaded plugin VersionUpgrade32to33 1.0.1
2025-07-05 12:34:12,350 - DEBUG - [MainThread] UM.Backend.Backend._onSocketError [260]: Socket was unable to bind to port, increasing port number to 49768
2025-07-05 12:34:12,350 - DEBUG - [MainThread] UM.Backend.Backend._createSocket [297]: Previous socket existed. Closing that first.
2025-07-05 12:34:12,352 - DEBUG - [MainThread] CuraEngineBackend.CuraEngineBackend._terminate [434]: Attempting to kill the engine process
2025-07-05 12:34:12,352 - DEBUG - [MainThread] UM.Backend.Backend._createSocket [297]: Previous socket existed. Closing that first.
2025-07-05 12:34:12,355 - DEBUG - [MainThread] UM.Backend.Backend._onSocketError [260]: Socket was unable to bind to port, increasing port number to 49769
2025-07-05 12:34:12,356 - DEBUG - [MainThread] UM.Backend.Backend._createSocket [297]: Previous socket existed. Closing that first.
2025-07-05 12:34:12,357 - DEBUG - [MainThread] CuraEngineBackend.CuraEngineBackend._terminate [434]: Attempting to kill the engine process
2025-07-05 12:34:12,358 - DEBUG - [MainThread] UM.Backend.Backend._createSocket [297]: Previous socket existed. Closing that first.
2025-07-05 12:34:12,366 - INFO - [MainThread] UM.PluginRegistry.loadPlugin [540]: Loaded plugin VersionUpgrade33to34 1.0.1
2025-07-05 12:34:12,368 - DEBUG - [MainThread] UM.Backend.Backend._onSocketError [260]: Socket was unable to bind to port, increasing port number to 49770
2025-07-05 12:34:12,368 - DEBUG - [MainThread] UM.Backend.Backend._createSocket [297]: Previous socket existed. Closing that first.
2025-07-05 12:34:12,370 - DEBUG - [MainThread] CuraEngineBackend.CuraEngineBackend._terminate [434]: Attempting to kill the engine process
2025-07-05 12:34:12,370 - DEBUG - [MainThread] UM.Backend.Backend._createSocket [297]: Previous socket existed. Closing that first.
2025-07-05 12:34:12,374 - DEBUG - [MainThread] UM.Backend.Backend._onSocketError [260]: Socket was unable to bind to port, increasing port number to 49771
2025-07-05 12:34:12,375 - DEBUG - [MainThread] UM.Backend.Backend._createSocket [297]: Previous socket existed. Closing that first.
2025-07-05 12:34:12,377 - DEBUG - [MainThread] CuraEngineBackend.CuraEngineBackend._terminate [434]: Attempting to kill the engine process
2025-07-05 12:34:12,378 - DEBUG - [MainThread] UM.Backend.Backend._createSocket [297]: Previous socket existed. Closing that first.
2025-07-05 12:34:12,388 - INFO - [MainThread] UM.PluginRegistry.loadPlugin [540]: Loaded plugin VersionUpgrade34to35 1.0.1
2025-07-05 12:34:12,388 - DEBUG - [MainThread] UM.Backend.Backend._onSocketError [260]: Socket was unable to bind to port, increasing port number to 49772
2025-07-05 12:34:12,389 - DEBUG - [MainThread] UM.Backend.Backend._createSocket [297]: Previous socket existed. Closing that first.
2025-07-05 12:34:12,391 - DEBUG - [MainThread] CuraEngineBackend.CuraEngineBackend._terminate [434]: Attempting to kill the engine process
2025-07-05 12:34:12,392 - DEBUG - [MainThread] UM.Backend.Backend._createSocket [297]: Previous socket existed. Closing that first.
2025-07-05 12:34:12,397 - DEBUG - [MainThread] UM.Backend.Backend._onSocketError [260]: Socket was unable to bind to port, increasing port number to 49773
2025-07-05 12:34:12,398 - DEBUG - [MainThread] UM.Backend.Backend._createSocket [297]: Previous socket existed. Closing that first.
2025-07-05 12:34:12,400 - DEBUG - [MainThread] CuraEngineBackend.CuraEngineBackend._terminate [434]: Attempting to kill the engine process
2025-07-05 12:34:12,401 - DEBUG - [MainThread] UM.Backend.Backend._createSocket [297]: Previous socket existed. Closing that first.
2025-07-05 12:34:12,410 - INFO - [MainThread] UM.PluginRegistry.loadPlugin [540]: Loaded plugin VersionUpgrade35to40 1.0.0
2025-07-05 12:34:12,411 - DEBUG - [MainThread] UM.Backend.Backend._onSocketError [260]: Socket was unable to bind to port, increasing port number to 49774
2025-07-05 12:34:12,412 - DEBUG - [MainThread] UM.Backend.Backend._createSocket [297]: Previous socket existed. Closing that first.
2025-07-05 12:34:12,413 - DEBUG - [MainThread] CuraEngineBackend.CuraEngineBackend._terminate [434]: Attempting to kill the engine process
2025-07-05 12:34:12,414 - DEBUG - [MainThread] UM.Backend.Backend._createSocket [297]: Previous socket existed. Closing that first.
2025-07-05 12:34:12,417 - DEBUG - [MainThread] UM.Backend.Backend._onSocketError [260]: Socket was unable to bind to port, increasing port number to 49775
2025-07-05 12:34:12,418 - DEBUG - [MainThread] UM.Backend.Backend._createSocket [297]: Previous socket existed. Closing that first.
2025-07-05 12:34:12,420 - DEBUG - [MainThread] CuraEngineBackend.CuraEngineBackend._terminate [434]: Attempting to kill the engine process
2025-07-05 12:34:12,421 - DEBUG - [MainThread] UM.Backend.Backend._createSocket [297]: Previous socket existed. Closing that first.
2025-07-05 12:34:12,431 - INFO - [MainThread] UM.PluginRegistry.loadPlugin [540]: Loaded plugin VersionUpgrade40to41 1.0.1
2025-07-05 12:34:12,432 - DEBUG - [MainThread] UM.Backend.Backend._onSocketError [260]: Socket was unable to bind to port, increasing port number to 49776
2025-07-05 12:34:12,432 - DEBUG - [MainThread] UM.Backend.Backend._createSocket [297]: Previous socket existed. Closing that first.
2025-07-05 12:34:12,435 - DEBUG - [MainThread] CuraEngineBackend.CuraEngineBackend._terminate [434]: Attempting to kill the engine process
2025-07-05 12:34:12,436 - DEBUG - [MainThread] UM.Backend.Backend._createSocket [297]: Previous socket existed. Closing that first.
2025-07-05 12:34:12,439 - DEBUG - [MainThread] UM.Backend.Backend._onSocketError [260]: Socket was unable to bind to port, increasing port number to 49777
2025-07-05 12:34:12,439 - DEBUG - [MainThread] UM.Backend.Backend._createSocket [297]: Previous socket existed. Closing that first.
2025-07-05 12:34:12,441 - DEBUG - [MainThread] CuraEngineBackend.CuraEngineBackend._terminate [434]: Attempting to kill the engine process
2025-07-05 12:34:12,442 - DEBUG - [MainThread] UM.Backend.Backend._createSocket [297]: Previous socket existed. Closing that first.
2025-07-05 12:34:12,451 - INFO - [MainThread] UM.PluginRegistry.loadPlugin [540]: Loaded plugin VersionUpgrade411to412 1.0.0
2025-07-05 12:34:12,452 - DEBUG - [MainThread] UM.Backend.Backend._onSocketError [260]: Socket was unable to bind to port, increasing port number to 49778
2025-07-05 12:34:12,452 - DEBUG - [MainThread] UM.Backend.Backend._createSocket [297]: Previous socket existed. Closing that first.
2025-07-05 12:34:12,454 - DEBUG - [MainThread] CuraEngineBackend.CuraEngineBackend._terminate [434]: Attempting to kill the engine process
2025-07-05 12:34:12,455 - DEBUG - [MainThread] UM.Backend.Backend._createSocket [297]: Previous socket existed. Closing that first.
2025-07-05 12:34:12,458 - DEBUG - [MainThread] UM.Backend.Backend._onSocketError [260]: Socket was unable to bind to port, increasing port number to 49779
2025-07-05 12:34:12,458 - DEBUG - [MainThread] UM.Backend.Backend._createSocket [297]: Previous socket existed. Closing that first.
2025-07-05 12:34:12,460 - DEBUG - [MainThread] CuraEngineBackend.CuraEngineBackend._terminate [434]: Attempting to kill the engine process
2025-07-05 12:34:12,460 - DEBUG - [MainThread] UM.Backend.Backend._createSocket [297]: Previous socket existed. Closing that first.
2025-07-05 12:34:12,475 - INFO - [MainThread] UM.PluginRegistry.loadPlugin [540]: Loaded plugin VersionUpgrade413to50 1.0.0
2025-07-05 12:34:12,475 - DEBUG - [MainThread] UM.Backend.Backend._onSocketError [260]: Socket was unable to bind to port, increasing port number to 49780
2025-07-05 12:34:12,475 - DEBUG - [MainThread] UM.Backend.Backend._createSocket [297]: Previous socket existed. Closing that first.
2025-07-05 12:34:12,477 - DEBUG - [MainThread] CuraEngineBackend.CuraEngineBackend._terminate [434]: Attempting to kill the engine process
2025-07-05 12:34:12,478 - DEBUG - [MainThread] UM.Backend.Backend._createSocket [297]: Previous socket existed. Closing that first.
2025-07-05 12:34:12,481 - DEBUG - [MainThread] UM.Backend.Backend._onSocketError [260]: Socket was unable to bind to port, increasing port number to 49781
2025-07-05 12:34:12,482 - DEBUG - [MainThread] UM.Backend.Backend._createSocket [297]: Previous socket existed. Closing that first.
2025-07-05 12:34:12,483 - DEBUG - [MainThread] CuraEngineBackend.CuraEngineBackend._terminate [434]: Attempting to kill the engine process
2025-07-05 12:34:12,484 - DEBUG - [MainThread] UM.Backend.Backend._createSocket [297]: Previous socket existed. Closing that first.
2025-07-05 12:34:12,496 - INFO - [MainThread] UM.PluginRegistry.loadPlugin [540]: Loaded plugin VersionUpgrade41to42 1.0.0
2025-07-05 12:34:12,496 - DEBUG - [MainThread] UM.Backend.Backend._onSocketError [260]: Socket was unable to bind to port, increasing port number to 49782
2025-07-05 12:34:12,497 - DEBUG - [MainThread] UM.Backend.Backend._createSocket [297]: Previous socket existed. Closing that first.
2025-07-05 12:34:12,499 - DEBUG - [MainThread] CuraEngineBackend.CuraEngineBackend._terminate [434]: Attempting to kill the engine process
2025-07-05 12:34:12,500 - DEBUG - [MainThread] UM.Backend.Backend._createSocket [297]: Previous socket existed. Closing that first.
2025-07-05 12:34:12,502 - DEBUG - [MainThread] UM.Backend.Backend._onSocketError [260]: Socket was unable to bind to port, increasing port number to 49783
2025-07-05 12:34:12,503 - DEBUG - [MainThread] UM.Backend.Backend._createSocket [297]: Previous socket existed. Closing that first.
2025-07-05 12:34:12,505 - DEBUG - [MainThread] CuraEngineBackend.CuraEngineBackend._terminate [434]: Attempting to kill the engine process
2025-07-05 12:34:12,506 - DEBUG - [MainThread] UM.Backend.Backend._createSocket [297]: Previous socket existed. Closing that first.
2025-07-05 12:34:12,515 - INFO - [MainThread] UM.PluginRegistry.loadPlugin [540]: Loaded plugin VersionUpgrade42to43 1.0.0
2025-07-05 12:34:12,516 - DEBUG - [MainThread] UM.Backend.Backend._onSocketError [260]: Socket was unable to bind to port, increasing port number to 49784
2025-07-05 12:34:12,516 - DEBUG - [MainThread] UM.Backend.Backend._createSocket [297]: Previous socket existed. Closing that first.
2025-07-05 12:34:12,517 - DEBUG - [MainThread] CuraEngineBackend.CuraEngineBackend._terminate [434]: Attempting to kill the engine process
2025-07-05 12:34:12,518 - DEBUG - [MainThread] UM.Backend.Backend._createSocket [297]: Previous socket existed. Closing that first.
2025-07-05 12:34:12,521 - DEBUG - [MainThread] UM.Backend.Backend._onSocketError [260]: Socket was unable to bind to port, increasing port number to 49785
2025-07-05 12:34:12,521 - DEBUG - [MainThread] UM.Backend.Backend._createSocket [297]: Previous socket existed. Closing that first.
2025-07-05 12:34:12,522 - DEBUG - [MainThread] CuraEngineBackend.CuraEngineBackend._terminate [434]: Attempting to kill the engine process
2025-07-05 12:34:12,524 - DEBUG - [MainThread] UM.Backend.Backend._createSocket [297]: Previous socket existed. Closing that first.
2025-07-05 12:34:12,534 - DEBUG - [MainThread] UM.Backend.Backend._onSocketError [260]: Socket was unable to bind to port, increasing port number to 49786
2025-07-05 12:34:12,535 - DEBUG - [MainThread] UM.Backend.Backend._createSocket [297]: Previous socket existed. Closing that first.
2025-07-05 12:34:12,537 - DEBUG - [MainThread] CuraEngineBackend.CuraEngineBackend._terminate [434]: Attempting to kill the engine process
2025-07-05 12:34:12,537 - DEBUG - [MainThread] UM.Backend.Backend._createSocket [297]: Previous socket existed. Closing that first.
2025-07-05 12:34:12,545 - INFO - [MainThread] UM.PluginRegistry.loadPlugin [540]: Loaded plugin VersionUpgrade43to44 1.0.0
2025-07-05 12:34:12,545 - DEBUG - [MainThread] UM.Backend.Backend._onSocketError [260]: Socket was unable to bind to port, increasing port number to 49787
2025-07-05 12:34:12,545 - DEBUG - [MainThread] UM.Backend.Backend._createSocket [297]: Previous socket existed. Closing that first.
2025-07-05 12:34:12,547 - DEBUG - [MainThread] CuraEngineBackend.CuraEngineBackend._terminate [434]: Attempting to kill the engine process
2025-07-05 12:34:12,548 - DEBUG - [MainThread] UM.Backend.Backend._createSocket [297]: Previous socket existed. Closing that first.
2025-07-05 12:34:12,551 - DEBUG - [MainThread] UM.Backend.Backend._onSocketError [260]: Socket was unable to bind to port, increasing port number to 49788
2025-07-05 12:34:12,551 - DEBUG - [MainThread] UM.Backend.Backend._createSocket [297]: Previous socket existed. Closing that first.
2025-07-05 12:34:12,554 - DEBUG - [MainThread] CuraEngineBackend.CuraEngineBackend._terminate [434]: Attempting to kill the engine process
2025-07-05 12:34:12,555 - DEBUG - [MainThread] UM.Backend.Backend._createSocket [297]: Previous socket existed. Closing that first.
2025-07-05 12:34:12,568 - INFO - [MainThread] UM.PluginRegistry.loadPlugin [540]: Loaded plugin VersionUpgrade44to45 1.0.0
2025-07-05 12:34:12,568 - DEBUG - [MainThread] UM.Backend.Backend._onSocketError [260]: Socket was unable to bind to port, increasing port number to 49789
2025-07-05 12:34:12,569 - DEBUG - [MainThread] UM.Backend.Backend._createSocket [297]: Previous socket existed. Closing that first.
2025-07-05 12:34:12,570 - DEBUG - [MainThread] CuraEngineBackend.CuraEngineBackend._terminate [434]: Attempting to kill the engine process
2025-07-05 12:34:12,571 - DEBUG - [MainThread] UM.Backend.Backend._createSocket [297]: Previous socket existed. Closing that first.
2025-07-05 12:34:12,574 - DEBUG - [MainThread] UM.Backend.Backend._onSocketError [260]: Socket was unable to bind to port, increasing port number to 49790
2025-07-05 12:34:12,575 - DEBUG - [MainThread] UM.Backend.Backend._createSocket [297]: Previous socket existed. Closing that first.
2025-07-05 12:34:12,577 - DEBUG - [MainThread] CuraEngineBackend.CuraEngineBackend._terminate [434]: Attempting to kill the engine process
2025-07-05 12:34:12,577 - DEBUG - [MainThread] UM.Backend.Backend._createSocket [297]: Previous socket existed. Closing that first.
2025-07-05 12:34:12,591 - INFO - [MainThread] UM.PluginRegistry.loadPlugin [540]: Loaded plugin VersionUpgrade45to46 1.0.0
2025-07-05 12:34:12,591 - DEBUG - [MainThread] UM.Backend.Backend._onSocketError [260]: Socket was unable to bind to port, increasing port number to 49791
2025-07-05 12:34:12,592 - DEBUG - [MainThread] UM.Backend.Backend._createSocket [297]: Previous socket existed. Closing that first.
2025-07-05 12:34:12,594 - DEBUG - [MainThread] CuraEngineBackend.CuraEngineBackend._terminate [434]: Attempting to kill the engine process
2025-07-05 12:34:12,595 - DEBUG - [MainThread] UM.Backend.Backend._createSocket [297]: Previous socket existed. Closing that first.
2025-07-05 12:34:12,598 - DEBUG - [MainThread] UM.Backend.Backend._onSocketError [260]: Socket was unable to bind to port, increasing port number to 49792
2025-07-05 12:34:12,598 - DEBUG - [MainThread] UM.Backend.Backend._createSocket [297]: Previous socket existed. Closing that first.
2025-07-05 12:34:12,601 - DEBUG - [MainThread] CuraEngineBackend.CuraEngineBackend._terminate [434]: Attempting to kill the engine process
2025-07-05 12:34:12,601 - DEBUG - [MainThread] UM.Backend.Backend._createSocket [297]: Previous socket existed. Closing that first.
2025-07-05 12:34:12,613 - INFO - [MainThread] UM.PluginRegistry.loadPlugin [540]: Loaded plugin VersionUpgrade460to462 1.0.0
2025-07-05 12:34:12,614 - DEBUG - [MainThread] UM.Backend.Backend._onSocketError [260]: Socket was unable to bind to port, increasing port number to 49793
2025-07-05 12:34:12,614 - DEBUG - [MainThread] UM.Backend.Backend._createSocket [297]: Previous socket existed. Closing that first.
2025-07-05 12:34:12,616 - DEBUG - [MainThread] CuraEngineBackend.CuraEngineBackend._terminate [434]: Attempting to kill the engine process
2025-07-05 12:34:12,617 - DEBUG - [MainThread] UM.Backend.Backend._createSocket [297]: Previous socket existed. Closing that first.
2025-07-05 12:34:12,620 - DEBUG - [MainThread] UM.Backend.Backend._onSocketError [260]: Socket was unable to bind to port, increasing port number to 49794
2025-07-05 12:34:12,621 - DEBUG - [MainThread] UM.Backend.Backend._createSocket [297]: Previous socket existed. Closing that first.
2025-07-05 12:34:12,623 - DEBUG - [MainThread] CuraEngineBackend.CuraEngineBackend._terminate [434]: Attempting to kill the engine process
2025-07-05 12:34:12,623 - DEBUG - [MainThread] UM.Backend.Backend._createSocket [297]: Previous socket existed. Closing that first.
2025-07-05 12:34:12,634 - INFO - [MainThread] UM.PluginRegistry.loadPlugin [540]: Loaded plugin VersionUpgrade462to47 1.0.0
2025-07-05 12:34:12,635 - DEBUG - [MainThread] UM.Backend.Backend._onSocketError [260]: Socket was unable to bind to port, increasing port number to 49795
2025-07-05 12:34:12,635 - DEBUG - [MainThread] UM.Backend.Backend._createSocket [297]: Previous socket existed. Closing that first.
2025-07-05 12:34:12,637 - DEBUG - [MainThread] CuraEngineBackend.CuraEngineBackend._terminate [434]: Attempting to kill the engine process
2025-07-05 12:34:12,637 - DEBUG - [MainThread] UM.Backend.Backend._createSocket [297]: Previous socket existed. Closing that first.
2025-07-05 12:34:12,640 - DEBUG - [MainThread] UM.Backend.Backend._onSocketError [260]: Socket was unable to bind to port, increasing port number to 49796
2025-07-05 12:34:12,640 - DEBUG - [MainThread] UM.Backend.Backend._createSocket [297]: Previous socket existed. Closing that first.
2025-07-05 12:34:12,642 - DEBUG - [MainThread] CuraEngineBackend.CuraEngineBackend._terminate [434]: Attempting to kill the engine process
2025-07-05 12:34:12,643 - DEBUG - [MainThread] UM.Backend.Backend._createSocket [297]: Previous socket existed. Closing that first.
2025-07-05 12:34:12,652 - DEBUG - [MainThread] UM.Backend.Backend._onSocketError [260]: Socket was unable to bind to port, increasing port number to 49797
2025-07-05 12:34:12,652 - DEBUG - [MainThread] UM.Backend.Backend._createSocket [297]: Previous socket existed. Closing that first.
2025-07-05 12:34:12,654 - DEBUG - [MainThread] CuraEngineBackend.CuraEngineBackend._terminate [434]: Attempting to kill the engine process
2025-07-05 12:34:12,655 - DEBUG - [MainThread] UM.Backend.Backend._createSocket [297]: Previous socket existed. Closing that first.
2025-07-05 12:34:12,661 - INFO - [MainThread] UM.PluginRegistry.loadPlugin [540]: Loaded plugin VersionUpgrade47to48 1.0.0
2025-07-05 12:34:12,662 - DEBUG - [MainThread] UM.Backend.Backend._onSocketError [260]: Socket was unable to bind to port, increasing port number to 49798
2025-07-05 12:34:12,662 - DEBUG - [MainThread] UM.Backend.Backend._createSocket [297]: Previous socket existed. Closing that first.
2025-07-05 12:34:12,664 - DEBUG - [MainThread] CuraEngineBackend.CuraEngineBackend._terminate [434]: Attempting to kill the engine process
2025-07-05 12:34:12,664 - DEBUG - [MainThread] UM.Backend.Backend._createSocket [297]: Previous socket existed. Closing that first.
2025-07-05 12:34:12,667 - DEBUG - [MainThread] UM.Backend.Backend._onSocketError [260]: Socket was unable to bind to port, increasing port number to 49799
2025-07-05 12:34:12,667 - DEBUG - [MainThread] UM.Backend.Backend._createSocket [297]: Previous socket existed. Closing that first.
2025-07-05 12:34:12,669 - DEBUG - [MainThread] CuraEngineBackend.CuraEngineBackend._terminate [434]: Attempting to kill the engine process
2025-07-05 12:34:12,670 - DEBUG - [MainThread] UM.Backend.Backend._createSocket [297]: Previous socket existed. Closing that first.
2025-07-05 12:34:12,680 - INFO - [MainThread] UM.PluginRegistry.loadPlugin [540]: Loaded plugin VersionUpgrade48to49 1.0.0
2025-07-05 12:34:12,681 - DEBUG - [MainThread] UM.Backend.Backend._onSocketError [260]: Socket was unable to bind to port, increasing port number to 49800
2025-07-05 12:34:12,681 - DEBUG - [MainThread] UM.Backend.Backend._createSocket [297]: Previous socket existed. Closing that first.
2025-07-05 12:34:12,683 - DEBUG - [MainThread] CuraEngineBackend.CuraEngineBackend._terminate [434]: Attempting to kill the engine process
2025-07-05 12:34:12,684 - DEBUG - [MainThread] UM.Backend.Backend._createSocket [297]: Previous socket existed. Closing that first.
2025-07-05 12:34:12,687 - DEBUG - [MainThread] UM.Backend.Backend._onSocketError [260]: Socket was unable to bind to port, increasing port number to 49801
2025-07-05 12:34:12,688 - DEBUG - [MainThread] UM.Backend.Backend._createSocket [297]: Previous socket existed. Closing that first.
2025-07-05 12:34:12,690 - DEBUG - [MainThread] CuraEngineBackend.CuraEngineBackend._terminate [434]: Attempting to kill the engine process
2025-07-05 12:34:12,690 - DEBUG - [MainThread] UM.Backend.Backend._createSocket [297]: Previous socket existed. Closing that first.
2025-07-05 12:34:12,701 - INFO - [MainThread] UM.PluginRegistry.loadPlugin [540]: Loaded plugin VersionUpgrade49to410 1.0.0
2025-07-05 12:34:12,701 - DEBUG - [MainThread] UM.Backend.Backend._onSocketError [260]: Socket was unable to bind to port, increasing port number to 49802
2025-07-05 12:34:12,701 - DEBUG - [MainThread] UM.Backend.Backend._createSocket [297]: Previous socket existed. Closing that first.
2025-07-05 12:34:12,703 - DEBUG - [MainThread] CuraEngineBackend.CuraEngineBackend._terminate [434]: Attempting to kill the engine process
2025-07-05 12:34:12,703 - DEBUG - [MainThread] UM.Backend.Backend._createSocket [297]: Previous socket existed. Closing that first.
2025-07-05 12:34:12,708 - DEBUG - [MainThread] UM.Backend.Backend._onSocketError [260]: Socket was unable to bind to port, increasing port number to 49803
2025-07-05 12:34:12,710 - DEBUG - [MainThread] UM.Backend.Backend._createSocket [297]: Previous socket existed. Closing that first.
2025-07-05 12:34:12,713 - DEBUG - [MainThread] CuraEngineBackend.CuraEngineBackend._terminate [434]: Attempting to kill the engine process
2025-07-05 12:34:12,713 - DEBUG - [MainThread] UM.Backend.Backend._createSocket [297]: Previous socket existed. Closing that first.
2025-07-05 12:34:12,725 - INFO - [MainThread] UM.PluginRegistry.loadPlugin [540]: Loaded plugin VersionUpgrade52to53 1.0.0
2025-07-05 12:34:12,726 - DEBUG - [MainThread] UM.Backend.Backend._onSocketError [260]: Socket was unable to bind to port, increasing port number to 49804
2025-07-05 12:34:12,726 - DEBUG - [MainThread] UM.Backend.Backend._createSocket [297]: Previous socket existed. Closing that first.
2025-07-05 12:34:12,727 - DEBUG - [MainThread] CuraEngineBackend.CuraEngineBackend._terminate [434]: Attempting to kill the engine process
2025-07-05 12:34:12,728 - DEBUG - [MainThread] UM.Backend.Backend._createSocket [297]: Previous socket existed. Closing that first.
2025-07-05 12:34:12,732 - DEBUG - [MainThread] UM.Backend.Backend._onSocketError [260]: Socket was unable to bind to port, increasing port number to 49805
2025-07-05 12:34:12,732 - DEBUG - [MainThread] UM.Backend.Backend._createSocket [297]: Previous socket existed. Closing that first.
2025-07-05 12:34:12,734 - DEBUG - [MainThread] CuraEngineBackend.CuraEngineBackend._terminate [434]: Attempting to kill the engine process
2025-07-05 12:34:12,735 - DEBUG - [MainThread] UM.Backend.Backend._createSocket [297]: Previous socket existed. Closing that first.
2025-07-05 12:34:12,744 - INFO - [MainThread] UM.PluginRegistry.loadPlugin [540]: Loaded plugin VersionUpgrade53to54 1.0.0
2025-07-05 12:34:12,746 - DEBUG - [MainThread] UM.Backend.Backend._onSocketError [260]: Socket was unable to bind to port, increasing port number to 49806
2025-07-05 12:34:12,746 - DEBUG - [MainThread] UM.Backend.Backend._createSocket [297]: Previous socket existed. Closing that first.
2025-07-05 12:34:12,747 - DEBUG - [MainThread] CuraEngineBackend.CuraEngineBackend._terminate [434]: Attempting to kill the engine process
2025-07-05 12:34:12,749 - DEBUG - [MainThread] UM.Backend.Backend._createSocket [297]: Previous socket existed. Closing that first.
2025-07-05 12:34:12,752 - DEBUG - [MainThread] UM.Backend.Backend._onSocketError [260]: Socket was unable to bind to port, increasing port number to 49807
2025-07-05 12:34:12,753 - DEBUG - [MainThread] UM.Backend.Backend._createSocket [297]: Previous socket existed. Closing that first.
2025-07-05 12:34:12,754 - DEBUG - [MainThread] CuraEngineBackend.CuraEngineBackend._terminate [434]: Attempting to kill the engine process
2025-07-05 12:34:12,755 - DEBUG - [MainThread] UM.Backend.Backend._createSocket [297]: Previous socket existed. Closing that first.
2025-07-05 12:34:12,765 - INFO - [MainThread] UM.PluginRegistry.loadPlugin [540]: Loaded plugin VersionUpgrade54to55 1.0.0
2025-07-05 12:34:12,765 - DEBUG - [MainThread] UM.Backend.Backend._onSocketError [260]: Socket was unable to bind to port, increasing port number to 49808
2025-07-05 12:34:12,765 - DEBUG - [MainThread] UM.Backend.Backend._createSocket [297]: Previous socket existed. Closing that first.
2025-07-05 12:34:12,767 - DEBUG - [MainThread] CuraEngineBackend.CuraEngineBackend._terminate [434]: Attempting to kill the engine process
2025-07-05 12:34:12,768 - DEBUG - [MainThread] UM.Backend.Backend._createSocket [297]: Previous socket existed. Closing that first.
2025-07-05 12:34:12,774 - DEBUG - [MainThread] UM.Backend.Backend._onSocketError [260]: Socket was unable to bind to port, increasing port number to 49809
2025-07-05 12:34:12,774 - DEBUG - [MainThread] UM.Backend.Backend._createSocket [297]: Previous socket existed. Closing that first.
2025-07-05 12:34:12,777 - DEBUG - [MainThread] CuraEngineBackend.CuraEngineBackend._terminate [434]: Attempting to kill the engine process
2025-07-05 12:34:12,778 - DEBUG - [MainThread] UM.Backend.Backend._createSocket [297]: Previous socket existed. Closing that first.
2025-07-05 12:34:12,789 - INFO - [MainThread] UM.PluginRegistry.loadPlugin [540]: Loaded plugin VersionUpgrade56to57 1.0.0
2025-07-05 12:34:12,790 - DEBUG - [MainThread] UM.Backend.Backend._onSocketError [260]: Socket was unable to bind to port, increasing port number to 49810
2025-07-05 12:34:12,790 - DEBUG - [MainThread] UM.Backend.Backend._createSocket [297]: Previous socket existed. Closing that first.
2025-07-05 12:34:12,795 - DEBUG - [MainThread] CuraEngineBackend.CuraEngineBackend._terminate [434]: Attempting to kill the engine process
2025-07-05 12:34:12,796 - DEBUG - [MainThread] UM.Backend.Backend._createSocket [297]: Previous socket existed. Closing that first.
2025-07-05 12:34:12,802 - DEBUG - [MainThread] UM.Backend.Backend._onSocketError [260]: Socket was unable to bind to port, increasing port number to 49811
2025-07-05 12:34:12,804 - DEBUG - [MainThread] UM.Backend.Backend._createSocket [297]: Previous socket existed. Closing that first.
2025-07-05 12:34:12,807 - DEBUG - [MainThread] CuraEngineBackend.CuraEngineBackend._terminate [434]: Attempting to kill the engine process
2025-07-05 12:34:12,808 - DEBUG - [MainThread] UM.Backend.Backend._createSocket [297]: Previous socket existed. Closing that first.
2025-07-05 12:34:12,818 - DEBUG - [MainThread] UM.Backend.Backend._onSocketError [260]: Socket was unable to bind to port, increasing port number to 49812
2025-07-05 12:34:12,819 - DEBUG - [MainThread] UM.Backend.Backend._createSocket [297]: Previous socket existed. Closing that first.
2025-07-05 12:34:12,823 - DEBUG - [MainThread] CuraEngineBackend.CuraEngineBackend._terminate [434]: Attempting to kill the engine process
2025-07-05 12:34:12,824 - DEBUG - [MainThread] UM.Backend.Backend._createSocket [297]: Previous socket existed. Closing that first.
2025-07-05 12:34:12,836 - INFO - [MainThread] UM.PluginRegistry.loadPlugin [540]: Loaded plugin VersionUpgrade58to59 1.0.0
2025-07-05 12:34:12,837 - DEBUG - [MainThread] UM.Backend.Backend._onSocketError [260]: Socket was unable to bind to port, increasing port number to 49813
2025-07-05 12:34:12,838 - DEBUG - [MainThread] UM.Backend.Backend._createSocket [297]: Previous socket existed. Closing that first.
2025-07-05 12:34:12,840 - DEBUG - [MainThread] CuraEngineBackend.CuraEngineBackend._terminate [434]: Attempting to kill the engine process
2025-07-05 12:34:12,842 - DEBUG - [MainThread] UM.Backend.Backend._createSocket [297]: Previous socket existed. Closing that first.
2025-07-05 12:34:12,847 - DEBUG - [MainThread] UM.Backend.Backend._onSocketError [260]: Socket was unable to bind to port, increasing port number to 49814
2025-07-05 12:34:12,847 - DEBUG - [MainThread] UM.Backend.Backend._createSocket [297]: Previous socket existed. Closing that first.
2025-07-05 12:34:12,850 - DEBUG - [MainThread] CuraEngineBackend.CuraEngineBackend._terminate [434]: Attempting to kill the engine process
2025-07-05 12:34:12,850 - DEBUG - [MainThread] UM.Backend.Backend._createSocket [297]: Previous socket existed. Closing that first.
2025-07-05 12:34:12,862 - INFO - [MainThread] UM.PluginRegistry.loadPlugin [540]: Loaded plugin VersionUpgrade59to510 1.0.0
2025-07-05 12:34:12,862 - DEBUG - [MainThread] UM.Backend.Backend._onSocketError [260]: Socket was unable to bind to port, increasing port number to 49815
2025-07-05 12:34:12,862 - DEBUG - [MainThread] UM.Backend.Backend._createSocket [297]: Previous socket existed. Closing that first.
2025-07-05 12:34:12,864 - DEBUG - [MainThread] CuraEngineBackend.CuraEngineBackend._terminate [434]: Attempting to kill the engine process
2025-07-05 12:34:12,864 - DEBUG - [MainThread] UM.Backend.Backend._createSocket [297]: Previous socket existed. Closing that first.
2025-07-05 12:34:12,868 - DEBUG - [MainThread] UM.Backend.Backend._onSocketError [260]: Socket was unable to bind to port, increasing port number to 49816
2025-07-05 12:34:12,868 - DEBUG - [MainThread] UM.Backend.Backend._createSocket [297]: Previous socket existed. Closing that first.
2025-07-05 12:34:12,870 - DEBUG - [MainThread] CuraEngineBackend.CuraEngineBackend._terminate [434]: Attempting to kill the engine process
2025-07-05 12:34:12,872 - DEBUG - [MainThread] UM.Backend.Backend._createSocket [297]: Previous socket existed. Closing that first.
2025-07-05 12:34:12,891 - INFO - [MainThread] UM.PluginRegistry.loadPlugin [540]: Loaded plugin X3DReader 1.0.1
2025-07-05 12:34:12,891 - DEBUG - [MainThread] UM.Backend.Backend._onSocketError [260]: Socket was unable to bind to port, increasing port number to 49817
2025-07-05 12:34:12,892 - DEBUG - [MainThread] UM.Backend.Backend._createSocket [297]: Previous socket existed. Closing that first.
2025-07-05 12:34:12,893 - DEBUG - [MainThread] CuraEngineBackend.CuraEngineBackend._terminate [434]: Attempting to kill the engine process
2025-07-05 12:34:12,894 - DEBUG - [MainThread] UM.Backend.Backend._createSocket [297]: Previous socket existed. Closing that first.
2025-07-05 12:34:12,901 - DEBUG - [MainThread] UM.Backend.Backend._onSocketError [260]: Socket was unable to bind to port, increasing port number to 49818
2025-07-05 12:34:12,901 - DEBUG - [MainThread] UM.Backend.Backend._createSocket [297]: Previous socket existed. Closing that first.
2025-07-05 12:34:12,903 - DEBUG - [MainThread] CuraEngineBackend.CuraEngineBackend._terminate [434]: Attempting to kill the engine process
2025-07-05 12:34:12,905 - DEBUG - [MainThread] UM.Backend.Backend._createSocket [297]: Previous socket existed. Closing that first.
2025-07-05 12:34:12,925 - INFO - [MainThread] UM.PluginRegistry.loadPlugin [540]: Loaded plugin XmlMaterialProfile 1.0.1
2025-07-05 12:34:12,925 - DEBUG - [MainThread] UM.Backend.Backend._onSocketError [260]: Socket was unable to bind to port, increasing port number to 49819
2025-07-05 12:34:12,926 - DEBUG - [MainThread] UM.Backend.Backend._createSocket [297]: Previous socket existed. Closing that first.
2025-07-05 12:34:12,927 - DEBUG - [MainThread] CuraEngineBackend.CuraEngineBackend._terminate [434]: Attempting to kill the engine process
2025-07-05 12:34:12,928 - DEBUG - [MainThread] UM.Backend.Backend._createSocket [297]: Previous socket existed. Closing that first.
2025-07-05 12:34:12,931 - DEBUG - [MainThread] UM.Backend.Backend._onSocketError [260]: Socket was unable to bind to port, increasing port number to 49820
2025-07-05 12:34:12,932 - DEBUG - [MainThread] UM.Backend.Backend._createSocket [297]: Previous socket existed. Closing that first.
2025-07-05 12:34:12,934 - DEBUG - [MainThread] CuraEngineBackend.CuraEngineBackend._terminate [434]: Attempting to kill the engine process
2025-07-05 12:34:12,934 - DEBUG - [MainThread] UM.Backend.Backend._createSocket [297]: Previous socket existed. Closing that first.
2025-07-05 12:34:12,945 - INFO - [MainThread] UM.PluginRegistry.loadPlugin [540]: Loaded plugin XRayView 1.0.1
2025-07-05 12:34:12,945 - DEBUG - [MainThread] UM.Backend.Backend._onSocketError [260]: Socket was unable to bind to port, increasing port number to 49821
2025-07-05 12:34:12,945 - DEBUG - [MainThread] UM.Backend.Backend._createSocket [297]: Previous socket existed. Closing that first.
2025-07-05 12:34:12,947 - DEBUG - [MainThread] CuraEngineBackend.CuraEngineBackend._terminate [434]: Attempting to kill the engine process
2025-07-05 12:34:12,948 - DEBUG - [MainThread] UM.Backend.Backend._createSocket [297]: Previous socket existed. Closing that first.
2025-07-05 12:34:12,952 - DEBUG - [MainThread] UM.Backend.Backend._onSocketError [260]: Socket was unable to bind to port, increasing port number to 49822
2025-07-05 12:34:12,952 - DEBUG - [MainThread] UM.Backend.Backend._createSocket [297]: Previous socket existed. Closing that first.
2025-07-05 12:34:12,954 - DEBUG - [MainThread] CuraEngineBackend.CuraEngineBackend._terminate [434]: Attempting to kill the engine process
2025-07-05 12:34:12,954 - DEBUG - [MainThread] UM.Backend.Backend._createSocket [297]: Previous socket existed. Closing that first.
2025-07-05 12:34:13,047 - DEBUG - [MainThread] ArcWelderPlugin.ArcWelderPlugin.__init__ [77]: Using ArcWelder 1.2.0
2025-07-05 12:34:13,048 - INFO - [MainThread] UM.PluginRegistry.loadPlugin [540]: Loaded plugin ArcWelderPlugin 3.6.0
2025-07-05 12:34:13,049 - DEBUG - [MainThread] UM.Backend.Backend._onSocketError [260]: Socket was unable to bind to port, increasing port number to 49823
2025-07-05 12:34:13,049 - DEBUG - [MainThread] UM.Backend.Backend._createSocket [297]: Previous socket existed. Closing that first.
2025-07-05 12:34:13,051 - DEBUG - [MainThread] CuraEngineBackend.CuraEngineBackend._terminate [434]: Attempting to kill the engine process
2025-07-05 12:34:13,052 - DEBUG - [MainThread] UM.Backend.Backend._createSocket [297]: Previous socket existed. Closing that first.
2025-07-05 12:34:13,057 - DEBUG - [MainThread] UM.Backend.Backend._onSocketError [260]: Socket was unable to bind to port, increasing port number to 49824
2025-07-05 12:34:13,058 - DEBUG - [MainThread] UM.Backend.Backend._createSocket [297]: Previous socket existed. Closing that first.
2025-07-05 12:34:13,060 - DEBUG - [MainThread] CuraEngineBackend.CuraEngineBackend._terminate [434]: Attempting to kill the engine process
2025-07-05 12:34:13,061 - DEBUG - [MainThread] UM.Backend.Backend._createSocket [297]: Previous socket existed. Closing that first.
2025-07-05 12:34:13,122 - DEBUG - [MainThread] cura.TaskManagement.OnExitCallbackManager.addCallback [31]: on-app-exit callback [<bound method AutoTowersGenerator._onExitCallback of <AutoTowersGenerator.AutoTowersGenerator.AutoTowersGenerator object at 0x0000018A9317D4F0>>] added.
2025-07-05 12:34:13,123 - INFO - [MainThread] UM.PluginRegistry.loadPlugin [540]: Loaded plugin AutoTowersGenerator 2.7.2
2025-07-05 12:34:13,124 - DEBUG - [MainThread] UM.Backend.Backend._onSocketError [260]: Socket was unable to bind to port, increasing port number to 49825
2025-07-05 12:34:13,124 - DEBUG - [MainThread] UM.Backend.Backend._createSocket [297]: Previous socket existed. Closing that first.
2025-07-05 12:34:13,126 - DEBUG - [MainThread] CuraEngineBackend.CuraEngineBackend._terminate [434]: Attempting to kill the engine process
2025-07-05 12:34:13,127 - DEBUG - [MainThread] UM.Backend.Backend._createSocket [297]: Previous socket existed. Closing that first.
2025-07-05 12:34:13,134 - DEBUG - [MainThread] UM.Backend.Backend._onSocketError [260]: Socket was unable to bind to port, increasing port number to 49826
2025-07-05 12:34:13,134 - DEBUG - [MainThread] UM.Backend.Backend._createSocket [297]: Previous socket existed. Closing that first.
2025-07-05 12:34:13,135 - DEBUG - [MainThread] CuraEngineBackend.CuraEngineBackend._terminate [434]: Attempting to kill the engine process
2025-07-05 12:34:13,136 - DEBUG - [MainThread] UM.Backend.Backend._createSocket [297]: Previous socket existed. Closing that first.
2025-07-05 12:34:13,144 - DEBUG - [MainThread] UM.Backend.Backend._onSocketError [260]: Socket was unable to bind to port, increasing port number to 49827
2025-07-05 12:34:13,144 - DEBUG - [MainThread] UM.Backend.Backend._createSocket [297]: Previous socket existed. Closing that first.
2025-07-05 12:34:13,146 - DEBUG - [MainThread] CuraEngineBackend.CuraEngineBackend._terminate [434]: Attempting to kill the engine process
2025-07-05 12:34:13,148 - DEBUG - [MainThread] UM.Backend.Backend._createSocket [297]: Previous socket existed. Closing that first.
2025-07-05 12:34:13,168 - INFO - [MainThread] UM.PluginRegistry.loadPlugin [540]: Loaded plugin CalibrationShapesReborn 1.2.0
2025-07-05 12:34:13,169 - DEBUG - [MainThread] UM.Backend.Backend._onSocketError [260]: Socket was unable to bind to port, increasing port number to 49828
2025-07-05 12:34:13,169 - DEBUG - [MainThread] UM.Backend.Backend._createSocket [297]: Previous socket existed. Closing that first.
2025-07-05 12:34:13,170 - DEBUG - [MainThread] CuraEngineBackend.CuraEngineBackend._terminate [434]: Attempting to kill the engine process
2025-07-05 12:34:13,171 - DEBUG - [MainThread] UM.Backend.Backend._createSocket [297]: Previous socket existed. Closing that first.
2025-07-05 12:34:13,175 - DEBUG - [MainThread] UM.Backend.Backend._onSocketError [260]: Socket was unable to bind to port, increasing port number to 49829
2025-07-05 12:34:13,175 - DEBUG - [MainThread] UM.Backend.Backend._createSocket [297]: Previous socket existed. Closing that first.
2025-07-05 12:34:13,176 - DEBUG - [MainThread] CuraEngineBackend.CuraEngineBackend._terminate [434]: Attempting to kill the engine process
2025-07-05 12:34:13,177 - DEBUG - [MainThread] UM.Backend.Backend._createSocket [297]: Previous socket existed. Closing that first.
2025-07-05 12:34:13,208 - DEBUG - [MainThread] DuetRRFPlugin.register [12]: DuetRRF plugin version: 1.2.11
2025-07-05 12:34:13,211 - INFO - [MainThread] UM.PluginRegistry.loadPlugin [540]: Loaded plugin DuetRRFPlugin 1.2.11
2025-07-05 12:34:13,211 - DEBUG - [MainThread] UM.Backend.Backend._onSocketError [260]: Socket was unable to bind to port, increasing port number to 49830
2025-07-05 12:34:13,211 - DEBUG - [MainThread] UM.Backend.Backend._createSocket [297]: Previous socket existed. Closing that first.
2025-07-05 12:34:13,214 - DEBUG - [MainThread] CuraEngineBackend.CuraEngineBackend._terminate [434]: Attempting to kill the engine process
2025-07-05 12:34:13,215 - DEBUG - [MainThread] UM.Backend.Backend._createSocket [297]: Previous socket existed. Closing that first.
2025-07-05 12:34:13,222 - DEBUG - [MainThread] UM.Backend.Backend._onSocketError [260]: Socket was unable to bind to port, increasing port number to 49831
2025-07-05 12:34:13,223 - DEBUG - [MainThread] UM.Backend.Backend._createSocket [297]: Previous socket existed. Closing that first.
2025-07-05 12:34:13,224 - DEBUG - [MainThread] CuraEngineBackend.CuraEngineBackend._terminate [434]: Attempting to kill the engine process
2025-07-05 12:34:13,225 - DEBUG - [MainThread] UM.Backend.Backend._createSocket [297]: Previous socket existed. Closing that first.
2025-07-05 12:34:13,236 - INFO - [MainThread] UM.PluginRegistry.loadPlugin [540]: Loaded plugin LinearAdvanceSettingPlugin 3.6.1
2025-07-05 12:34:13,236 - DEBUG - [MainThread] UM.Backend.Backend._onSocketError [260]: Socket was unable to bind to port, increasing port number to 49832
2025-07-05 12:34:13,236 - DEBUG - [MainThread] UM.Backend.Backend._createSocket [297]: Previous socket existed. Closing that first.
2025-07-05 12:34:13,238 - DEBUG - [MainThread] CuraEngineBackend.CuraEngineBackend._terminate [434]: Attempting to kill the engine process
2025-07-05 12:34:13,239 - DEBUG - [MainThread] UM.Backend.Backend._createSocket [297]: Previous socket existed. Closing that first.
2025-07-05 12:34:13,242 - DEBUG - [MainThread] UM.Backend.Backend._onSocketError [260]: Socket was unable to bind to port, increasing port number to 49833
2025-07-05 12:34:13,243 - DEBUG - [MainThread] UM.Backend.Backend._createSocket [297]: Previous socket existed. Closing that first.
2025-07-05 12:34:13,244 - DEBUG - [MainThread] CuraEngineBackend.CuraEngineBackend._terminate [434]: Attempting to kill the engine process
2025-07-05 12:34:13,246 - DEBUG - [MainThread] UM.Backend.Backend._createSocket [297]: Previous socket existed. Closing that first.
2025-07-05 12:34:13,264 - INFO - [MainThread] UM.PluginRegistry.loadPlugin [540]: Loaded plugin MeshTools 3.7.2
2025-07-05 12:34:13,265 - DEBUG - [MainThread] UM.Backend.Backend._onSocketError [260]: Socket was unable to bind to port, increasing port number to 49834
2025-07-05 12:34:13,265 - DEBUG - [MainThread] UM.Backend.Backend._createSocket [297]: Previous socket existed. Closing that first.
2025-07-05 12:34:13,266 - DEBUG - [MainThread] CuraEngineBackend.CuraEngineBackend._terminate [434]: Attempting to kill the engine process
2025-07-05 12:34:13,267 - DEBUG - [MainThread] UM.Backend.Backend._createSocket [297]: Previous socket existed. Closing that first.
2025-07-05 12:34:13,273 - DEBUG - [MainThread] UM.Backend.Backend._onSocketError [260]: Socket was unable to bind to port, increasing port number to 49835
2025-07-05 12:34:13,273 - DEBUG - [MainThread] UM.Backend.Backend._createSocket [297]: Previous socket existed. Closing that first.
2025-07-05 12:34:13,275 - DEBUG - [MainThread] CuraEngineBackend.CuraEngineBackend._terminate [434]: Attempting to kill the engine process
2025-07-05 12:34:13,276 - DEBUG - [MainThread] UM.Backend.Backend._createSocket [297]: Previous socket existed. Closing that first.
2025-07-05 12:34:13,563 - INFO - [MainThread] UM.PluginRegistry.loadPlugin [540]: Loaded plugin SettingsGuide2 2.9.2
2025-07-05 12:34:13,563 - DEBUG - [MainThread] UM.Backend.Backend._onSocketError [260]: Socket was unable to bind to port, increasing port number to 49836
2025-07-05 12:34:13,563 - DEBUG - [MainThread] UM.Backend.Backend._createSocket [297]: Previous socket existed. Closing that first.
2025-07-05 12:34:13,565 - DEBUG - [MainThread] CuraEngineBackend.CuraEngineBackend._terminate [434]: Attempting to kill the engine process
2025-07-05 12:34:13,566 - DEBUG - [MainThread] UM.Backend.Backend._createSocket [297]: Previous socket existed. Closing that first.
2025-07-05 12:34:13,573 - DEBUG - [MainThread] UM.Backend.Backend._onSocketError [260]: Socket was unable to bind to port, increasing port number to 49837
2025-07-05 12:34:13,573 - DEBUG - [MainThread] UM.Backend.Backend._createSocket [297]: Previous socket existed. Closing that first.
2025-07-05 12:34:13,575 - DEBUG - [MainThread] CuraEngineBackend.CuraEngineBackend._terminate [434]: Attempting to kill the engine process
2025-07-05 12:34:13,576 - DEBUG - [MainThread] UM.Backend.Backend._createSocket [297]: Previous socket existed. Closing that first.
2025-07-05 12:34:13,595 - INFO - [MainThread] StartOptimiser.StartOptimiser.__init__ [44]: 1 containers are blacklisted by StartOptimiser
2025-07-05 12:34:13,596 - INFO - [MainThread] UM.PluginRegistry.loadPlugin [540]: Loaded plugin StartOptimiser 3.6.0
2025-07-05 12:34:13,597 - DEBUG - [MainThread] UM.Backend.Backend._onSocketError [260]: Socket was unable to bind to port, increasing port number to 49838
2025-07-05 12:34:13,597 - DEBUG - [MainThread] UM.Backend.Backend._createSocket [297]: Previous socket existed. Closing that first.
2025-07-05 12:34:13,599 - DEBUG - [MainThread] CuraEngineBackend.CuraEngineBackend._terminate [434]: Attempting to kill the engine process
2025-07-05 12:34:13,601 - DEBUG - [MainThread] UM.Backend.Backend._createSocket [297]: Previous socket existed. Closing that first.
2025-07-05 12:34:13,604 - DEBUG - [MainThread] UM.Backend.Backend._onSocketError [260]: Socket was unable to bind to port, increasing port number to 49839
2025-07-05 12:34:13,604 - DEBUG - [MainThread] UM.Backend.Backend._createSocket [297]: Previous socket existed. Closing that first.
2025-07-05 12:34:13,620 - DEBUG - [MainThread] CuraEngineBackend.CuraEngineBackend._terminate [434]: Attempting to kill the engine process
2025-07-05 12:34:13,621 - DEBUG - [MainThread] UM.Backend.Backend._createSocket [297]: Previous socket existed. Closing that first.
2025-07-05 12:34:13,637 - INFO - [MainThread] UM.PluginRegistry.loadPlugin [540]: Loaded plugin TabbedSettingsPlugin 1.0.8
2025-07-05 12:34:13,637 - DEBUG - [MainThread] UM.Backend.Backend._onSocketError [260]: Socket was unable to bind to port, increasing port number to 49840
2025-07-05 12:34:13,638 - DEBUG - [MainThread] UM.Backend.Backend._createSocket [297]: Previous socket existed. Closing that first.
2025-07-05 12:34:13,639 - DEBUG - [MainThread] CuraEngineBackend.CuraEngineBackend._terminate [434]: Attempting to kill the engine process
2025-07-05 12:34:13,640 - DEBUG - [MainThread] UM.Backend.Backend._createSocket [297]: Previous socket existed. Closing that first.
2025-07-05 12:34:13,645 - DEBUG - [MainThread] UM.Backend.Backend._onSocketError [260]: Socket was unable to bind to port, increasing port number to 49841
2025-07-05 12:34:13,646 - DEBUG - [MainThread] UM.Backend.Backend._createSocket [297]: Previous socket existed. Closing that first.
2025-07-05 12:34:13,648 - DEBUG - [MainThread] CuraEngineBackend.CuraEngineBackend._terminate [434]: Attempting to kill the engine process
2025-07-05 12:34:13,648 - DEBUG - [MainThread] UM.Backend.Backend._createSocket [297]: Previous socket existed. Closing that first.
2025-07-05 12:34:13,654 - DEBUG - [MainThread] UM.PluginRegistry.loadPlugins [456]: Loading all plugins took 3.8038415908813477 seconds
2025-07-05 12:34:13,659 - DEBUG - [MainThread] UM.Backend.Backend._onSocketError [260]: Socket was unable to bind to port, increasing port number to 49842
2025-07-05 12:34:13,659 - DEBUG - [MainThread] UM.Backend.Backend._createSocket [297]: Previous socket existed. Closing that first.
2025-07-05 12:34:13,661 - DEBUG - [MainThread] CuraEngineBackend.CuraEngineBackend._terminate [434]: Attempting to kill the engine process
2025-07-05 12:34:13,662 - DEBUG - [MainThread] UM.Backend.Backend._createSocket [297]: Previous socket existed. Closing that first.
2025-07-05 12:34:13,666 - INFO - [MainThread] UM.VersionUpgradeManager.upgrade [163]: Looking for old configuration files to upgrade.
2025-07-05 12:34:13,754 - INFO - [MainThread] UM.VersionUpgradeManager.upgrade [177]: Checking and performing updates took 0.08704376220703125
2025-07-05 12:34:13,755 - DEBUG - [MainThread] UM.Backend.Backend._onSocketError [260]: Socket was unable to bind to port, increasing port number to 49843
2025-07-05 12:34:13,755 - DEBUG - [MainThread] UM.Backend.Backend._createSocket [297]: Previous socket existed. Closing that first.
2025-07-05 12:34:13,757 - DEBUG - [MainThread] CuraEngineBackend.CuraEngineBackend._terminate [434]: Attempting to kill the engine process
2025-07-05 12:34:13,758 - DEBUG - [MainThread] UM.Backend.Backend._createSocket [297]: Previous socket existed. Closing that first.
2025-07-05 12:34:13,771 - DEBUG - [MainThread] UM.Backend.Backend._onSocketError [260]: Socket was unable to bind to port, increasing port number to 49844
2025-07-05 12:34:13,771 - DEBUG - [MainThread] UM.Backend.Backend._createSocket [297]: Previous socket existed. Closing that first.
2025-07-05 12:34:13,773 - DEBUG - [MainThread] CuraEngineBackend.CuraEngineBackend._terminate [434]: Attempting to kill the engine process
2025-07-05 12:34:13,774 - DEBUG - [MainThread] UM.Backend.Backend._createSocket [297]: Previous socket existed. Closing that first.
2025-07-05 12:34:13,779 - INFO - [MainThread] UM.Qt.QtApplication.startSplashWindowPhase [266]: Completed loading preferences.
2025-07-05 12:34:13,792 - INFO - [MainThread] UM.Qt.QtApplication.startSplashWindowPhase [304]: Created system tray icon.
2025-07-05 12:34:13,796 - DEBUG - [MainThread] UM.Backend.Backend._onSocketError [260]: Socket was unable to bind to port, increasing port number to 49845
2025-07-05 12:34:13,796 - DEBUG - [MainThread] UM.Backend.Backend._createSocket [297]: Previous socket existed. Closing that first.
2025-07-05 12:34:13,798 - DEBUG - [MainThread] CuraEngineBackend.CuraEngineBackend._terminate [434]: Attempting to kill the engine process
2025-07-05 12:34:13,798 - DEBUG - [MainThread] UM.Backend.Backend._createSocket [297]: Previous socket existed. Closing that first.
2025-07-05 12:34:13,805 - DEBUG - [MainThread] UM.Backend.Backend._onSocketError [260]: Socket was unable to bind to port, increasing port number to 49846
2025-07-05 12:34:13,805 - DEBUG - [MainThread] UM.Backend.Backend._createSocket [297]: Previous socket existed. Closing that first.
2025-07-05 12:34:13,806 - DEBUG - [MainThread] CuraEngineBackend.CuraEngineBackend._terminate [434]: Attempting to kill the engine process
2025-07-05 12:34:13,807 - DEBUG - [MainThread] UM.Backend.Backend._createSocket [297]: Previous socket existed. Closing that first.
2025-07-05 12:34:14,385 - WARNING - [MainThread] UM.VersionUpgradeManager.updateFilesData [433]: Unable to upgrade file of type variant of version 4000014
2025-07-05 12:34:14,385 - WARNING - [MainThread] UM.Settings.ContainerRegistry.loadAllMetadata [497]: Invalid metadata for container fabbrix_elemento_1.0_v2: {'id': 'fabbrix_elemento_1.0_v2', 'container_type': <class 'UM.Settings.InstanceContainer.InstanceContainer'>, 'name': '1.0mm Nozzle', 'version': '4', 'definition': 'fabbrix_elemento_v2', 'setting_version': '14', 'type': 'variant', 'hardware_type': 'nozzle'}
2025-07-05 12:34:14,437 - WARNING - [MainThread] UM.VersionUpgradeManager.updateFilesData [433]: Unable to upgrade file of type variant of version 4000014
2025-07-05 12:34:14,437 - WARNING - [MainThread] UM.Settings.ContainerRegistry.loadAllMetadata [497]: Invalid metadata for container fabbrix_elemento_0.6: {'id': 'fabbrix_elemento_0.6', 'container_type': <class 'UM.Settings.InstanceContainer.InstanceContainer'>, 'name': '0.6mm Nozzle', 'version': '4', 'definition': 'fabbrix_elemento', 'setting_version': '14', 'type': 'variant', 'hardware_type': 'nozzle'}
2025-07-05 12:34:14,514 - WARNING - [MainThread] UM.VersionUpgradeManager.updateFilesData [433]: Unable to upgrade file of type variant of version 4000014
2025-07-05 12:34:14,515 - WARNING - [MainThread] UM.Settings.ContainerRegistry.loadAllMetadata [497]: Invalid metadata for container fabbrix_elemento_0.6_tc: {'id': 'fabbrix_elemento_0.6_tc', 'container_type': <class 'UM.Settings.InstanceContainer.InstanceContainer'>, 'name': '0.6mm Nozzle', 'version': '4', 'definition': 'fabbrix_elemento_tc', 'setting_version': '14', 'type': 'variant', 'hardware_type': 'nozzle'}
2025-07-05 12:34:14,523 - WARNING - [MainThread] UM.Settings.ContainerRegistry.loadAllMetadata [497]: Invalid metadata for container zyyx_plus: {'container_type': <class 'UM.Settings.DefinitionContainer.DefinitionContainer'>, 'id': 'zyyx_plus', 'name': 'ZYYX+', 'version': 2, 'type': 'machine', 'author': 'Theodor Hansson', 'manufacturer': 'ZYYX Labs AB', 'setting_version': 3, 'file_formats': 'application/x3g', 'visible': True, 'has_materials': True, 'has_variants': False, 'has_machine_quality': True, 'preferred_material': 'generic_pla', 'preferred_quality_type': 'normal', 'machine_extruder_trains': OrderedDict({'0': 'zyyx_plus_extruder_0'}), 'has_textured_buildplate': False, 'supports_usb_connection': True, 'supports_network_connection': False, 'supports_abstract_color': False, 'variants_name_has_translation': False, 'inherits': 'fdmprinter', 'platform': 'zyyx_platform.3mf', 'exclude_materials': ['3D-Fuel_PLA_PRO_Black', '3D-Fuel_PLA_SnapSupport', 'bestfilament_abs_skyblue', 'bestfilament_petg_orange', 'bestfilament_pla_green', 'leapfrog_abs_natural', 'leapfrog_epla_natural', 'leapfrog_pva_natural', 'goofoo_abs', 'goofoo_asa', 'goofoo_bronze_pla', 'goofoo_emarble_pla', 'goofoo_esilk_pla', 'goofoo_hips', 'goofoo_pa_cf', 'goofoo_pa', 'goofoo_pc', 'goofoo_peek', 'goofoo_petg', 'goofoo_pla', 'goofoo_pva', 'goofoo_tpe_83a', 'goofoo_tpu_87a', 'goofoo_tpu_95a', 'emotiontech_abs', 'emotiontech_absx', 'emotiontech_acetate', 'emotiontech_asax', 'emotiontech_bvoh', 'emotiontech_copa', 'emotiontech_hips', 'emotiontech_nylon_1030', 'emotiontech_nylon_1030cf', 'emotiontech_nylon_1070', 'emotiontech_pa6cf', 'emotiontech_pa6gf', 'emotiontech_pc', 'emotiontech_pekk', 'emotiontech_petg', 'emotiontech_pla', 'emotiontech_pla_hr_870', 'emotiontech_pva-m', 'emotiontech_pva-s', 'emotiontech_tpu98a', 'eryone_petg', 'eryone_pla_glow', 'eryone_pla_matte', 'eryone_pla_wood', 'eryone_pla', 'eryone_tpu', 'eSUN_PETG_Black', 'eSUN_PETG_Grey', 'eSUN_PETG_Purple', 'eSUN_PLA_PRO_Black', 'eSUN_PLA_PRO_Grey', 'eSUN_PLA_PRO_Purple', 'eSUN_PLA_PRO_White', 'Extrudr_GreenTECPro_Anthracite_175', 'Extrudr_GreenTECPro_Black_175', 'Extrudr_GreenTECPro_Blue_175', 'Extrudr_GreenTECPro_Nature_175', 'Extrudr_GreenTECPro_Red_175', 'Extrudr_GreenTECPro_Silver_175', 'Extrudr_GreenTECPro_White_175', 'verbatim_bvoh_175', 'Vertex_Delta_ABS', 'Vertex_Delta_PET', 'Vertex_Delta_PLA', 'Vertex_Delta_TPU', 'chromatik_pla', 'dsm_arnitel2045_175', 'dsm_novamid1070_175', 'fabtotum_abs', 'fabtotum_nylon', 'fabtotum_pla', 'fabtotum_tpu', 'fdplast_abs_tomato', 'fdplast_petg_gray', 'fdplast_pla_olive', 'fiberlogy_hd_pla', 'filo3d_pla', 'filo3d_pla_green', 'filo3d_pla_red', 'ideagen3D_ToughPLA', 'imade3d_petg_green', 'imade3d_petg_pink', 'imade3d_pla_green', 'imade3d_pla_pink', 'imade3d_petg_175', 'imade3d_pla_175', 'innofill_innoflex60_175', 'layer_one_black_pla', 'layer_one_dark_gray_pla', 'layer_one_white_pla', 'octofiber_pla', 'polyflex_pla', 'polymax_pla', 'polyplus_pla', 'polywood_pla', 'redd_abs', 'redd_asa', 'redd_hips', 'redd_nylon', 'redd_petg', 'redd_pla', 'redd_tpe', 'tizyx_abs', 'tizyx_flex', 'tizyx_petg', 'tizyx_pla_bois', 'tizyx_pla', 'tizyx_pva', 'ultimaker_abscf_175', 'ultimaker_absr_175', 'ultimaker_asa_175', 'ultimaker_nylon12-cf_175', 'ultimaker_pla_175', 'ultimaker_pva_175', 'ultimaker_rapidrinse_175', 'ultimaker_sr30_175', 'ultimaker_tough_pla_175', 'Vertex_Delta_ABS', 'Vertex_Delta_PET', 'Vertex_Delta_PLA_Glitter', 'Vertex_Delta_PLA_Mat', 'Vertex_Delta_PLA_Satin', 'Vertex_Delta_PLA_Wood', 'Vertex_Delta_PLA', 'Vertex_Delta_TPU', 'volumic_abs_ultra', 'volumic_arma_ultra', 'volumic_asa_ultra', 'volumic_br80_ultra', 'volumic_bumper_ultra', 'volumic_cu80_ultra', 'volumic_flex93_ultra', 'volumic_medical_ultra', 'volumic_nylon_ultra', 'volumic_pekk_carbone', 'volumic_petg_ultra', 'volumic_petgcarbone_ultra', 'volumic_pla_ultra', 'volumic_pp_ultra', 'volumic_strong_ultra', 'volumic_support_ultra', 'xyzprinting_abs', 'xyzprinting_antibact_pla', 'xyzprinting_carbon_fiber', 'xyzprinting_colorinkjet_pla', 'xyzprinting_flexible', 'xyzprinting_metallic_pla', 'xyzprinting_nylon', 'xyzprinting_pahtcf15', 'xyzprinting_pc', 'xyzprinting_petcf15', 'xyzprinting_petg', 'xyzprinting_pla', 'xyzprinting_ppgf30', 'xyzprinting_tough_pla', 'xyzprinting_tpu', 'zyyx_abs-mm', 'zyyx_abs-perf', 'zyyx_flex95a', 'zyyx_petg', 'zyyx_petg-cf', 'zyyx_pla', 'zyyx_pro_flex', 'zyyx_pro_pla', 'zyyx_procarbon', 'zyyx_proglass', 'zyyx_pronylon'], 'machine_x3g_variant': 'z', 'quality_definition': 'zyyx_plus'}
2025-07-05 12:34:14,583 - WARNING - [MainThread] UM.VersionUpgradeManager.updateFilesData [433]: Unable to upgrade file of type variant of version 4000014
2025-07-05 12:34:14,583 - WARNING - [MainThread] UM.Settings.ContainerRegistry.loadAllMetadata [497]: Invalid metadata for container fabbrix_elemento_0.6_hs: {'id': 'fabbrix_elemento_0.6_hs', 'container_type': <class 'UM.Settings.InstanceContainer.InstanceContainer'>, 'name': '[HS]0.6mm Nozzle', 'version': '4', 'definition': 'fabbrix_elemento', 'setting_version': '14', 'type': 'variant', 'hardware_type': 'nozzle'}
2025-07-05 12:34:14,584 - WARNING - [MainThread] UM.VersionUpgradeManager.updateFilesData [433]: Unable to upgrade file of type variant of version 4000014
2025-07-05 12:34:14,584 - WARNING - [MainThread] UM.Settings.ContainerRegistry.loadAllMetadata [497]: Invalid metadata for container fabbrix_elemento_0.6_v2: {'id': 'fabbrix_elemento_0.6_v2', 'container_type': <class 'UM.Settings.InstanceContainer.InstanceContainer'>, 'name': '0.6mm Nozzle', 'version': '4', 'definition': 'fabbrix_elemento_v2', 'setting_version': '14', 'type': 'variant', 'hardware_type': 'nozzle'}
2025-07-05 12:34:14,662 - WARNING - [MainThread] UM.VersionUpgradeManager.updateFilesData [433]: Unable to upgrade file of type variant of version 4000014
2025-07-05 12:34:14,662 - WARNING - [MainThread] UM.Settings.ContainerRegistry.loadAllMetadata [497]: Invalid metadata for container fabbrix_elemento_1.2: {'id': 'fabbrix_elemento_1.2', 'container_type': <class 'UM.Settings.InstanceContainer.InstanceContainer'>, 'name': '1.2mm Nozzle', 'version': '4', 'definition': 'fabbrix_elemento', 'setting_version': '14', 'type': 'variant', 'hardware_type': 'nozzle'}
2025-07-05 12:34:14,693 - WARNING - [MainThread] UM.VersionUpgradeManager.updateFilesData [433]: Unable to upgrade file of type variant of version 4000014
2025-07-05 12:34:14,693 - WARNING - [MainThread] UM.Settings.ContainerRegistry.loadAllMetadata [497]: Invalid metadata for container fabbrix_elemento_0.8_hs: {'id': 'fabbrix_elemento_0.8_hs', 'container_type': <class 'UM.Settings.InstanceContainer.InstanceContainer'>, 'name': '[HS]0.8mm Nozzle', 'version': '4', 'definition': 'fabbrix_elemento', 'setting_version': '14', 'type': 'variant', 'hardware_type': 'nozzle'}
2025-07-05 12:34:14,797 - WARNING - [MainThread] UM.VersionUpgradeManager.updateFilesData [433]: Unable to upgrade file of type variant of version 4000014
2025-07-05 12:34:14,797 - WARNING - [MainThread] UM.Settings.ContainerRegistry.loadAllMetadata [497]: Invalid metadata for container fabbrix_elemento_0.8: {'id': 'fabbrix_elemento_0.8', 'container_type': <class 'UM.Settings.InstanceContainer.InstanceContainer'>, 'name': '0.8mm Nozzle', 'version': '4', 'definition': 'fabbrix_elemento', 'setting_version': '14', 'type': 'variant', 'hardware_type': 'nozzle'}
2025-07-05 12:34:14,867 - WARNING - [MainThread] UM.VersionUpgradeManager.updateFilesData [433]: Unable to upgrade file of type variant of version 4000014
2025-07-05 12:34:14,867 - WARNING - [MainThread] UM.Settings.ContainerRegistry.loadAllMetadata [497]: Invalid metadata for container fabbrix_elemento_0.8_v2: {'id': 'fabbrix_elemento_0.8_v2', 'container_type': <class 'UM.Settings.InstanceContainer.InstanceContainer'>, 'name': '0.8mm Nozzle', 'version': '4', 'definition': 'fabbrix_elemento_v2', 'setting_version': '14', 'type': 'variant', 'hardware_type': 'nozzle'}
2025-07-05 12:34:14,915 - WARNING - [MainThread] UM.VersionUpgradeManager.updateFilesData [433]: Unable to upgrade file of type variant of version 4000014
2025-07-05 12:34:14,916 - WARNING - [MainThread] UM.Settings.ContainerRegistry.loadAllMetadata [497]: Invalid metadata for container fabbrix_elemento_0.8_hs_tc: {'id': 'fabbrix_elemento_0.8_hs_tc', 'container_type': <class 'UM.Settings.InstanceContainer.InstanceContainer'>, 'name': '[HS]0.8mm Nozzle', 'version': '4', 'definition': 'fabbrix_elemento_tc', 'setting_version': '14', 'type': 'variant', 'hardware_type': 'nozzle'}
2025-07-05 12:34:15,059 - WARNING - [MainThread] UM.VersionUpgradeManager.updateFilesData [433]: Unable to upgrade file of type variant of version 4000014
2025-07-05 12:34:15,060 - WARNING - [MainThread] UM.Settings.ContainerRegistry.loadAllMetadata [497]: Invalid metadata for container fabbrix_elemento_1.2_tc: {'id': 'fabbrix_elemento_1.2_tc', 'container_type': <class 'UM.Settings.InstanceContainer.InstanceContainer'>, 'name': '1.2mm Nozzle', 'version': '4', 'definition': 'fabbrix_elemento_tc', 'setting_version': '14', 'type': 'variant', 'hardware_type': 'nozzle'}
2025-07-05 12:34:15,102 - WARNING - [MainThread] UM.VersionUpgradeManager.updateFilesData [433]: Unable to upgrade file of type variant of version 4000014
2025-07-05 12:34:15,102 - WARNING - [MainThread] UM.Settings.ContainerRegistry.loadAllMetadata [497]: Invalid metadata for container fabbrix_elemento_0.6_hs_tc: {'id': 'fabbrix_elemento_0.6_hs_tc', 'container_type': <class 'UM.Settings.InstanceContainer.InstanceContainer'>, 'name': '[HS]0.6mm Nozzle', 'version': '4', 'definition': 'fabbrix_elemento_tc', 'setting_version': '14', 'type': 'variant', 'hardware_type': 'nozzle'}
2025-07-05 12:34:15,127 - WARNING - [MainThread] UM.VersionUpgradeManager.updateFilesData [433]: Unable to upgrade file of type variant of version 4000014
2025-07-05 12:34:15,127 - WARNING - [MainThread] UM.Settings.ContainerRegistry.loadAllMetadata [497]: Invalid metadata for container fabbrix_elemento_0.6_hs_v2: {'id': 'fabbrix_elemento_0.6_hs_v2', 'container_type': <class 'UM.Settings.InstanceContainer.InstanceContainer'>, 'name': '[HS]0.6mm Nozzle', 'version': '4', 'definition': 'fabbrix_elemento_v2', 'setting_version': '14', 'type': 'variant', 'hardware_type': 'nozzle'}
2025-07-05 12:34:15,269 - WARNING - [MainThread] UM.VersionUpgradeManager.updateFilesData [433]: Unable to upgrade file of type variant of version 4000014
2025-07-05 12:34:15,269 - WARNING - [MainThread] UM.Settings.ContainerRegistry.loadAllMetadata [497]: Invalid metadata for container fabbrix_elemento_1.0_tc: {'id': 'fabbrix_elemento_1.0_tc', 'container_type': <class 'UM.Settings.InstanceContainer.InstanceContainer'>, 'name': '1.0mm Nozzle', 'version': '4', 'definition': 'fabbrix_elemento_tc', 'setting_version': '14', 'type': 'variant', 'hardware_type': 'nozzle'}
2025-07-05 12:34:15,300 - WARNING - [MainThread] UM.VersionUpgradeManager.updateFilesData [433]: Unable to upgrade file of type variant of version 4000014
2025-07-05 12:34:15,300 - WARNING - [MainThread] UM.Settings.ContainerRegistry.loadAllMetadata [497]: Invalid metadata for container fabbrix_elemento_0.8_tc: {'id': 'fabbrix_elemento_0.8_tc', 'container_type': <class 'UM.Settings.InstanceContainer.InstanceContainer'>, 'name': '0.8mm Nozzle', 'version': '4', 'definition': 'fabbrix_elemento_tc', 'setting_version': '14', 'type': 'variant', 'hardware_type': 'nozzle'}
2025-07-05 12:34:15,319 - WARNING - [MainThread] UM.VersionUpgradeManager.updateFilesData [433]: Unable to upgrade file of type variant of version 4000014
2025-07-05 12:34:15,320 - WARNING - [MainThread] UM.Settings.ContainerRegistry.loadAllMetadata [497]: Invalid metadata for container fabbrix_elemento_1.0: {'id': 'fabbrix_elemento_1.0', 'container_type': <class 'UM.Settings.InstanceContainer.InstanceContainer'>, 'name': '1.0mm Nozzle', 'version': '4', 'definition': 'fabbrix_elemento', 'setting_version': '14', 'type': 'variant', 'hardware_type': 'nozzle'}
2025-07-05 12:34:15,367 - WARNING - [MainThread] UM.Settings.ContainerRegistry.loadAllMetadata [497]: Invalid metadata for container zyyx_pro: {'container_type': <class 'UM.Settings.DefinitionContainer.DefinitionContainer'>, 'id': 'zyyx_pro', 'name': 'ZYYX Pro', 'version': 2, 'type': 'machine', 'author': 'Theodor Hansson', 'manufacturer': 'ZYYX Labs AB', 'setting_version': 3, 'file_formats': 'application/x3g', 'visible': True, 'has_materials': True, 'has_variants': True, 'has_machine_quality': True, 'preferred_material': 'generic_pla', 'preferred_quality_type': 'normal', 'machine_extruder_trains': OrderedDict({'0': 'zyyx_pro_extruder'}), 'has_textured_buildplate': False, 'supports_usb_connection': True, 'supports_network_connection': False, 'supports_abstract_color': False, 'variants_name_has_translation': False, 'inherits': 'fdmprinter', 'platform': 'zyyx_pro_platform.stl', 'exclude_materials': ['3D-Fuel_PLA_PRO_Black', '3D-Fuel_PLA_SnapSupport', 'bestfilament_abs_skyblue', 'bestfilament_petg_orange', 'bestfilament_pla_green', 'leapfrog_abs_natural', 'leapfrog_epla_natural', 'leapfrog_pva_natural', 'goofoo_abs', 'goofoo_asa', 'goofoo_bronze_pla', 'goofoo_emarble_pla', 'goofoo_esilk_pla', 'goofoo_hips', 'goofoo_pa_cf', 'goofoo_pa', 'goofoo_pc', 'goofoo_peek', 'goofoo_petg', 'goofoo_pla', 'goofoo_pva', 'goofoo_tpe_83a', 'goofoo_tpu_87a', 'goofoo_tpu_95a', 'emotiontech_abs', 'emotiontech_absx', 'emotiontech_acetate', 'emotiontech_asax', 'emotiontech_bvoh', 'emotiontech_copa', 'emotiontech_hips', 'emotiontech_nylon_1030', 'emotiontech_nylon_1030cf', 'emotiontech_nylon_1070', 'emotiontech_pa6cf', 'emotiontech_pa6gf', 'emotiontech_pc', 'emotiontech_pekk', 'emotiontech_petg', 'emotiontech_pla', 'emotiontech_pla_hr_870', 'emotiontech_pva-m', 'emotiontech_pva-s', 'emotiontech_tpu98a', 'eryone_petg', 'eryone_pla_matte', 'eryone_pla', 'eryone_tpu', 'eSUN_PETG_Black', 'eSUN_PETG_Grey', 'eSUN_PETG_Purple', 'eSUN_PLA_PRO_Black', 'eSUN_PLA_PRO_Grey', 'eSUN_PLA_PRO_Purple', 'eSUN_PLA_PRO_White', 'Extrudr_GreenTECPro_Anthracite_175', 'Extrudr_GreenTECPro_Black_175', 'Extrudr_GreenTECPro_Blue_175', 'Extrudr_GreenTECPro_Nature_175', 'Extrudr_GreenTECPro_Red_175', 'Extrudr_GreenTECPro_Silver_175', 'Extrudr_GreenTECPro_White_175', 'verbatim_bvoh_175', 'Vertex_Delta_ABS', 'Vertex_Delta_PET', 'Vertex_Delta_PLA', 'Vertex_Delta_TPU', 'chromatik_pla', 'dsm_arnitel2045_175', 'dsm_novamid1070_175', 'fabtotum_abs', 'fabtotum_nylon', 'fabtotum_pla', 'fabtotum_tpu', 'fdplast_abs_tomato', 'fdplast_petg_gray', 'fdplast_pla_olive', 'fiberlogy_hd_pla', 'filo3d_pla', 'filo3d_pla_green', 'filo3d_pla_red', 'ideagen3D_ToughPLA', 'imade3d_petg_green', 'imade3d_petg_pink', 'imade3d_pla_green', 'imade3d_pla_pink', 'imade3d_petg_175', 'imade3d_pla_175', 'innofill_innoflex60_175', 'layer_one_black_pla', 'layer_one_dark_gray_pla', 'layer_one_white_pla', 'octofiber_pla', 'polyflex_pla', 'polymax_pla', 'polyplus_pla', 'polywood_pla', 'redd_abs', 'redd_asa', 'redd_hips', 'redd_nylon', 'redd_petg', 'redd_pla', 'redd_tpe', 'tizyx_abs', 'tizyx_flex', 'tizyx_petg', 'tizyx_pla_bois', 'tizyx_pla', 'tizyx_pva', 'ultimaker_abscf_175', 'ultimaker_absr_175', 'ultimaker_asa_175', 'ultimaker_nylon12-cf_175', 'ultimaker_pla_175', 'ultimaker_pva_175', 'ultimaker_rapidrinse_175', 'ultimaker_sr30_175', 'ultimaker_tough_pla_175', 'Vertex_Delta_ABS', 'Vertex_Delta_PET', 'Vertex_Delta_PLA_Glitter', 'Vertex_Delta_PLA_Mat', 'Vertex_Delta_PLA_Satin', 'Vertex_Delta_PLA_Wood', 'Vertex_Delta_PLA', 'Vertex_Delta_TPU', 'volumic_abs_ultra', 'volumic_arma_ultra', 'volumic_asa_ultra', 'volumic_br80_ultra', 'volumic_bumper_ultra', 'volumic_cu80_ultra', 'volumic_flex93_ultra', 'volumic_medical_ultra', 'volumic_nylon_ultra', 'volumic_pekk_carbone', 'volumic_petg_ultra', 'volumic_petgcarbone_ultra', 'volumic_pla_ultra', 'volumic_pp_ultra', 'volumic_strong_ultra', 'volumic_support_ultra', 'xyzprinting_abs', 'xyzprinting_antibact_pla', 'xyzprinting_carbon_fiber', 'xyzprinting_colorinkjet_pla', 'xyzprinting_flexible', 'xyzprinting_metallic_pla', 'xyzprinting_nylon', 'xyzprinting_pahtcf15', 'xyzprinting_pc', 'xyzprinting_petcf15', 'xyzprinting_petg', 'xyzprinting_pla', 'xyzprinting_ppgf30', 'xyzprinting_tough_pla', 'xyzprinting_tpu', 'zyyx_abs-mm', 'zyyx_abs-perf', 'zyyx_flex95a', 'zyyx_petg', 'zyyx_pla', 'zyyx_pro_flex', 'zyyx_pro_pla', 'zyyx_pronylon'], 'machine': 'zyyx_pro', 'machine_x3g_variant': 'z', 'preferred_variant_name': 'Carbon0.6', 'quality_definition': 'zyyx_pro', 'variants_name': 'SwiftTool'}
2025-07-05 12:34:15,377 - WARNING - [MainThread] UM.VersionUpgradeManager.updateFilesData [433]: Unable to upgrade file of type variant of version 4000014
2025-07-05 12:34:15,377 - WARNING - [MainThread] UM.Settings.ContainerRegistry.loadAllMetadata [497]: Invalid metadata for container fabbrix_elemento_1.2_v2: {'id': 'fabbrix_elemento_1.2_v2', 'container_type': <class 'UM.Settings.InstanceContainer.InstanceContainer'>, 'name': '1.2mm Nozzle', 'version': '4', 'definition': 'fabbrix_elemento_v2', 'setting_version': '14', 'type': 'variant', 'hardware_type': 'nozzle'}
2025-07-05 12:34:15,392 - WARNING - [MainThread] UM.VersionUpgradeManager.updateFilesData [433]: Unable to upgrade file of type variant of version 4000014
2025-07-05 12:34:15,392 - WARNING - [MainThread] UM.Settings.ContainerRegistry.loadAllMetadata [497]: Invalid metadata for container fabbrix_elemento_0.8_hs_v2: {'id': 'fabbrix_elemento_0.8_hs_v2', 'container_type': <class 'UM.Settings.InstanceContainer.InstanceContainer'>, 'name': '[HS]0.8mm Nozzle', 'version': '4', 'definition': 'fabbrix_elemento_v2', 'setting_version': '14', 'type': 'variant', 'hardware_type': 'nozzle'}
2025-07-05 12:34:15,459 - DEBUG - [MainThread] UM.Settings.ContainerRegistry.loadAllMetadata [565]: Loading metadata into container registry took 1.6490967273712158 seconds
2025-07-05 12:34:15,478 - DEBUG - [MainThread] UM.Backend.Backend._onSocketError [260]: Socket was unable to bind to port, increasing port number to 49847
2025-07-05 12:34:15,478 - DEBUG - [MainThread] UM.Backend.Backend._createSocket [297]: Previous socket existed. Closing that first.
2025-07-05 12:34:15,480 - DEBUG - [MainThread] CuraEngineBackend.CuraEngineBackend._terminate [434]: Attempting to kill the engine process
2025-07-05 12:34:15,481 - DEBUG - [MainThread] UM.Backend.Backend._createSocket [297]: Previous socket existed. Closing that first.
2025-07-05 12:34:15,488 - DEBUG - [MainThread] UM.Backend.Backend._onSocketError [260]: Socket was unable to bind to port, increasing port number to 49848
2025-07-05 12:34:15,488 - DEBUG - [MainThread] UM.Backend.Backend._createSocket [297]: Previous socket existed. Closing that first.
2025-07-05 12:34:15,490 - DEBUG - [MainThread] CuraEngineBackend.CuraEngineBackend._terminate [434]: Attempting to kill the engine process
2025-07-05 12:34:15,491 - DEBUG - [MainThread] UM.Backend.Backend._createSocket [297]: Previous socket existed. Closing that first.
2025-07-05 12:34:15,499 - DEBUG - [MainThread] cura.Scene.CuraSceneController.setActiveBuildPlate [142]: Selected build plate: 0
2025-07-05 12:34:15,501 - INFO - [MainThread] cura.CuraApplication._log_hardware_info [958]: System: Windows
2025-07-05 12:34:15,502 - INFO - [MainThread] cura.CuraApplication._log_hardware_info [959]: Release: 11
2025-07-05 12:34:15,502 - INFO - [MainThread] cura.CuraApplication._log_hardware_info [960]: Version: 10.0.26100
2025-07-05 12:34:15,529 - INFO - [MainThread] cura.CuraApplication._log_hardware_info [961]: Processor name: AMD64 Family 23 Model 104 Stepping 1, AuthenticAMD
2025-07-05 12:34:15,529 - INFO - [MainThread] cura.CuraApplication._log_hardware_info [962]: CPU Cores: 16
2025-07-05 12:34:15,530 - DEBUG - [MainThread] cura.CuraApplication.run [885]: Using conan dependencies: {'cura_resources': {'version': '5.10.1', 'revision': '3a8ce1f9973116fdd3282e277a7df2b3'}, 'uranium': {'version': '5.10.1', 'revision': '48bceb51a7b59755438e46f8e6c98300'}, 'pyarcus': {'version': '5.10.0', 'revision': '45dd0835e9e65d080faa27e5669a957f'}, 'curaengine': {'version': '5.10.1', 'revision': '65311cafe029d983b47f06709d928bef'}, 'arcus': {'version': '5.10.0', 'revision': '2eaae9c834c26c7010c5f8183c1f4b8b'}, 'cura_binary_data': {'version': '5.10.1', 'revision': '83260e4773bef36b765222d549791187'}, 'fdm_materials': {'version': '5.10.1', 'revision': '256e0e0415c1a7036768dbcb24cb8e87'}, 'dulcificum': {'version': '5.10.0', 'revision': 'd7796f570134346c8cf8a45b2b677d63'}, 'nlohmann_json': {'version': '3.11.2', 'revision': '1ded6ae5d200a68ac17c51d528b945e2'}, 'range-v3': {'version': '0.12.0', 'revision': '4c05d91d7b40e6b91b44b5345ac64408'}, 'spdlog': {'version': '1.15.1', 'revision': '92e99f07f134481bce4b70c1a41060e7'}, 'fmt': {'version': '11.1.3', 'revision': '8364f0feb23ee32e4b870455edb552ae'}, 'ctre': {'version': '3.7.2', 'revision': '86bd3592feebcdafd2ab7b8a1aad0c80'}, 'pysavitar': {'version': '5.10.0', 'revision': '1b0d584c7bc26f91114cd0fa5cfebc65'}, 'savitar': {'version': '5.10.0', 'revision': '67e08306b4e73b34ba39f0b447a6666d'}, 'pynest2d': {'version': '5.10.0', 'revision': 'ff5d39339d68c1cb296f83563e3eeacd'}, 'nest2d': {'version': '5.10.0', 'revision': '6f430e9fa21c308e0e6234649a6116ed'}, 'nlopt': {'version': '2.7.1', 'revision': '61296485856e44d13b39346ef54325f1'}, 'clipper': {'version': '6.4.2', 'revision': '95d9dd0b845ba2b4337f9a3fd331fa47'}, 'cpython': {'version': '3.12.2', 'revision': '68cb44d6d7eeb24578b1c942ce16a8cd'}}
2025-07-05 12:34:15,530 - DEBUG - [MainThread] cura.CuraApplication.run [886]: Using python dependencies: {'attrs': {'version': '21.3.0'}, 'Automat': {'version': '20.2.0'}, 'certifi': {'version': '2023.5.7'}, 'cffi': {'version': '1.17.1'}, 'chardet': {'version': '3.0.4'}, 'Charon': {'version': '1.0'}, 'charset-normalizer': {'version': '2.1.0'}, 'colorama': {'version': '0.4.5'}, 'colorlog': {'version': '6.6.0'}, 'constantly': {'version': '15.1.0'}, 'cryptography': {'version': '44.0.0'}, 'Cython': {'version': '0.29.26'}, 'hyperlink': {'version': '21.0.0'}, 'idna': {'version': '2.8'}, 'ifaddr': {'version': '0.1.7'}, 'importlib-metadata': {'version': '4.10.0'}, 'incremental': {'version': '22.10.0'}, 'jaraco.classes': {'version': '3.4.0'}, 'jaraco.context': {'version': '6.0.1'}, 'jaraco.functools': {'version': '4.1.0'}, 'jeepney': {'version': '0.8.0'}, 'keyring': {'version': '25.5.0'}, 'more-itertools': {'version': '10.5.0'}, 'mypy': {'version': '0.931'}, 'mypy-extensions': {'version': '0.4.3'}, 'networkx': {'version': '2.6.2'}, 'numpy': {'version': '1.26.1'}, 'numpy-stl': {'version': '2.10.1'}, 'pip': {'version': '25.1.1'}, 'pybind11': {'version': '2.6.2'}, 'pyclipper': {'version': '1.3.0.post5'}, 'pycparser': {'version': '2.22'}, 'pynavlib': {'version': '0.9.4'}, 'PyQt6': {'version': '6.6.0'}, 'PyQt6-Qt6': {'version': '6.6.0'}, 'PyQt6-sip': {'version': '13.6.0'}, 'pyserial': {'version': '3.4'}, 'python-utils': {'version': '2.3.0'}, 'pywin32-ctypes': {'version': '0.2.3'}, 'requests': {'version': '2.32.3'}, 'scipy': {'version': '1.11.3'}, 'SecretStorage': {'version': '3.3.3'}, 'sentry-sdk': {'version': '0.13.5'}, 'setuptools': {'version': '75.6.0'}, 'shapely': {'version': '2.0.6'}, 'six': {'version': '1.16.0'}, 'tomli': {'version': '2.0.1'}, 'trimesh': {'version': '3.9.36'}, 'Twisted': {'version': '21.2.0'}, 'twisted-iocpsupport': {'version': '1.0.2'}, 'typing_extensions': {'version': '4.3.0'}, 'urllib3': {'version': '2.2.3'}, 'wheel': {'version': '0.37.1'}, 'zeroconf': {'version': '0.31.0'}, 'zipp': {'version': '3.5.0'}, 'zope.interface': {'version': '5.4.0'}}
2025-07-05 12:34:15,530 - INFO - [MainThread] cura.CuraApplication.run [888]: Initializing machine error checker
2025-07-05 12:34:15,532 - DEBUG - [MainThread] UM.Backend.Backend._onSocketError [260]: Socket was unable to bind to port, increasing port number to 49849
2025-07-05 12:34:15,532 - DEBUG - [MainThread] UM.Backend.Backend._createSocket [297]: Previous socket existed. Closing that first.
2025-07-05 12:34:15,535 - DEBUG - [MainThread] CuraEngineBackend.CuraEngineBackend._terminate [434]: Attempting to kill the engine process
2025-07-05 12:34:15,535 - DEBUG - [MainThread] UM.Backend.Backend._createSocket [297]: Previous socket existed. Closing that first.
2025-07-05 12:34:15,543 - INFO - [MainThread] cura.CuraApplication.run [893]: Initializing machine manager
2025-07-05 12:34:15,544 - DEBUG - [MainThread] UM.Backend.Backend._onSocketError [260]: Socket was unable to bind to port, increasing port number to 49850
2025-07-05 12:34:15,544 - DEBUG - [MainThread] UM.Backend.Backend._createSocket [297]: Previous socket existed. Closing that first.
2025-07-05 12:34:15,546 - DEBUG - [MainThread] CuraEngineBackend.CuraEngineBackend._terminate [434]: Attempting to kill the engine process
2025-07-05 12:34:15,547 - DEBUG - [MainThread] UM.Backend.Backend._createSocket [297]: Previous socket existed. Closing that first.
2025-07-05 12:34:15,553 - DEBUG - [MainThread] UM.Backend.Backend._onSocketError [260]: Socket was unable to bind to port, increasing port number to 49851
2025-07-05 12:34:15,554 - DEBUG - [MainThread] UM.Backend.Backend._createSocket [297]: Previous socket existed. Closing that first.
2025-07-05 12:34:15,557 - DEBUG - [MainThread] CuraEngineBackend.CuraEngineBackend._terminate [434]: Attempting to kill the engine process
2025-07-05 12:34:15,558 - DEBUG - [MainThread] UM.Backend.Backend._createSocket [297]: Previous socket existed. Closing that first.
2025-07-05 12:34:15,561 - DEBUG - [MainThread] UM.Backend.Backend._onSocketError [260]: Socket was unable to bind to port, increasing port number to 49852
2025-07-05 12:34:15,562 - DEBUG - [MainThread] UM.Backend.Backend._createSocket [297]: Previous socket existed. Closing that first.
2025-07-05 12:34:15,565 - DEBUG - [MainThread] CuraEngineBackend.CuraEngineBackend._terminate [434]: Attempting to kill the engine process
2025-07-05 12:34:15,565 - DEBUG - [MainThread] UM.Backend.Backend._createSocket [297]: Previous socket existed. Closing that first.
2025-07-05 12:34:15,568 - INFO - [MainThread] cura.CuraApplication.run [898]: Initializing container manager
2025-07-05 12:34:15,570 - DEBUG - [MainThread] UM.Backend.Backend._onSocketError [260]: Socket was unable to bind to port, increasing port number to 49853
2025-07-05 12:34:15,570 - DEBUG - [MainThread] UM.Backend.Backend._createSocket [297]: Previous socket existed. Closing that first.
2025-07-05 12:34:15,572 - DEBUG - [MainThread] CuraEngineBackend.CuraEngineBackend._terminate [434]: Attempting to kill the engine process
2025-07-05 12:34:15,573 - DEBUG - [MainThread] UM.Backend.Backend._createSocket [297]: Previous socket existed. Closing that first.
2025-07-05 12:34:15,579 - DEBUG - [MainThread] UM.Backend.Backend._onSocketError [260]: Socket was unable to bind to port, increasing port number to 49854
2025-07-05 12:34:15,580 - DEBUG - [MainThread] UM.Backend.Backend._createSocket [297]: Previous socket existed. Closing that first.
2025-07-05 12:34:15,582 - DEBUG - [MainThread] CuraEngineBackend.CuraEngineBackend._terminate [434]: Attempting to kill the engine process
2025-07-05 12:34:15,583 - DEBUG - [MainThread] UM.Backend.Backend._createSocket [297]: Previous socket existed. Closing that first.
2025-07-05 12:34:15,593 - DEBUG - [MainThread] UM.Backend.Backend._onSocketError [260]: Socket was unable to bind to port, increasing port number to 49855
2025-07-05 12:34:15,593 - DEBUG - [MainThread] UM.Backend.Backend._createSocket [297]: Previous socket existed. Closing that first.
2025-07-05 12:34:15,597 - DEBUG - [MainThread] CuraEngineBackend.CuraEngineBackend._terminate [434]: Attempting to kill the engine process
2025-07-05 12:34:15,598 - DEBUG - [MainThread] UM.Backend.Backend._createSocket [297]: Previous socket existed. Closing that first.
2025-07-05 12:34:15,917 - DEBUG - [MainThread] cura.OAuth2.AuthorizationService.loadAuthDataFromPreferences [284]: Attempting to load the auth data from preferences.
2025-07-05 12:34:15,917 - DEBUG - [MainThread] UM.Backend.Backend._onSocketError [260]: Socket was unable to bind to port, increasing port number to 49856
2025-07-05 12:34:15,917 - DEBUG - [MainThread] UM.Backend.Backend._createSocket [297]: Previous socket existed. Closing that first.
2025-07-05 12:34:15,919 - DEBUG - [MainThread] CuraEngineBackend.CuraEngineBackend._terminate [434]: Attempting to kill the engine process
2025-07-05 12:34:15,919 - DEBUG - [MainThread] UM.Backend.Backend._createSocket [297]: Previous socket existed. Closing that first.
2025-07-05 12:34:15,927 - WARNING - [MainThread] UM.OutputDevice.OutputDeviceManager.removeOutputDevice [235]: Could not find output device with id digital_factory to remove
2025-07-05 12:34:15,946 - DEBUG - [MainThread] UM.Backend.Backend._onSocketError [260]: Socket was unable to bind to port, increasing port number to 49857
2025-07-05 12:34:15,946 - DEBUG - [MainThread] UM.Backend.Backend._createSocket [297]: Previous socket existed. Closing that first.
2025-07-05 12:34:15,948 - DEBUG - [MainThread] CuraEngineBackend.CuraEngineBackend._terminate [434]: Attempting to kill the engine process
2025-07-05 12:34:15,948 - DEBUG - [MainThread] UM.Backend.Backend._createSocket [297]: Previous socket existed. Closing that first.
2025-07-05 12:34:15,954 - DEBUG - [MainThread] UM.Backend.Backend._onSocketError [260]: Socket was unable to bind to port, increasing port number to 49858
2025-07-05 12:34:15,955 - DEBUG - [MainThread] UM.Backend.Backend._createSocket [297]: Previous socket existed. Closing that first.
2025-07-05 12:34:15,957 - DEBUG - [MainThread] CuraEngineBackend.CuraEngineBackend._terminate [434]: Attempting to kill the engine process
2025-07-05 12:34:15,957 - DEBUG - [MainThread] UM.Backend.Backend._createSocket [297]: Previous socket existed. Closing that first.
2025-07-05 12:34:15,964 - DEBUG - [MainThread] UM.Backend.Backend._onSocketError [260]: Socket was unable to bind to port, increasing port number to 49859
2025-07-05 12:34:15,964 - DEBUG - [MainThread] UM.Backend.Backend._createSocket [297]: Previous socket existed. Closing that first.
2025-07-05 12:34:15,966 - DEBUG - [MainThread] CuraEngineBackend.CuraEngineBackend._terminate [434]: Attempting to kill the engine process
2025-07-05 12:34:15,968 - DEBUG - [MainThread] UM.Backend.Backend._createSocket [297]: Previous socket existed. Closing that first.
2025-07-05 12:34:15,972 - DEBUG - [MainThread] UM.Scene.Camera._preferencesChanged [255]: Changing perspective mode to perspective.
2025-07-05 12:34:15,984 - DEBUG - [MainThread] UM.Backend.Backend._onSocketError [260]: Socket was unable to bind to port, increasing port number to 49860
2025-07-05 12:34:15,985 - DEBUG - [MainThread] UM.Backend.Backend._createSocket [297]: Previous socket existed. Closing that first.
2025-07-05 12:34:15,986 - DEBUG - [MainThread] CuraEngineBackend.CuraEngineBackend._terminate [434]: Attempting to kill the engine process
2025-07-05 12:34:15,986 - DEBUG - [MainThread] UM.Backend.Backend._createSocket [297]: Previous socket existed. Closing that first.
2025-07-05 12:34:16,096 - DEBUG - [MainThread] UM.Backend.Backend._onSocketError [260]: Socket was unable to bind to port, increasing port number to 49861
2025-07-05 12:34:16,096 - DEBUG - [MainThread] UM.Backend.Backend._createSocket [297]: Previous socket existed. Closing that first.
2025-07-05 12:34:16,098 - DEBUG - [MainThread] CuraEngineBackend.CuraEngineBackend._terminate [434]: Attempting to kill the engine process
2025-07-05 12:34:16,100 - DEBUG - [MainThread] UM.Backend.Backend._createSocket [297]: Previous socket existed. Closing that first.
2025-07-05 12:34:16,109 - DEBUG - [MainThread] UM.Backend.Backend._onSocketError [260]: Socket was unable to bind to port, increasing port number to 49862
2025-07-05 12:34:16,109 - DEBUG - [MainThread] UM.Backend.Backend._createSocket [297]: Previous socket existed. Closing that first.
2025-07-05 12:34:16,109 - DEBUG - [MainThread] CuraEngineBackend.CuraEngineBackend._terminate [434]: Attempting to kill the engine process
2025-07-05 12:34:16,111 - DEBUG - [MainThread] UM.Backend.Backend._createSocket [297]: Previous socket existed. Closing that first.
2025-07-05 12:34:16,113 - DEBUG - [MainThread] UM.Backend.Backend._onSocketError [260]: Socket was unable to bind to port, increasing port number to 49863
2025-07-05 12:34:16,115 - DEBUG - [MainThread] UM.Backend.Backend._createSocket [297]: Previous socket existed. Closing that first.
2025-07-05 12:34:16,117 - DEBUG - [MainThread] CuraEngineBackend.CuraEngineBackend._terminate [434]: Attempting to kill the engine process
2025-07-05 12:34:16,118 - DEBUG - [MainThread] UM.Backend.Backend._createSocket [297]: Previous socket existed. Closing that first.
2025-07-05 12:34:16,122 - DEBUG - [MainThread] UM.Backend.Backend._onSocketError [260]: Socket was unable to bind to port, increasing port number to 49864
2025-07-05 12:34:16,122 - DEBUG - [MainThread] UM.Backend.Backend._createSocket [297]: Previous socket existed. Closing that first.
2025-07-05 12:34:16,125 - DEBUG - [MainThread] CuraEngineBackend.CuraEngineBackend._terminate [434]: Attempting to kill the engine process
2025-07-05 12:34:16,125 - DEBUG - [MainThread] UM.Backend.Backend._createSocket [297]: Previous socket existed. Closing that first.
2025-07-05 12:34:16,133 - DEBUG - [MainThread] UM.Backend.Backend._onSocketError [260]: Socket was unable to bind to port, increasing port number to 49865
2025-07-05 12:34:16,133 - DEBUG - [MainThread] UM.Backend.Backend._createSocket [297]: Previous socket existed. Closing that first.
2025-07-05 12:34:16,136 - DEBUG - [MainThread] CuraEngineBackend.CuraEngineBackend._terminate [434]: Attempting to kill the engine process
2025-07-05 12:34:16,136 - DEBUG - [MainThread] UM.Backend.Backend._createSocket [297]: Previous socket existed. Closing that first.
2025-07-05 12:34:16,142 - DEBUG - [MainThread] UM.Backend.Backend._onSocketError [260]: Socket was unable to bind to port, increasing port number to 49866
2025-07-05 12:34:16,142 - DEBUG - [MainThread] UM.Backend.Backend._createSocket [297]: Previous socket existed. Closing that first.
2025-07-05 12:34:16,144 - DEBUG - [MainThread] CuraEngineBackend.CuraEngineBackend._terminate [434]: Attempting to kill the engine process
2025-07-05 12:34:16,145 - DEBUG - [MainThread] UM.Backend.Backend._createSocket [297]: Previous socket existed. Closing that first.
2025-07-05 12:34:16,149 - DEBUG - [MainThread] UM.Backend.Backend._onSocketError [260]: Socket was unable to bind to port, increasing port number to 49867
2025-07-05 12:34:16,149 - DEBUG - [MainThread] UM.Backend.Backend._createSocket [297]: Previous socket existed. Closing that first.
2025-07-05 12:34:16,152 - DEBUG - [MainThread] CuraEngineBackend.CuraEngineBackend._terminate [434]: Attempting to kill the engine process
2025-07-05 12:34:16,152 - DEBUG - [MainThread] UM.Backend.Backend._createSocket [297]: Previous socket existed. Closing that first.
2025-07-05 12:34:16,156 - DEBUG - [MainThread] UM.Backend.Backend._onSocketError [260]: Socket was unable to bind to port, increasing port number to 49868
2025-07-05 12:34:16,157 - DEBUG - [MainThread] UM.Backend.Backend._createSocket [297]: Previous socket existed. Closing that first.
2025-07-05 12:34:16,158 - DEBUG - [MainThread] CuraEngineBackend.CuraEngineBackend._terminate [434]: Attempting to kill the engine process
2025-07-05 12:34:16,159 - DEBUG - [MainThread] UM.Backend.Backend._createSocket [297]: Previous socket existed. Closing that first.
2025-07-05 12:34:16,162 - DEBUG - [MainThread] UM.Backend.Backend._onSocketError [260]: Socket was unable to bind to port, increasing port number to 49869
2025-07-05 12:34:16,163 - DEBUG - [MainThread] UM.Backend.Backend._createSocket [297]: Previous socket existed. Closing that first.
2025-07-05 12:34:16,164 - DEBUG - [MainThread] CuraEngineBackend.CuraEngineBackend._terminate [434]: Attempting to kill the engine process
2025-07-05 12:34:16,165 - DEBUG - [MainThread] UM.Backend.Backend._createSocket [297]: Previous socket existed. Closing that first.
2025-07-05 12:34:16,168 - DEBUG - [MainThread] UM.Backend.Backend._onSocketError [260]: Socket was unable to bind to port, increasing port number to 49870
2025-07-05 12:34:16,168 - DEBUG - [MainThread] UM.Backend.Backend._createSocket [297]: Previous socket existed. Closing that first.
2025-07-05 12:34:16,170 - DEBUG - [MainThread] CuraEngineBackend.CuraEngineBackend._terminate [434]: Attempting to kill the engine process
2025-07-05 12:34:16,171 - DEBUG - [MainThread] UM.Backend.Backend._createSocket [297]: Previous socket existed. Closing that first.
2025-07-05 12:34:16,179 - DEBUG - [MainThread] UM.Qt.Bindings.Theme.load [188]: Loading theme file: C:\Program Files\UltiMaker Cura 5.10.1\share\cura\resources\themes\cura-light\theme.json
2025-07-05 12:34:16,238 - DEBUG - [MainThread] UM.Qt.Bindings.Theme.load [323]: Loaded theme C:\Program Files\UltiMaker Cura 5.10.1\share\cura\resources\themes\cura-light
2025-07-05 12:34:16,238 - INFO - [MainThread] UM.Qt.Bindings.Theme.load [324]: System's em size is 13px.
2025-07-05 12:34:16,238 - DEBUG - [MainThread] UM.Backend.Backend._onSocketError [260]: Socket was unable to bind to port, increasing port number to 49871
2025-07-05 12:34:16,238 - DEBUG - [MainThread] UM.Backend.Backend._createSocket [297]: Previous socket existed. Closing that first.
2025-07-05 12:34:16,240 - DEBUG - [MainThread] CuraEngineBackend.CuraEngineBackend._terminate [434]: Attempting to kill the engine process
2025-07-05 12:34:16,242 - DEBUG - [MainThread] UM.Backend.Backend._createSocket [297]: Previous socket existed. Closing that first.
2025-07-05 12:34:16,251 - DEBUG - [MainThread] UM.Backend.Backend._onSocketError [260]: Socket was unable to bind to port, increasing port number to 49872
2025-07-05 12:34:16,251 - DEBUG - [MainThread] UM.Backend.Backend._createSocket [297]: Previous socket existed. Closing that first.
2025-07-05 12:34:16,253 - DEBUG - [MainThread] CuraEngineBackend.CuraEngineBackend._terminate [434]: Attempting to kill the engine process
2025-07-05 12:34:16,254 - DEBUG - [MainThread] UM.Backend.Backend._createSocket [297]: Previous socket existed. Closing that first.
2025-07-05 12:34:16,260 - DEBUG - [MainThread] UM.Backend.Backend._onSocketError [260]: Socket was unable to bind to port, increasing port number to 49873
2025-07-05 12:34:16,261 - DEBUG - [MainThread] UM.Backend.Backend._createSocket [297]: Previous socket existed. Closing that first.
2025-07-05 12:34:16,262 - DEBUG - [MainThread] CuraEngineBackend.CuraEngineBackend._terminate [434]: Attempting to kill the engine process
2025-07-05 12:34:16,264 - DEBUG - [MainThread] UM.Backend.Backend._createSocket [297]: Previous socket existed. Closing that first.
2025-07-05 12:34:16,797 - DEBUG - [MainThread] PostProcessingPlugin.PostProcessingPlugin._createView [355]: Creating post processing plugin view.
2025-07-05 12:34:16,811 - DEBUG - [MainThread] PostProcessingPlugin.PostProcessingPlugin.loadScripts [217]: Begin loading of script: AddCoolingProfile
2025-07-05 12:34:16,818 - DEBUG - [MainThread] PostProcessingPlugin.PostProcessingPlugin.loadScripts [217]: Begin loading of script: ChangeAtZ
2025-07-05 12:34:16,820 - DEBUG - [MainThread] PostProcessingPlugin.PostProcessingPlugin.loadScripts [217]: Begin loading of script: ColorMix
2025-07-05 12:34:16,822 - DEBUG - [MainThread] PostProcessingPlugin.PostProcessingPlugin.loadScripts [217]: Begin loading of script: CreateThumbnail
2025-07-05 12:34:16,823 - DEBUG - [MainThread] PostProcessingPlugin.PostProcessingPlugin.loadScripts [217]: Begin loading of script: DisplayFilenameAndLayerOnLCD
2025-07-05 12:34:16,827 - DEBUG - [MainThread] PostProcessingPlugin.PostProcessingPlugin.loadScripts [217]: Begin loading of script: DisplayInfoOnLCD
2025-07-05 12:34:16,827 - DEBUG - [MainThread] PostProcessingPlugin.PostProcessingPlugin.loadScripts [217]: Begin loading of script: DisplayProgressOnLCD
2025-07-05 12:34:16,829 - DEBUG - [MainThread] PostProcessingPlugin.PostProcessingPlugin.loadScripts [217]: Begin loading of script: FilamentChange
2025-07-05 12:34:16,831 - DEBUG - [MainThread] PostProcessingPlugin.PostProcessingPlugin.loadScripts [217]: Begin loading of script: InsertAtLayerChange
2025-07-05 12:34:16,836 - DEBUG - [MainThread] PostProcessingPlugin.PostProcessingPlugin.loadScripts [217]: Begin loading of script: LimitXYAccelJerk
2025-07-05 12:34:16,840 - DEBUG - [MainThread] PostProcessingPlugin.PostProcessingPlugin.loadScripts [217]: Begin loading of script: PauseAtHeight
2025-07-05 12:34:16,857 - ERROR - [MainThread] PostProcessingPlugin.PostProcessingPlugin.loadScripts [232]: Exception: Exception occurred while loading post processing plugin: 'NoneType' object has no attribute 'extruderList'
2025-07-05 12:34:16,859 - ERROR - [MainThread] PostProcessingPlugin.PostProcessingPlugin.loadScripts [232]: Traceback (most recent call last):
2025-07-05 12:34:16,859 - ERROR - [MainThread] PostProcessingPlugin.PostProcessingPlugin.loadScripts [232]:   File "C:\Program Files\UltiMaker Cura 5.10.1\share\cura\plugins\PostProcessingPlugin\PostProcessingPlugin.py", line 216, in loadScripts
2025-07-05 12:34:16,859 - ERROR - [MainThread] PostProcessingPlugin.PostProcessingPlugin.loadScripts [232]:     temp_object = loaded_class()
2025-07-05 12:34:16,861 - ERROR - [MainThread] PostProcessingPlugin.PostProcessingPlugin.loadScripts [232]:                   ^^^^^^^^^^^^^^
2025-07-05 12:34:16,861 - ERROR - [MainThread] PostProcessingPlugin.PostProcessingPlugin.loadScripts [232]:   File "C:\Program Files\UltiMaker Cura 5.10.1\share\cura\plugins\PostProcessingPlugin\scripts\PurgeLinesAndUnload.py", line 41, in __init__
2025-07-05 12:34:16,861 - ERROR - [MainThread] PostProcessingPlugin.PostProcessingPlugin.loadScripts [232]:     self.extruder = self.global_stack.extruderList
2025-07-05 12:34:16,861 - ERROR - [MainThread] PostProcessingPlugin.PostProcessingPlugin.loadScripts [232]:                     ^^^^^^^^^^^^^^^^^^^^^^^^^^^^^^
2025-07-05 12:34:16,861 - ERROR - [MainThread] PostProcessingPlugin.PostProcessingPlugin.loadScripts [232]: AttributeError: 'NoneType' object has no attribute 'extruderList'
2025-07-05 12:34:16,863 - DEBUG - [MainThread] PostProcessingPlugin.PostProcessingPlugin.loadScripts [217]: Begin loading of script: RetractContinue
2025-07-05 12:34:16,865 - DEBUG - [MainThread] PostProcessingPlugin.PostProcessingPlugin.loadScripts [217]: Begin loading of script: SearchAndReplace
2025-07-05 12:34:16,872 - DEBUG - [MainThread] PostProcessingPlugin.PostProcessingPlugin.loadScripts [217]: Begin loading of script: Stretch
2025-07-05 12:34:16,874 - DEBUG - [MainThread] PostProcessingPlugin.PostProcessingPlugin.loadScripts [217]: Begin loading of script: TimeLapse
2025-07-05 12:34:16,875 - DEBUG - [MainThread] PostProcessingPlugin.PostProcessingPlugin.loadScripts [217]: Begin loading of script: UsePreviousProbeMeasurements
2025-07-05 12:34:16,979 - DEBUG - [MainThread] PostProcessingPlugin.PostProcessingPlugin._createView [365]: Post processing view created.
2025-07-05 12:34:18,223 - WARNING - [MainThread] UM.Qt.QtApplication.__onQmlWarning [448]: file:///C:/Program Files/UltiMaker Cura 5.10.1/share/cura/resources/qml/PrintSetupSelector/ProfileWarningReset.qml:77: TypeError: Cannot read property 'name' of null
2025-07-05 12:34:18,224 - WARNING - [MainThread] UM.Qt.QtApplication.__onQmlWarning [448]: file:///C:/Program Files/UltiMaker Cura 5.10.1/share/cura/resources/qml/PrintSetupSelector/ProfileWarningReset.qml:77: TypeError: Cannot read property 'name' of null
2025-07-05 12:34:18,224 - WARNING - [MainThread] UM.Qt.QtApplication.__onQmlWarning [448]: file:///C:/Program Files/UltiMaker Cura 5.10.1/share/cura/resources/qml/Widgets/SingleSettingSlider.qml:36:9: Unable to assign [undefined] to QString
2025-07-05 12:34:18,224 - WARNING - [MainThread] UM.Qt.QtApplication.__onQmlWarning [448]: file:///C:/Program Files/UltiMaker Cura 5.10.1/share/cura/resources/qml/Widgets/SingleSettingComboBox.qml:74:9: Unable to assign [undefined] to QString
2025-07-05 12:34:18,225 - WARNING - [MainThread] UM.Qt.QtApplication.__onQmlWarning [448]: file:///C:/Program Files/UltiMaker Cura 5.10.1/share/cura/resources/qml/Widgets/SingleSettingTextField.qml:57:9: Unable to assign [undefined] to QString
2025-07-05 12:34:18,225 - WARNING - [MainThread] UM.Qt.QtApplication.__onQmlWarning [448]: file:///C:/Program Files/UltiMaker Cura 5.10.1/share/cura/resources/qml/Widgets/SingleSettingTextField.qml:57:9: Unable to assign [undefined] to QString
2025-07-05 12:34:18,225 - WARNING - [MainThread] UM.Qt.QtApplication.__onQmlWarning [448]: file:///C:/Program Files/UltiMaker Cura 5.10.1/share/cura/resources/qml/Widgets/SingleSettingComboBox.qml:74: TypeError: Cannot read property 'id' of null
2025-07-05 12:34:18,225 - WARNING - [MainThread] UM.Qt.QtApplication.__onQmlWarning [448]: file:///C:/Program Files/UltiMaker Cura 5.10.1/share/cura/resources/qml/Widgets/SingleSettingComboBox.qml:74:9: Unable to assign [undefined] to QString
2025-07-05 12:34:18,232 - DEBUG - [MainThread] MeshTools.MeshTools._onEngineCreated [144]: Inserting item in context menu
2025-07-05 12:34:18,276 - WARNING - [MainThread] UM.PluginRegistry._populateMetaData [892]: Could not find plugin SidebarGUIPlugin
2025-07-05 12:34:18,335 - WARNING - [MainThread] UM.Qt.QtApplication.__onQmlWarning [448]: file:///C:/Users/angelo/AppData/Roaming/cura/5.10/plugins/TabbedSettingsPlugin/TabbedSettingsPlugin/resources/qml/TabbedSettingsView.qml:175:17: QML TextField: Binding loop detected for property "implicitHeight"
2025-07-05 12:34:18,336 - WARNING - [MainThread] UM.Qt.QtApplication.__onQmlWarning [448]: file:///C:/Users/angelo/AppData/Roaming/cura/5.10/plugins/TabbedSettingsPlugin/TabbedSettingsPlugin/resources/qml/TabbedSettingsView.qml:175:17: QML TextField: Binding loop detected for property "implicitHeight"
2025-07-05 12:34:18,338 - WARNING - [MainThread] UM.Qt.QtApplication.__onQmlWarning [448]: file:///C:/Users/angelo/AppData/Roaming/cura/5.10/plugins/TabbedSettingsPlugin/TabbedSettingsPlugin/resources/qml/TabbedSettingsView.qml:660:5: QML Connections: Implicitly defined onFoo properties in Connections are deprecated. Use this syntax instead: function onFoo(<arguments>) { ... }
2025-07-05 12:34:18,364 - WARNING - [MainThread] UM.Qt.QtApplication.__onQmlWarning [448]: file:///C:/Users/angelo/AppData/Roaming/cura/5.10/plugins/TabbedSettingsPlugin/TabbedSettingsPlugin/resources/qml/TabbedSettingsView.qml:662:9: Unable to assign [undefined] to QObject*
2025-07-05 12:34:18,365 - WARNING - [MainThread] UM.Qt.QtApplication.__onQmlWarning [448]: file:///C:/Program Files/UltiMaker Cura 5.10.1/share/cura/resources/qml/PrintSetupSelector/Custom/CustomPrintSetup.qml:28: TypeError: Cannot read property 'top' of null
2025-07-05 12:34:18,365 - WARNING - [MainThread] UM.Qt.QtApplication.__onQmlWarning [448]: file:///C:/Program Files/UltiMaker Cura 5.10.1/share/cura/resources/qml/PrintSetupSelector/Custom/CustomPrintSetup.qml:30: TypeError: Cannot read property 'left' of null
2025-07-05 12:34:18,365 - WARNING - [MainThread] UM.Qt.QtApplication.__onQmlWarning [448]: file:///C:/Program Files/UltiMaker Cura 5.10.1/share/cura/resources/qml/PrintSetupSelector/Custom/CustomPrintSetup.qml:31: TypeError: Cannot read property 'padding' of null
2025-07-05 12:34:18,365 - WARNING - [MainThread] UM.Qt.QtApplication.__onQmlWarning [448]: file:///C:/Program Files/UltiMaker Cura 5.10.1/share/cura/resources/qml/PrintSetupSelector/Custom/CustomPrintSetup.qml:32: TypeError: Cannot read property 'right' of null
2025-07-05 12:34:18,365 - WARNING - [MainThread] UM.Qt.QtApplication.__onQmlWarning [448]: file:///C:/Program Files/UltiMaker Cura 5.10.1/share/cura/resources/qml/PrintSetupSelector/Custom/CustomPrintSetup.qml:33: TypeError: Cannot read property 'padding' of null
2025-07-05 12:34:18,365 - WARNING - [MainThread] UM.Qt.QtApplication.__onQmlWarning [448]: file:///C:/Program Files/UltiMaker Cura 5.10.1/share/cura/resources/qml/PrintSetupSelector/Custom/CustomPrintSetup.qml:187: TypeError: Cannot read property 'left' of null
2025-07-05 12:34:18,366 - WARNING - [MainThread] UM.Qt.QtApplication.__onQmlWarning [448]: file:///C:/Program Files/UltiMaker Cura 5.10.1/share/cura/resources/qml/PrintSetupSelector/Custom/CustomPrintSetup.qml:188: TypeError: Cannot read property 'padding' of null
2025-07-05 12:34:18,366 - WARNING - [MainThread] UM.Qt.QtApplication.__onQmlWarning [448]: file:///C:/Program Files/UltiMaker Cura 5.10.1/share/cura/resources/qml/PrintSetupSelector/Custom/CustomPrintSetup.qml:189: TypeError: Cannot read property 'right' of null
2025-07-05 12:34:18,367 - WARNING - [MainThread] UM.Qt.QtApplication.__onQmlWarning [448]: file:///C:/Program Files/UltiMaker Cura 5.10.1/share/cura/resources/qml/PrintSetupSelector/Custom/CustomPrintSetup.qml:190: TypeError: Cannot read property 'padding' of null
2025-07-05 12:34:18,367 - WARNING - [MainThread] UM.Qt.QtApplication.__onQmlWarning [448]: file:///C:/Program Files/UltiMaker Cura 5.10.1/share/cura/resources/qml/PrintSetupSelector/Custom/CustomPrintSetup.qml:248: TypeError: Cannot read property 'left' of null
2025-07-05 12:34:18,367 - WARNING - [MainThread] UM.Qt.QtApplication.__onQmlWarning [448]: file:///C:/Program Files/UltiMaker Cura 5.10.1/share/cura/resources/qml/PrintSetupSelector/Custom/CustomPrintSetup.qml:249: TypeError: Cannot read property 'padding' of null
2025-07-05 12:34:18,367 - WARNING - [MainThread] UM.Qt.QtApplication.__onQmlWarning [448]: file:///C:/Program Files/UltiMaker Cura 5.10.1/share/cura/resources/qml/PrintSetupSelector/Custom/CustomPrintSetup.qml:250: TypeError: Cannot read property 'right' of null
2025-07-05 12:34:18,368 - WARNING - [MainThread] UM.Qt.QtApplication.__onQmlWarning [448]: file:///C:/Program Files/UltiMaker Cura 5.10.1/share/cura/resources/qml/PrintSetupSelector/Custom/CustomPrintSetup.qml:251: TypeError: Cannot read property 'padding' of null
2025-07-05 12:34:18,368 - WARNING - [MainThread] UM.Qt.QtApplication.__onQmlWarning [448]: file:///C:/Program Files/UltiMaker Cura 5.10.1/share/cura/resources/qml/PrintSetupSelector/Custom/CustomPrintSetup.qml:252: TypeError: Cannot read property 'bottom' of null
2025-07-05 12:34:18,369 - WARNING - [MainThread] UM.Qt.QtApplication.__onQmlWarning [448]: file:///C:/Users/angelo/AppData/Roaming/cura/5.10/plugins/TabbedSettingsPlugin/TabbedSettingsPlugin/resources/qml/TabbedSettingsView.qml:660:5: QML Connections: Implicitly defined onFoo properties in Connections are deprecated. Use this syntax instead: function onFoo(<arguments>) { ... }
2025-07-05 12:34:18,371 - DEBUG - [MainThread] UM.Controller.setActiveStage [180]: Setting active stage to PrepareStage
2025-07-05 12:34:18,434 - DEBUG - [MainThread] cura.Machines.Models.NozzleModel._update [28]: Updating NozzleModel.
2025-07-05 12:34:18,435 - WARNING - [MainThread] UM.Qt.QtApplication.__onQmlWarning [448]: file:///C:/Program Files/UltiMaker Cura 5.10.1/share/cura/resources/qml/Menus/ConfigurationMenu/ConfigurationMenu.qml:278: TypeError: Cannot read property 'hasRemoteConnection' of null
2025-07-05 12:34:18,478 - WARNING - [MainThread] UM.Qt.QtApplication.__onQmlWarning [448]: file:///C:/Program Files/UltiMaker Cura 5.10.1/share/cura/resources/qml/Menus/ConfigurationMenu/CustomConfiguration.qml:194: TypeError: Cannot read property 'isEnabled' of null
2025-07-05 12:34:18,508 - DEBUG - [MainThread] UM.Controller.setActiveView [108]: Setting active view to SolidView
2025-07-05 12:34:18,519 - DEBUG - [MainThread] ModelChecker.ModelChecker._createView [118]: Creating model checker view.
2025-07-05 12:34:18,524 - DEBUG - [MainThread] ModelChecker.ModelChecker._createView [127]: Model checker view created.
2025-07-05 12:34:18,525 - DEBUG - [MainThread] SliceInfoPlugin.SliceInfo._createDialog [88]: Creating dialog [MoreInfoWindow.qml]
2025-07-05 12:34:19,304 - DEBUG - [MainThread] cura.CuraApplication.run [940]: Booting Cura took 9.675698518753052 seconds
2025-07-05 12:34:19,306 - DEBUG - [JobQueueWorker [1]] cura.Machines.ContainerTree.run [174]: Started background loading of MachineNodes
2025-07-05 12:34:19,306 - DEBUG - [JobQueueWorker [1]] cura.Machines.ContainerTree.run [185]: All MachineNode loading completed
2025-07-05 12:34:19,308 - DEBUG - [MainThread] UM.Backend.Backend._onSocketError [260]: Socket was unable to bind to port, increasing port number to 49874
2025-07-05 12:34:19,310 - DEBUG - [MainThread] UM.Backend.Backend._createSocket [297]: Previous socket existed. Closing that first.
2025-07-05 12:34:19,312 - DEBUG - [MainThread] CuraEngineBackend.CuraEngineBackend._terminate [434]: Attempting to kill the engine process
2025-07-05 12:34:19,315 - DEBUG - [MainThread] UM.Backend.Backend._createSocket [297]: Previous socket existed. Closing that first.
2025-07-05 12:34:19,329 - DEBUG - [MainThread] cura.Machines.Models.IntentSelectionModel._update [74]: Updating IntentSelectionModel.
2025-07-05 12:34:19,332 - DEBUG - [MainThread] cura.Machines.Models.IntentSelectionModel._update [79]: No active GlobalStack, set quality profile model as empty.
2025-07-05 12:34:19,335 - DEBUG - [MainThread] cura.Machines.Models.CustomQualityProfilesDropDownMenuModel._update [33]: Updating CustomQualityProfilesDropDownMenuModel.
2025-07-05 12:34:19,335 - DEBUG - [MainThread] cura.Machines.Models.CustomQualityProfilesDropDownMenuModel._update [38]: No active GlobalStack, set CustomQualityProfilesDropDownMenuModel as empty.
2025-07-05 12:34:19,345 - DEBUG - [MainThread] UM.Backend.Backend._onSocketError [260]: Socket was unable to bind to port, increasing port number to 49875
2025-07-05 12:34:19,346 - DEBUG - [MainThread] UM.Backend.Backend._createSocket [297]: Previous socket existed. Closing that first.
2025-07-05 12:34:19,349 - DEBUG - [MainThread] CuraEngineBackend.CuraEngineBackend._terminate [434]: Attempting to kill the engine process
2025-07-05 12:34:19,351 - DEBUG - [MainThread] UM.Backend.Backend._createSocket [297]: Previous socket existed. Closing that first.
2025-07-05 12:34:19,356 - DEBUG - [MainThread] UM.Backend.Backend._onSocketError [260]: Socket was unable to bind to port, increasing port number to 49876
2025-07-05 12:34:19,359 - DEBUG - [MainThread] UM.Backend.Backend._createSocket [297]: Previous socket existed. Closing that first.
2025-07-05 12:34:19,362 - DEBUG - [MainThread] CuraEngineBackend.CuraEngineBackend._terminate [434]: Attempting to kill the engine process
2025-07-05 12:34:19,364 - DEBUG - [MainThread] UM.Backend.Backend._createSocket [297]: Previous socket existed. Closing that first.
2025-07-05 12:34:19,369 - DEBUG - [MainThread] UM.Backend.Backend._onSocketError [260]: Socket was unable to bind to port, increasing port number to 49877
2025-07-05 12:34:19,370 - DEBUG - [MainThread] UM.Backend.Backend._createSocket [297]: Previous socket existed. Closing that first.
2025-07-05 12:34:19,373 - DEBUG - [MainThread] CuraEngineBackend.CuraEngineBackend._terminate [434]: Attempting to kill the engine process
2025-07-05 12:34:19,374 - DEBUG - [MainThread] UM.Backend.Backend._createSocket [297]: Previous socket existed. Closing that first.
2025-07-05 12:34:19,379 - DEBUG - [MainThread] UM.Backend.Backend._onSocketError [260]: Socket was unable to bind to port, increasing port number to 49878
2025-07-05 12:34:19,380 - DEBUG - [MainThread] UM.Backend.Backend._createSocket [297]: Previous socket existed. Closing that first.
2025-07-05 12:34:19,384 - DEBUG - [MainThread] CuraEngineBackend.CuraEngineBackend._terminate [434]: Attempting to kill the engine process
2025-07-05 12:34:19,386 - DEBUG - [MainThread] UM.Backend.Backend._createSocket [297]: Previous socket existed. Closing that first.
2025-07-05 12:34:19,390 - DEBUG - [MainThread] UM.Backend.Backend._onSocketError [260]: Socket was unable to bind to port, increasing port number to 49879
2025-07-05 12:34:19,390 - DEBUG - [MainThread] UM.Backend.Backend._createSocket [297]: Previous socket existed. Closing that first.
2025-07-05 12:34:19,393 - DEBUG - [MainThread] CuraEngineBackend.CuraEngineBackend._terminate [434]: Attempting to kill the engine process
2025-07-05 12:34:19,396 - DEBUG - [MainThread] UM.Backend.Backend._createSocket [297]: Previous socket existed. Closing that first.
2025-07-05 12:34:19,400 - DEBUG - [MainThread] UM.Backend.Backend._onSocketError [260]: Socket was unable to bind to port, increasing port number to 49880
2025-07-05 12:34:19,401 - DEBUG - [MainThread] UM.Backend.Backend._createSocket [297]: Previous socket existed. Closing that first.
2025-07-05 12:34:19,404 - DEBUG - [MainThread] CuraEngineBackend.CuraEngineBackend._terminate [434]: Attempting to kill the engine process
2025-07-05 12:34:19,405 - DEBUG - [MainThread] UM.Backend.Backend._createSocket [297]: Previous socket existed. Closing that first.
2025-07-05 12:34:19,411 - DEBUG - [MainThread] UM.Backend.Backend._onSocketError [260]: Socket was unable to bind to port, increasing port number to 49881
2025-07-05 12:34:19,412 - DEBUG - [MainThread] UM.Backend.Backend._createSocket [297]: Previous socket existed. Closing that first.
2025-07-05 12:34:19,416 - DEBUG - [MainThread] CuraEngineBackend.CuraEngineBackend._terminate [434]: Attempting to kill the engine process
2025-07-05 12:34:19,419 - DEBUG - [MainThread] UM.Backend.Backend._createSocket [297]: Previous socket existed. Closing that first.
2025-07-05 12:34:19,424 - DEBUG - [MainThread] UM.Backend.Backend._onSocketError [260]: Socket was unable to bind to port, increasing port number to 49882
2025-07-05 12:34:19,426 - DEBUG - [MainThread] UM.Backend.Backend._createSocket [297]: Previous socket existed. Closing that first.
2025-07-05 12:34:19,429 - DEBUG - [MainThread] CuraEngineBackend.CuraEngineBackend._terminate [434]: Attempting to kill the engine process
2025-07-05 12:34:19,431 - DEBUG - [MainThread] UM.Backend.Backend._createSocket [297]: Previous socket existed. Closing that first.
2025-07-05 12:34:19,439 - DEBUG - [MainThread] UM.Backend.Backend._onSocketError [260]: Socket was unable to bind to port, increasing port number to 49883
2025-07-05 12:34:19,441 - DEBUG - [MainThread] UM.Backend.Backend._createSocket [297]: Previous socket existed. Closing that first.
2025-07-05 12:34:19,444 - DEBUG - [MainThread] CuraEngineBackend.CuraEngineBackend._terminate [434]: Attempting to kill the engine process
2025-07-05 12:34:19,446 - DEBUG - [MainThread] UM.Backend.Backend._createSocket [297]: Previous socket existed. Closing that first.
2025-07-05 12:34:19,771 - DEBUG - [MainThread] UM.View.GL.OpenGL.__init__ [121]: Initialized OpenGL subsystems.
2025-07-05 12:34:19,774 - DEBUG - [MainThread] UM.View.GL.OpenGL.__init__ [122]: OpenGL Version:  4.1.0 Core Profile Context 25.5.1.250226
2025-07-05 12:34:19,775 - DEBUG - [MainThread] UM.View.GL.OpenGL.__init__ [123]: OpenGL Vendor:   ATI Technologies Inc.
2025-07-05 12:34:19,776 - DEBUG - [MainThread] UM.View.GL.OpenGL.__init__ [124]: OpenGL Renderer: AMD Radeon(TM) Graphics
2025-07-05 12:34:19,777 - DEBUG - [MainThread] UM.View.GL.OpenGL.__init__ [125]: GLSL Version:    4.60.0
2025-07-05 12:34:19,782 - DEBUG - [MainThread] UM.Qt.QtRenderer._initialize [211]: Support for Vertex Array Objects: True
2025-07-05 12:34:19,785 - DEBUG - [MainThread] UM.View.GL.ShaderProgram.load [61]: Loading [C:\Program Files\UltiMaker Cura 5.10.1\share\uranium\resources\shaders\default.shader]...
2025-07-05 12:34:19,835 - DEBUG - [MainThread] UM.View.GL.ShaderProgram.load [61]: Loading [C:\Program Files\UltiMaker Cura 5.10.1\share\uranium\resources\shaders\selection.shader]...
2025-07-05 12:34:19,845 - DEBUG - [MainThread] UM.View.GL.ShaderProgram.load [61]: Loading [C:\Program Files\UltiMaker Cura 5.10.1\share\uranium\resources\shaders\select_face.shader]...
2025-07-05 12:34:19,855 - DEBUG - [MainThread] UM.View.GL.ShaderProgram.load [61]: Loading [C:\Program Files\UltiMaker Cura 5.10.1\share\uranium\resources\shaders\default.shader]...
2025-07-05 12:34:19,860 - DEBUG - [MainThread] UM.View.GL.ShaderProgram.load [61]: Loading [C:\Program Files\UltiMaker Cura 5.10.1\share\uranium\resources\shaders\composite.shader]...
2025-07-05 12:34:19,871 - DEBUG - [MainThread] UM.View.GL.ShaderProgram.load [61]: Loading [C:\Program Files\UltiMaker Cura 5.10.1\share\cura\resources\shaders\overhang.shader]...
2025-07-05 12:34:19,878 - DEBUG - [MainThread] UM.View.GL.ShaderProgram.load [61]: Loading [C:\Program Files\UltiMaker Cura 5.10.1\share\cura\resources\shaders\striped.shader]...
2025-07-05 12:34:19,885 - DEBUG - [MainThread] UM.View.GL.ShaderProgram.load [61]: Loading [C:\Program Files\UltiMaker Cura 5.10.1\share\cura\resources\shaders\transparent_object.shader]...
2025-07-05 12:34:19,891 - DEBUG - [MainThread] UM.View.GL.ShaderProgram.load [61]: Loading [C:\Program Files\UltiMaker Cura 5.10.1\share\cura\resources\shaders\striped.shader]...
2025-07-05 12:34:19,895 - DEBUG - [MainThread] UM.View.GL.ShaderProgram.load [61]: Loading [C:\Program Files\UltiMaker Cura 5.10.1\share\cura\resources\shaders\xray.shader]...
2025-07-05 12:34:19,900 - DEBUG - [MainThread] UM.View.GL.ShaderProgram.load [61]: Loading [C:\Program Files\UltiMaker Cura 5.10.1\share\cura\resources\shaders\xray_composite.shader]...
2025-07-05 12:34:19,913 - DEBUG - [MainThread] UM.View.GL.ShaderProgram.load [61]: Loading [C:\Program Files\UltiMaker Cura 5.10.1\share\uranium\resources\shaders\platform.shader]...
2025-07-05 12:34:19,922 - DEBUG - [MainThread] UM.View.GL.ShaderProgram.load [61]: Loading [C:\Program Files\UltiMaker Cura 5.10.1\share\cura\resources\shaders\xray.shader]...
2025-07-05 12:34:20,024 - DEBUG - [MainThread] UM.Backend.Backend._onSocketError [260]: Socket was unable to bind to port, increasing port number to 49884
2025-07-05 12:34:20,027 - DEBUG - [MainThread] UM.Backend.Backend._createSocket [297]: Previous socket existed. Closing that first.
2025-07-05 12:34:20,039 - DEBUG - [MainThread] CuraEngineBackend.CuraEngineBackend._terminate [434]: Attempting to kill the engine process
2025-07-05 12:34:20,040 - DEBUG - [MainThread] UM.Backend.Backend._createSocket [297]: Previous socket existed. Closing that first.
2025-07-05 12:34:20,115 - DEBUG - [MainThread] UM.Backend.Backend._onSocketError [260]: Socket was unable to bind to port, increasing port number to 49885
2025-07-05 12:34:20,117 - DEBUG - [MainThread] UM.Backend.Backend._createSocket [297]: Previous socket existed. Closing that first.
2025-07-05 12:34:20,121 - DEBUG - [MainThread] CuraEngineBackend.CuraEngineBackend._terminate [434]: Attempting to kill the engine process
2025-07-05 12:34:20,123 - DEBUG - [MainThread] UM.Backend.Backend._createSocket [297]: Previous socket existed. Closing that first.
2025-07-05 12:34:20,142 - DEBUG - [MainThread] UM.Backend.Backend._onSocketError [260]: Socket was unable to bind to port, increasing port number to 49886
2025-07-05 12:34:20,143 - DEBUG - [MainThread] UM.Backend.Backend._createSocket [297]: Previous socket existed. Closing that first.
2025-07-05 12:34:20,147 - DEBUG - [MainThread] CuraEngineBackend.CuraEngineBackend._terminate [434]: Attempting to kill the engine process
2025-07-05 12:34:20,149 - DEBUG - [MainThread] UM.Backend.Backend._createSocket [297]: Previous socket existed. Closing that first.
2025-07-05 12:34:20,166 - DEBUG - [MainThread] UM.Backend.Backend._onSocketError [260]: Socket was unable to bind to port, increasing port number to 49887
2025-07-05 12:34:20,167 - DEBUG - [MainThread] UM.Backend.Backend._createSocket [297]: Previous socket existed. Closing that first.
2025-07-05 12:34:20,170 - DEBUG - [MainThread] CuraEngineBackend.CuraEngineBackend._terminate [434]: Attempting to kill the engine process
2025-07-05 12:34:20,172 - DEBUG - [MainThread] UM.Backend.Backend._createSocket [297]: Previous socket existed. Closing that first.
2025-07-05 12:34:20,179 - DEBUG - [MainThread] UM.Backend.Backend._onSocketError [260]: Socket was unable to bind to port, increasing port number to 49888
2025-07-05 12:34:20,180 - DEBUG - [MainThread] UM.Backend.Backend._createSocket [297]: Previous socket existed. Closing that first.
2025-07-05 12:34:20,184 - DEBUG - [MainThread] CuraEngineBackend.CuraEngineBackend._terminate [434]: Attempting to kill the engine process
2025-07-05 12:34:20,187 - DEBUG - [MainThread] UM.Backend.Backend._createSocket [297]: Previous socket existed. Closing that first.
2025-07-05 12:34:20,194 - DEBUG - [MainThread] UM.Backend.Backend._onSocketError [260]: Socket was unable to bind to port, increasing port number to 49889
2025-07-05 12:34:20,195 - DEBUG - [MainThread] UM.Backend.Backend._createSocket [297]: Previous socket existed. Closing that first.
2025-07-05 12:34:20,199 - DEBUG - [MainThread] CuraEngineBackend.CuraEngineBackend._terminate [434]: Attempting to kill the engine process
2025-07-05 12:34:20,201 - DEBUG - [MainThread] UM.Backend.Backend._createSocket [297]: Previous socket existed. Closing that first.
2025-07-05 12:34:20,206 - DEBUG - [MainThread] UM.Backend.Backend._onSocketError [260]: Socket was unable to bind to port, increasing port number to 49890
2025-07-05 12:34:20,207 - DEBUG - [MainThread] UM.Backend.Backend._createSocket [297]: Previous socket existed. Closing that first.
2025-07-05 12:34:20,210 - DEBUG - [MainThread] CuraEngineBackend.CuraEngineBackend._terminate [434]: Attempting to kill the engine process
2025-07-05 12:34:20,213 - DEBUG - [MainThread] UM.Backend.Backend._createSocket [297]: Previous socket existed. Closing that first.
2025-07-05 12:34:20,220 - DEBUG - [MainThread] UM.Backend.Backend._onSocketError [260]: Socket was unable to bind to port, increasing port number to 49891
2025-07-05 12:34:20,222 - DEBUG - [MainThread] UM.Backend.Backend._createSocket [297]: Previous socket existed. Closing that first.
2025-07-05 12:34:20,227 - DEBUG - [MainThread] CuraEngineBackend.CuraEngineBackend._terminate [434]: Attempting to kill the engine process
2025-07-05 12:34:20,230 - DEBUG - [MainThread] UM.Backend.Backend._createSocket [297]: Previous socket existed. Closing that first.
2025-07-05 12:34:20,237 - DEBUG - [MainThread] UM.Backend.Backend._onSocketError [260]: Socket was unable to bind to port, increasing port number to 49892
2025-07-05 12:34:20,238 - DEBUG - [MainThread] UM.Backend.Backend._createSocket [297]: Previous socket existed. Closing that first.
2025-07-05 12:34:20,242 - DEBUG - [MainThread] CuraEngineBackend.CuraEngineBackend._terminate [434]: Attempting to kill the engine process
2025-07-05 12:34:20,243 - DEBUG - [MainThread] UM.Backend.Backend._createSocket [297]: Previous socket existed. Closing that first.
2025-07-05 12:34:20,250 - DEBUG - [MainThread] UM.Backend.Backend._onSocketError [260]: Socket was unable to bind to port, increasing port number to 49893
2025-07-05 12:34:20,250 - DEBUG - [MainThread] UM.Backend.Backend._createSocket [297]: Previous socket existed. Closing that first.
2025-07-05 12:34:20,255 - DEBUG - [MainThread] CuraEngineBackend.CuraEngineBackend._terminate [434]: Attempting to kill the engine process
2025-07-05 12:34:20,256 - DEBUG - [MainThread] UM.Backend.Backend._createSocket [297]: Previous socket existed. Closing that first.
2025-07-05 12:34:20,262 - DEBUG - [MainThread] UM.Backend.Backend._onSocketError [260]: Socket was unable to bind to port, increasing port number to 49894
2025-07-05 12:34:20,264 - DEBUG - [MainThread] UM.Backend.Backend._createSocket [297]: Previous socket existed. Closing that first.
2025-07-05 12:34:20,273 - DEBUG - [MainThread] CuraEngineBackend.CuraEngineBackend._terminate [434]: Attempting to kill the engine process
2025-07-05 12:34:20,278 - DEBUG - [MainThread] UM.Backend.Backend._createSocket [297]: Previous socket existed. Closing that first.
2025-07-05 12:34:20,286 - DEBUG - [MainThread] UM.Backend.Backend._onSocketError [260]: Socket was unable to bind to port, increasing port number to 49895
2025-07-05 12:34:20,287 - DEBUG - [MainThread] UM.Backend.Backend._createSocket [297]: Previous socket existed. Closing that first.
2025-07-05 12:34:20,291 - DEBUG - [MainThread] CuraEngineBackend.CuraEngineBackend._terminate [434]: Attempting to kill the engine process
2025-07-05 12:34:20,292 - DEBUG - [MainThread] UM.Backend.Backend._createSocket [297]: Previous socket existed. Closing that first.
2025-07-05 12:34:20,297 - DEBUG - [MainThread] UM.Backend.Backend._onSocketError [260]: Socket was unable to bind to port, increasing port number to 49896
2025-07-05 12:34:20,298 - DEBUG - [MainThread] UM.Backend.Backend._createSocket [297]: Previous socket existed. Closing that first.
2025-07-05 12:34:20,301 - DEBUG - [MainThread] CuraEngineBackend.CuraEngineBackend._terminate [434]: Attempting to kill the engine process
2025-07-05 12:34:20,302 - DEBUG - [MainThread] UM.Backend.Backend._createSocket [297]: Previous socket existed. Closing that first.
2025-07-05 12:34:20,306 - DEBUG - [MainThread] UM.Backend.Backend._onSocketError [260]: Socket was unable to bind to port, increasing port number to 49897
2025-07-05 12:34:20,308 - DEBUG - [MainThread] UM.Backend.Backend._createSocket [297]: Previous socket existed. Closing that first.
2025-07-05 12:34:20,311 - DEBUG - [MainThread] CuraEngineBackend.CuraEngineBackend._terminate [434]: Attempting to kill the engine process
2025-07-05 12:34:20,313 - DEBUG - [MainThread] UM.Backend.Backend._createSocket [297]: Previous socket existed. Closing that first.
2025-07-05 12:34:20,319 - DEBUG - [MainThread] UM.Backend.Backend._onSocketError [260]: Socket was unable to bind to port, increasing port number to 49898
2025-07-05 12:34:20,320 - DEBUG - [MainThread] UM.Backend.Backend._createSocket [297]: Previous socket existed. Closing that first.
2025-07-05 12:34:20,325 - DEBUG - [MainThread] CuraEngineBackend.CuraEngineBackend._terminate [434]: Attempting to kill the engine process
2025-07-05 12:34:20,327 - DEBUG - [MainThread] UM.Backend.Backend._createSocket [297]: Previous socket existed. Closing that first.
2025-07-05 12:34:20,332 - DEBUG - [MainThread] UM.Backend.Backend._onSocketError [260]: Socket was unable to bind to port, increasing port number to 49899
2025-07-05 12:34:20,333 - DEBUG - [MainThread] UM.Backend.Backend._createSocket [297]: Previous socket existed. Closing that first.
2025-07-05 12:34:20,336 - DEBUG - [MainThread] CuraEngineBackend.CuraEngineBackend._terminate [434]: Attempting to kill the engine process
2025-07-05 12:34:20,339 - DEBUG - [MainThread] UM.Backend.Backend._createSocket [297]: Previous socket existed. Closing that first.
2025-07-05 12:34:20,344 - DEBUG - [MainThread] UM.Backend.Backend._onSocketError [260]: Socket was unable to bind to port, increasing port number to 49900
2025-07-05 12:34:20,345 - DEBUG - [MainThread] UM.Backend.Backend._createSocket [297]: Previous socket existed. Closing that first.
2025-07-05 12:34:20,349 - DEBUG - [MainThread] CuraEngineBackend.CuraEngineBackend._terminate [434]: Attempting to kill the engine process
2025-07-05 12:34:20,350 - DEBUG - [MainThread] UM.Backend.Backend._createSocket [297]: Previous socket existed. Closing that first.
2025-07-05 12:34:20,358 - DEBUG - [MainThread] UM.Backend.Backend._onSocketError [260]: Socket was unable to bind to port, increasing port number to 49901
2025-07-05 12:34:20,360 - DEBUG - [MainThread] UM.Backend.Backend._createSocket [297]: Previous socket existed. Closing that first.
2025-07-05 12:34:20,365 - DEBUG - [MainThread] CuraEngineBackend.CuraEngineBackend._terminate [434]: Attempting to kill the engine process
2025-07-05 12:34:20,366 - DEBUG - [MainThread] UM.Backend.Backend._createSocket [297]: Previous socket existed. Closing that first.
2025-07-05 12:34:20,372 - DEBUG - [MainThread] UM.Backend.Backend._onSocketError [260]: Socket was unable to bind to port, increasing port number to 49902
2025-07-05 12:34:20,373 - DEBUG - [MainThread] UM.Backend.Backend._createSocket [297]: Previous socket existed. Closing that first.
2025-07-05 12:34:20,377 - DEBUG - [MainThread] CuraEngineBackend.CuraEngineBackend._terminate [434]: Attempting to kill the engine process
2025-07-05 12:34:20,379 - DEBUG - [MainThread] UM.Backend.Backend._createSocket [297]: Previous socket existed. Closing that first.
2025-07-05 12:34:20,386 - DEBUG - [MainThread] UM.Backend.Backend._onSocketError [260]: Socket was unable to bind to port, increasing port number to 49903
2025-07-05 12:34:20,388 - DEBUG - [MainThread] UM.Backend.Backend._createSocket [297]: Previous socket existed. Closing that first.
2025-07-05 12:34:20,393 - DEBUG - [MainThread] CuraEngineBackend.CuraEngineBackend._terminate [434]: Attempting to kill the engine process
2025-07-05 12:34:20,394 - DEBUG - [MainThread] UM.Backend.Backend._createSocket [297]: Previous socket existed. Closing that first.
2025-07-05 12:34:20,404 - DEBUG - [MainThread] UM.Backend.Backend._onSocketError [260]: Socket was unable to bind to port, increasing port number to 49904
2025-07-05 12:34:20,407 - DEBUG - [MainThread] UM.Backend.Backend._createSocket [297]: Previous socket existed. Closing that first.
2025-07-05 12:34:20,411 - DEBUG - [MainThread] CuraEngineBackend.CuraEngineBackend._terminate [434]: Attempting to kill the engine process
2025-07-05 12:34:20,429 - DEBUG - [MainThread] UM.Backend.Backend._createSocket [297]: Previous socket existed. Closing that first.
2025-07-05 12:34:20,436 - DEBUG - [MainThread] UM.Backend.Backend._onSocketError [260]: Socket was unable to bind to port, increasing port number to 49905
2025-07-05 12:34:20,440 - DEBUG - [MainThread] UM.Backend.Backend._createSocket [297]: Previous socket existed. Closing that first.
2025-07-05 12:34:20,445 - DEBUG - [MainThread] CuraEngineBackend.CuraEngineBackend._terminate [434]: Attempting to kill the engine process
2025-07-05 12:34:20,447 - DEBUG - [MainThread] UM.Backend.Backend._createSocket [297]: Previous socket existed. Closing that first.
2025-07-05 12:34:20,459 - DEBUG - [MainThread] UM.Backend.Backend._onSocketError [260]: Socket was unable to bind to port, increasing port number to 49906
2025-07-05 12:34:20,460 - DEBUG - [MainThread] UM.Backend.Backend._createSocket [297]: Previous socket existed. Closing that first.
2025-07-05 12:34:20,466 - DEBUG - [MainThread] CuraEngineBackend.CuraEngineBackend._terminate [434]: Attempting to kill the engine process
2025-07-05 12:34:20,472 - DEBUG - [MainThread] UM.Backend.Backend._createSocket [297]: Previous socket existed. Closing that first.
2025-07-05 12:34:20,484 - DEBUG - [MainThread] UM.Backend.Backend._onSocketError [260]: Socket was unable to bind to port, increasing port number to 49907
2025-07-05 12:34:20,486 - DEBUG - [MainThread] UM.Backend.Backend._createSocket [297]: Previous socket existed. Closing that first.
2025-07-05 12:34:20,495 - DEBUG - [MainThread] CuraEngineBackend.CuraEngineBackend._terminate [434]: Attempting to kill the engine process
2025-07-05 12:34:20,497 - DEBUG - [MainThread] UM.Backend.Backend._createSocket [297]: Previous socket existed. Closing that first.
2025-07-05 12:34:20,504 - DEBUG - [MainThread] UM.Backend.Backend._onSocketError [260]: Socket was unable to bind to port, increasing port number to 49908
2025-07-05 12:34:20,506 - DEBUG - [MainThread] UM.Backend.Backend._createSocket [297]: Previous socket existed. Closing that first.
2025-07-05 12:34:20,510 - DEBUG - [MainThread] CuraEngineBackend.CuraEngineBackend._terminate [434]: Attempting to kill the engine process
2025-07-05 12:34:20,512 - DEBUG - [MainThread] UM.Backend.Backend._createSocket [297]: Previous socket existed. Closing that first.
2025-07-05 12:34:20,519 - DEBUG - [MainThread] UM.Backend.Backend._onSocketError [260]: Socket was unable to bind to port, increasing port number to 49909
2025-07-05 12:34:20,521 - DEBUG - [MainThread] UM.Backend.Backend._createSocket [297]: Previous socket existed. Closing that first.
2025-07-05 12:34:20,526 - DEBUG - [MainThread] CuraEngineBackend.CuraEngineBackend._terminate [434]: Attempting to kill the engine process
2025-07-05 12:34:20,529 - DEBUG - [MainThread] UM.Backend.Backend._createSocket [297]: Previous socket existed. Closing that first.
2025-07-05 12:34:20,536 - DEBUG - [MainThread] UM.Backend.Backend._onSocketError [260]: Socket was unable to bind to port, increasing port number to 49910
2025-07-05 12:34:20,538 - DEBUG - [MainThread] UM.Backend.Backend._createSocket [297]: Previous socket existed. Closing that first.
2025-07-05 12:34:20,541 - DEBUG - [MainThread] CuraEngineBackend.CuraEngineBackend._terminate [434]: Attempting to kill the engine process
2025-07-05 12:34:20,545 - DEBUG - [MainThread] UM.Backend.Backend._createSocket [297]: Previous socket existed. Closing that first.
2025-07-05 12:34:20,551 - DEBUG - [MainThread] UM.Backend.Backend._onSocketError [260]: Socket was unable to bind to port, increasing port number to 49911
2025-07-05 12:34:20,552 - DEBUG - [MainThread] UM.Backend.Backend._createSocket [297]: Previous socket existed. Closing that first.
2025-07-05 12:34:20,555 - DEBUG - [MainThread] CuraEngineBackend.CuraEngineBackend._terminate [434]: Attempting to kill the engine process
2025-07-05 12:34:20,559 - DEBUG - [MainThread] UM.Backend.Backend._createSocket [297]: Previous socket existed. Closing that first.
2025-07-05 12:34:20,565 - DEBUG - [MainThread] UM.Backend.Backend._onSocketError [260]: Socket was unable to bind to port, increasing port number to 49912
2025-07-05 12:34:20,566 - DEBUG - [MainThread] UM.Backend.Backend._createSocket [297]: Previous socket existed. Closing that first.
2025-07-05 12:34:20,571 - DEBUG - [MainThread] CuraEngineBackend.CuraEngineBackend._terminate [434]: Attempting to kill the engine process
2025-07-05 12:34:20,573 - DEBUG - [MainThread] UM.Backend.Backend._createSocket [297]: Previous socket existed. Closing that first.
2025-07-05 12:34:20,579 - DEBUG - [MainThread] UM.Backend.Backend._onSocketError [260]: Socket was unable to bind to port, increasing port number to 49913
2025-07-05 12:34:20,581 - DEBUG - [MainThread] UM.Backend.Backend._createSocket [297]: Previous socket existed. Closing that first.
2025-07-05 12:34:20,585 - DEBUG - [MainThread] CuraEngineBackend.CuraEngineBackend._terminate [434]: Attempting to kill the engine process
2025-07-05 12:34:20,587 - DEBUG - [MainThread] UM.Backend.Backend._createSocket [297]: Previous socket existed. Closing that first.
2025-07-05 12:34:20,593 - DEBUG - [MainThread] UM.Backend.Backend._onSocketError [260]: Socket was unable to bind to port, increasing port number to 49914
2025-07-05 12:34:20,595 - DEBUG - [MainThread] UM.Backend.Backend._createSocket [297]: Previous socket existed. Closing that first.
2025-07-05 12:34:20,599 - DEBUG - [MainThread] CuraEngineBackend.CuraEngineBackend._terminate [434]: Attempting to kill the engine process
2025-07-05 12:34:20,602 - DEBUG - [MainThread] UM.Backend.Backend._createSocket [297]: Previous socket existed. Closing that first.
2025-07-05 12:34:20,608 - DEBUG - [MainThread] UM.Backend.Backend._onSocketError [260]: Socket was unable to bind to port, increasing port number to 49915
2025-07-05 12:34:20,609 - DEBUG - [MainThread] UM.Backend.Backend._createSocket [297]: Previous socket existed. Closing that first.
2025-07-05 12:34:20,613 - DEBUG - [MainThread] CuraEngineBackend.CuraEngineBackend._terminate [434]: Attempting to kill the engine process
2025-07-05 12:34:20,615 - DEBUG - [MainThread] UM.Backend.Backend._createSocket [297]: Previous socket existed. Closing that first.
2025-07-05 12:34:20,621 - DEBUG - [MainThread] UM.Backend.Backend._onSocketError [260]: Socket was unable to bind to port, increasing port number to 49916
2025-07-05 12:34:20,624 - DEBUG - [MainThread] UM.Backend.Backend._createSocket [297]: Previous socket existed. Closing that first.
2025-07-05 12:34:20,628 - DEBUG - [MainThread] CuraEngineBackend.CuraEngineBackend._terminate [434]: Attempting to kill the engine process
2025-07-05 12:34:20,630 - DEBUG - [MainThread] UM.Backend.Backend._createSocket [297]: Previous socket existed. Closing that first.
2025-07-05 12:34:20,634 - DEBUG - [MainThread] UM.Backend.Backend._onSocketError [260]: Socket was unable to bind to port, increasing port number to 49917
2025-07-05 12:34:20,635 - DEBUG - [MainThread] UM.Backend.Backend._createSocket [297]: Previous socket existed. Closing that first.
2025-07-05 12:34:20,640 - DEBUG - [MainThread] CuraEngineBackend.CuraEngineBackend._terminate [434]: Attempting to kill the engine process
2025-07-05 12:34:20,641 - DEBUG - [MainThread] UM.Backend.Backend._createSocket [297]: Previous socket existed. Closing that first.
2025-07-05 12:34:20,646 - DEBUG - [MainThread] UM.Backend.Backend._onSocketError [260]: Socket was unable to bind to port, increasing port number to 49918
2025-07-05 12:34:20,649 - DEBUG - [MainThread] UM.Backend.Backend._createSocket [297]: Previous socket existed. Closing that first.
2025-07-05 12:34:20,656 - DEBUG - [MainThread] CuraEngineBackend.CuraEngineBackend._terminate [434]: Attempting to kill the engine process
2025-07-05 12:34:20,658 - DEBUG - [MainThread] UM.Backend.Backend._createSocket [297]: Previous socket existed. Closing that first.
2025-07-05 12:34:20,663 - DEBUG - [MainThread] UM.Backend.Backend._onSocketError [260]: Socket was unable to bind to port, increasing port number to 49919
2025-07-05 12:34:20,664 - DEBUG - [MainThread] UM.Backend.Backend._createSocket [297]: Previous socket existed. Closing that first.
2025-07-05 12:34:20,668 - DEBUG - [MainThread] CuraEngineBackend.CuraEngineBackend._terminate [434]: Attempting to kill the engine process
2025-07-05 12:34:20,669 - DEBUG - [MainThread] UM.Backend.Backend._createSocket [297]: Previous socket existed. Closing that first.
2025-07-05 12:34:20,679 - DEBUG - [MainThread] UM.Backend.Backend._onSocketError [260]: Socket was unable to bind to port, increasing port number to 49920
2025-07-05 12:34:20,681 - DEBUG - [MainThread] UM.Backend.Backend._createSocket [297]: Previous socket existed. Closing that first.
2025-07-05 12:34:20,685 - DEBUG - [MainThread] CuraEngineBackend.CuraEngineBackend._terminate [434]: Attempting to kill the engine process
2025-07-05 12:34:20,687 - DEBUG - [MainThread] UM.Backend.Backend._createSocket [297]: Previous socket existed. Closing that first.
2025-07-05 12:34:20,693 - DEBUG - [MainThread] UM.Backend.Backend._onSocketError [260]: Socket was unable to bind to port, increasing port number to 49921
2025-07-05 12:34:20,697 - DEBUG - [MainThread] UM.Backend.Backend._createSocket [297]: Previous socket existed. Closing that first.
2025-07-05 12:34:20,702 - DEBUG - [MainThread] CuraEngineBackend.CuraEngineBackend._terminate [434]: Attempting to kill the engine process
2025-07-05 12:34:20,705 - DEBUG - [MainThread] UM.Backend.Backend._createSocket [297]: Previous socket existed. Closing that first.
2025-07-05 12:34:20,711 - DEBUG - [MainThread] UM.Backend.Backend._onSocketError [260]: Socket was unable to bind to port, increasing port number to 49922
2025-07-05 12:34:20,714 - DEBUG - [MainThread] UM.Backend.Backend._createSocket [297]: Previous socket existed. Closing that first.
2025-07-05 12:34:20,719 - DEBUG - [MainThread] CuraEngineBackend.CuraEngineBackend._terminate [434]: Attempting to kill the engine process
2025-07-05 12:34:20,721 - DEBUG - [MainThread] UM.Backend.Backend._createSocket [297]: Previous socket existed. Closing that first.
2025-07-05 12:34:20,729 - DEBUG - [MainThread] UM.Backend.Backend._onSocketError [260]: Socket was unable to bind to port, increasing port number to 49923
2025-07-05 12:34:20,731 - DEBUG - [MainThread] UM.Backend.Backend._createSocket [297]: Previous socket existed. Closing that first.
2025-07-05 12:34:20,734 - DEBUG - [MainThread] CuraEngineBackend.CuraEngineBackend._terminate [434]: Attempting to kill the engine process
2025-07-05 12:34:20,737 - DEBUG - [MainThread] UM.Backend.Backend._createSocket [297]: Previous socket existed. Closing that first.
2025-07-05 12:34:20,741 - DEBUG - [MainThread] UM.Backend.Backend._onSocketError [260]: Socket was unable to bind to port, increasing port number to 49924
2025-07-05 12:34:20,743 - DEBUG - [MainThread] UM.Backend.Backend._createSocket [297]: Previous socket existed. Closing that first.
2025-07-05 12:34:20,748 - DEBUG - [MainThread] CuraEngineBackend.CuraEngineBackend._terminate [434]: Attempting to kill the engine process
2025-07-05 12:34:20,751 - DEBUG - [MainThread] UM.Backend.Backend._createSocket [297]: Previous socket existed. Closing that first.
2025-07-05 12:34:20,756 - DEBUG - [MainThread] UM.Backend.Backend._onSocketError [260]: Socket was unable to bind to port, increasing port number to 49925
2025-07-05 12:34:20,757 - DEBUG - [MainThread] UM.Backend.Backend._createSocket [297]: Previous socket existed. Closing that first.
2025-07-05 12:34:20,761 - DEBUG - [MainThread] CuraEngineBackend.CuraEngineBackend._terminate [434]: Attempting to kill the engine process
2025-07-05 12:34:20,764 - DEBUG - [MainThread] UM.Backend.Backend._createSocket [297]: Previous socket existed. Closing that first.
2025-07-05 12:34:20,769 - DEBUG - [MainThread] UM.Backend.Backend._onSocketError [260]: Socket was unable to bind to port, increasing port number to 49926
2025-07-05 12:34:20,771 - DEBUG - [MainThread] UM.Backend.Backend._createSocket [297]: Previous socket existed. Closing that first.
2025-07-05 12:34:20,776 - DEBUG - [MainThread] CuraEngineBackend.CuraEngineBackend._terminate [434]: Attempting to kill the engine process
2025-07-05 12:34:20,778 - DEBUG - [MainThread] UM.Backend.Backend._createSocket [297]: Previous socket existed. Closing that first.
2025-07-05 12:34:20,784 - DEBUG - [MainThread] UM.Backend.Backend._onSocketError [260]: Socket was unable to bind to port, increasing port number to 49927
2025-07-05 12:34:20,786 - DEBUG - [MainThread] UM.Backend.Backend._createSocket [297]: Previous socket existed. Closing that first.
2025-07-05 12:34:20,789 - DEBUG - [MainThread] CuraEngineBackend.CuraEngineBackend._terminate [434]: Attempting to kill the engine process
2025-07-05 12:34:20,792 - DEBUG - [MainThread] UM.Backend.Backend._createSocket [297]: Previous socket existed. Closing that first.
2025-07-05 12:34:20,797 - DEBUG - [MainThread] UM.Backend.Backend._onSocketError [260]: Socket was unable to bind to port, increasing port number to 49928
2025-07-05 12:34:20,799 - DEBUG - [MainThread] UM.Backend.Backend._createSocket [297]: Previous socket existed. Closing that first.
2025-07-05 12:34:20,804 - DEBUG - [MainThread] CuraEngineBackend.CuraEngineBackend._terminate [434]: Attempting to kill the engine process
2025-07-05 12:34:20,806 - DEBUG - [MainThread] UM.Backend.Backend._createSocket [297]: Previous socket existed. Closing that first.
2025-07-05 12:34:20,813 - DEBUG - [MainThread] UM.Backend.Backend._onSocketError [260]: Socket was unable to bind to port, increasing port number to 49929
2025-07-05 12:34:20,813 - DEBUG - [MainThread] UM.Backend.Backend._createSocket [297]: Previous socket existed. Closing that first.
2025-07-05 12:34:20,817 - DEBUG - [MainThread] CuraEngineBackend.CuraEngineBackend._terminate [434]: Attempting to kill the engine process
2025-07-05 12:34:20,820 - DEBUG - [MainThread] UM.Backend.Backend._createSocket [297]: Previous socket existed. Closing that first.
2025-07-05 12:34:20,826 - DEBUG - [MainThread] UM.Backend.Backend._onSocketError [260]: Socket was unable to bind to port, increasing port number to 49930
2025-07-05 12:34:20,827 - DEBUG - [MainThread] UM.Backend.Backend._createSocket [297]: Previous socket existed. Closing that first.
2025-07-05 12:34:20,832 - DEBUG - [MainThread] CuraEngineBackend.CuraEngineBackend._terminate [434]: Attempting to kill the engine process
2025-07-05 12:34:20,835 - DEBUG - [MainThread] UM.Backend.Backend._createSocket [297]: Previous socket existed. Closing that first.
2025-07-05 12:34:20,844 - DEBUG - [MainThread] UM.Backend.Backend._onSocketError [260]: Socket was unable to bind to port, increasing port number to 49931
2025-07-05 12:34:20,845 - DEBUG - [MainThread] UM.Backend.Backend._createSocket [297]: Previous socket existed. Closing that first.
2025-07-05 12:34:20,850 - DEBUG - [MainThread] CuraEngineBackend.CuraEngineBackend._terminate [434]: Attempting to kill the engine process
2025-07-05 12:34:20,851 - DEBUG - [MainThread] UM.Backend.Backend._createSocket [297]: Previous socket existed. Closing that first.
2025-07-05 12:34:20,857 - DEBUG - [MainThread] UM.Backend.Backend._onSocketError [260]: Socket was unable to bind to port, increasing port number to 49932
2025-07-05 12:34:20,858 - DEBUG - [MainThread] UM.Backend.Backend._createSocket [297]: Previous socket existed. Closing that first.
2025-07-05 12:34:20,863 - DEBUG - [MainThread] CuraEngineBackend.CuraEngineBackend._terminate [434]: Attempting to kill the engine process
2025-07-05 12:34:20,865 - DEBUG - [MainThread] UM.Backend.Backend._createSocket [297]: Previous socket existed. Closing that first.
2025-07-05 12:34:20,870 - DEBUG - [MainThread] UM.Backend.Backend._onSocketError [260]: Socket was unable to bind to port, increasing port number to 49933
2025-07-05 12:34:20,873 - DEBUG - [MainThread] UM.Backend.Backend._createSocket [297]: Previous socket existed. Closing that first.
2025-07-05 12:34:20,876 - DEBUG - [MainThread] CuraEngineBackend.CuraEngineBackend._terminate [434]: Attempting to kill the engine process
2025-07-05 12:34:20,877 - DEBUG - [MainThread] UM.Backend.Backend._createSocket [297]: Previous socket existed. Closing that first.
2025-07-05 12:34:20,883 - DEBUG - [MainThread] UM.Backend.Backend._onSocketError [260]: Socket was unable to bind to port, increasing port number to 49934
2025-07-05 12:34:20,885 - DEBUG - [MainThread] UM.Backend.Backend._createSocket [297]: Previous socket existed. Closing that first.
2025-07-05 12:34:20,889 - DEBUG - [MainThread] CuraEngineBackend.CuraEngineBackend._terminate [434]: Attempting to kill the engine process
2025-07-05 12:34:20,891 - DEBUG - [MainThread] UM.Backend.Backend._createSocket [297]: Previous socket existed. Closing that first.
2025-07-05 12:34:20,897 - DEBUG - [MainThread] UM.Backend.Backend._onSocketError [260]: Socket was unable to bind to port, increasing port number to 49935
2025-07-05 12:34:20,898 - DEBUG - [MainThread] UM.Backend.Backend._createSocket [297]: Previous socket existed. Closing that first.
2025-07-05 12:34:20,902 - DEBUG - [MainThread] CuraEngineBackend.CuraEngineBackend._terminate [434]: Attempting to kill the engine process
2025-07-05 12:34:20,904 - DEBUG - [MainThread] UM.Backend.Backend._createSocket [297]: Previous socket existed. Closing that first.
2025-07-05 12:34:20,911 - DEBUG - [MainThread] UM.Backend.Backend._onSocketError [260]: Socket was unable to bind to port, increasing port number to 49936
2025-07-05 12:34:20,914 - DEBUG - [MainThread] UM.Backend.Backend._createSocket [297]: Previous socket existed. Closing that first.
2025-07-05 12:34:20,920 - DEBUG - [MainThread] CuraEngineBackend.CuraEngineBackend._terminate [434]: Attempting to kill the engine process
2025-07-05 12:34:20,923 - DEBUG - [MainThread] UM.Backend.Backend._createSocket [297]: Previous socket existed. Closing that first.
2025-07-05 12:34:20,930 - DEBUG - [MainThread] UM.Backend.Backend._onSocketError [260]: Socket was unable to bind to port, increasing port number to 49937
2025-07-05 12:34:20,931 - DEBUG - [MainThread] UM.Backend.Backend._createSocket [297]: Previous socket existed. Closing that first.
2025-07-05 12:34:20,939 - DEBUG - [MainThread] CuraEngineBackend.CuraEngineBackend._terminate [434]: Attempting to kill the engine process
2025-07-05 12:34:20,941 - DEBUG - [MainThread] UM.Backend.Backend._createSocket [297]: Previous socket existed. Closing that first.
2025-07-05 12:34:20,952 - DEBUG - [MainThread] UM.Backend.Backend._onSocketError [260]: Socket was unable to bind to port, increasing port number to 49938
2025-07-05 12:34:20,955 - DEBUG - [MainThread] UM.Backend.Backend._createSocket [297]: Previous socket existed. Closing that first.
2025-07-05 12:34:20,960 - DEBUG - [MainThread] CuraEngineBackend.CuraEngineBackend._terminate [434]: Attempting to kill the engine process
2025-07-05 12:34:20,963 - DEBUG - [MainThread] UM.Backend.Backend._createSocket [297]: Previous socket existed. Closing that first.
2025-07-05 12:34:20,987 - DEBUG - [MainThread] UM.Backend.Backend._onSocketError [260]: Socket was unable to bind to port, increasing port number to 49939
2025-07-05 12:34:20,990 - DEBUG - [MainThread] UM.Backend.Backend._createSocket [297]: Previous socket existed. Closing that first.
2025-07-05 12:34:20,994 - DEBUG - [MainThread] CuraEngineBackend.CuraEngineBackend._terminate [434]: Attempting to kill the engine process
2025-07-05 12:34:20,996 - DEBUG - [MainThread] UM.Backend.Backend._createSocket [297]: Previous socket existed. Closing that first.
2025-07-05 12:34:21,004 - DEBUG - [MainThread] UM.Backend.Backend._onSocketError [260]: Socket was unable to bind to port, increasing port number to 49940
2025-07-05 12:34:21,006 - DEBUG - [MainThread] UM.Backend.Backend._createSocket [297]: Previous socket existed. Closing that first.
2025-07-05 12:34:21,010 - DEBUG - [MainThread] CuraEngineBackend.CuraEngineBackend._terminate [434]: Attempting to kill the engine process
2025-07-05 12:34:21,014 - DEBUG - [MainThread] UM.Backend.Backend._createSocket [297]: Previous socket existed. Closing that first.
2025-07-05 12:34:21,019 - DEBUG - [MainThread] UM.Backend.Backend._onSocketError [260]: Socket was unable to bind to port, increasing port number to 49941
2025-07-05 12:34:21,021 - DEBUG - [MainThread] UM.Backend.Backend._createSocket [297]: Previous socket existed. Closing that first.
2025-07-05 12:34:21,028 - DEBUG - [MainThread] CuraEngineBackend.CuraEngineBackend._terminate [434]: Attempting to kill the engine process
2025-07-05 12:34:21,031 - DEBUG - [MainThread] UM.Backend.Backend._createSocket [297]: Previous socket existed. Closing that first.
2025-07-05 12:34:21,038 - DEBUG - [MainThread] UM.Backend.Backend._onSocketError [260]: Socket was unable to bind to port, increasing port number to 49942
2025-07-05 12:34:21,039 - DEBUG - [MainThread] UM.Backend.Backend._createSocket [297]: Previous socket existed. Closing that first.
2025-07-05 12:34:21,044 - DEBUG - [MainThread] CuraEngineBackend.CuraEngineBackend._terminate [434]: Attempting to kill the engine process
2025-07-05 12:34:21,048 - DEBUG - [MainThread] UM.Backend.Backend._createSocket [297]: Previous socket existed. Closing that first.
2025-07-05 12:34:21,056 - DEBUG - [MainThread] UM.Backend.Backend._onSocketError [260]: Socket was unable to bind to port, increasing port number to 49943
2025-07-05 12:34:21,058 - DEBUG - [MainThread] UM.Backend.Backend._createSocket [297]: Previous socket existed. Closing that first.
2025-07-05 12:34:21,063 - DEBUG - [MainThread] CuraEngineBackend.CuraEngineBackend._terminate [434]: Attempting to kill the engine process
2025-07-05 12:34:21,066 - DEBUG - [MainThread] UM.Backend.Backend._createSocket [297]: Previous socket existed. Closing that first.
2025-07-05 12:34:21,078 - DEBUG - [MainThread] UM.Backend.Backend._onSocketError [260]: Socket was unable to bind to port, increasing port number to 49944
2025-07-05 12:34:21,080 - DEBUG - [MainThread] UM.Backend.Backend._createSocket [297]: Previous socket existed. Closing that first.
2025-07-05 12:34:21,085 - DEBUG - [MainThread] CuraEngineBackend.CuraEngineBackend._terminate [434]: Attempting to kill the engine process
2025-07-05 12:34:21,089 - DEBUG - [MainThread] UM.Backend.Backend._createSocket [297]: Previous socket existed. Closing that first.
2025-07-05 12:34:21,099 - DEBUG - [MainThread] UM.Backend.Backend._onSocketError [260]: Socket was unable to bind to port, increasing port number to 49945
2025-07-05 12:34:21,101 - DEBUG - [MainThread] UM.Backend.Backend._createSocket [297]: Previous socket existed. Closing that first.
2025-07-05 12:34:21,107 - DEBUG - [MainThread] CuraEngineBackend.CuraEngineBackend._terminate [434]: Attempting to kill the engine process
2025-07-05 12:34:21,109 - DEBUG - [MainThread] UM.Backend.Backend._createSocket [297]: Previous socket existed. Closing that first.
2025-07-05 12:34:21,118 - DEBUG - [MainThread] UM.Backend.Backend._onSocketError [260]: Socket was unable to bind to port, increasing port number to 49946
2025-07-05 12:34:21,120 - DEBUG - [MainThread] UM.Backend.Backend._createSocket [297]: Previous socket existed. Closing that first.
2025-07-05 12:34:21,127 - DEBUG - [MainThread] CuraEngineBackend.CuraEngineBackend._terminate [434]: Attempting to kill the engine process
2025-07-05 12:34:21,129 - DEBUG - [MainThread] UM.Backend.Backend._createSocket [297]: Previous socket existed. Closing that first.
2025-07-05 12:34:21,140 - DEBUG - [MainThread] UM.Backend.Backend._onSocketError [260]: Socket was unable to bind to port, increasing port number to 49947
2025-07-05 12:34:21,145 - DEBUG - [MainThread] UM.Backend.Backend._createSocket [297]: Previous socket existed. Closing that first.
2025-07-05 12:34:21,159 - DEBUG - [MainThread] CuraEngineBackend.CuraEngineBackend._terminate [434]: Attempting to kill the engine process
2025-07-05 12:34:21,163 - DEBUG - [MainThread] UM.Backend.Backend._createSocket [297]: Previous socket existed. Closing that first.
2025-07-05 12:34:21,172 - DEBUG - [MainThread] UM.Backend.Backend._onSocketError [260]: Socket was unable to bind to port, increasing port number to 49948
2025-07-05 12:34:21,175 - DEBUG - [MainThread] UM.Backend.Backend._createSocket [297]: Previous socket existed. Closing that first.
2025-07-05 12:34:21,183 - DEBUG - [MainThread] CuraEngineBackend.CuraEngineBackend._terminate [434]: Attempting to kill the engine process
2025-07-05 12:34:21,187 - DEBUG - [MainThread] UM.Backend.Backend._createSocket [297]: Previous socket existed. Closing that first.
2025-07-05 12:34:21,197 - DEBUG - [MainThread] UM.Backend.Backend._onSocketError [260]: Socket was unable to bind to port, increasing port number to 49949
2025-07-05 12:34:21,200 - DEBUG - [MainThread] UM.Backend.Backend._createSocket [297]: Previous socket existed. Closing that first.
2025-07-05 12:34:21,207 - DEBUG - [MainThread] CuraEngineBackend.CuraEngineBackend._terminate [434]: Attempting to kill the engine process
2025-07-05 12:34:21,209 - DEBUG - [MainThread] UM.Backend.Backend._createSocket [297]: Previous socket existed. Closing that first.
2025-07-05 12:34:21,216 - DEBUG - [MainThread] UM.Backend.Backend._onSocketError [260]: Socket was unable to bind to port, increasing port number to 49950
2025-07-05 12:34:21,217 - DEBUG - [MainThread] UM.Backend.Backend._createSocket [297]: Previous socket existed. Closing that first.
2025-07-05 12:34:21,222 - DEBUG - [MainThread] CuraEngineBackend.CuraEngineBackend._terminate [434]: Attempting to kill the engine process
2025-07-05 12:34:21,225 - DEBUG - [MainThread] UM.Backend.Backend._createSocket [297]: Previous socket existed. Closing that first.
2025-07-05 12:34:21,235 - DEBUG - [MainThread] UM.Backend.Backend._onSocketError [260]: Socket was unable to bind to port, increasing port number to 49951
2025-07-05 12:34:21,237 - DEBUG - [MainThread] UM.Backend.Backend._createSocket [297]: Previous socket existed. Closing that first.
2025-07-05 12:34:21,243 - DEBUG - [MainThread] CuraEngineBackend.CuraEngineBackend._terminate [434]: Attempting to kill the engine process
2025-07-05 12:34:21,249 - DEBUG - [MainThread] UM.Backend.Backend._createSocket [297]: Previous socket existed. Closing that first.
2025-07-05 12:34:21,264 - DEBUG - [MainThread] UM.Backend.Backend._onSocketError [260]: Socket was unable to bind to port, increasing port number to 49952
2025-07-05 12:34:21,269 - DEBUG - [MainThread] UM.Backend.Backend._createSocket [297]: Previous socket existed. Closing that first.
2025-07-05 12:34:21,274 - DEBUG - [MainThread] CuraEngineBackend.CuraEngineBackend._terminate [434]: Attempting to kill the engine process
2025-07-05 12:34:21,280 - DEBUG - [MainThread] UM.Backend.Backend._createSocket [297]: Previous socket existed. Closing that first.
2025-07-05 12:34:21,289 - DEBUG - [MainThread] UM.Backend.Backend._onSocketError [260]: Socket was unable to bind to port, increasing port number to 49953
2025-07-05 12:34:21,292 - DEBUG - [MainThread] UM.Backend.Backend._createSocket [297]: Previous socket existed. Closing that first.
2025-07-05 12:34:21,303 - DEBUG - [MainThread] CuraEngineBackend.CuraEngineBackend._terminate [434]: Attempting to kill the engine process
2025-07-05 12:34:21,309 - DEBUG - [MainThread] UM.Backend.Backend._createSocket [297]: Previous socket existed. Closing that first.
2025-07-05 12:34:21,332 - DEBUG - [MainThread] UM.Backend.Backend._onSocketError [260]: Socket was unable to bind to port, increasing port number to 49954
2025-07-05 12:34:21,334 - DEBUG - [MainThread] UM.Backend.Backend._createSocket [297]: Previous socket existed. Closing that first.
2025-07-05 12:34:21,340 - DEBUG - [MainThread] CuraEngineBackend.CuraEngineBackend._terminate [434]: Attempting to kill the engine process
2025-07-05 12:34:21,343 - DEBUG - [MainThread] UM.Backend.Backend._createSocket [297]: Previous socket existed. Closing that first.
2025-07-05 12:34:21,351 - DEBUG - [MainThread] UM.Backend.Backend._onSocketError [260]: Socket was unable to bind to port, increasing port number to 49955
2025-07-05 12:34:21,354 - DEBUG - [MainThread] UM.Backend.Backend._createSocket [297]: Previous socket existed. Closing that first.
2025-07-05 12:34:21,358 - DEBUG - [MainThread] CuraEngineBackend.CuraEngineBackend._terminate [434]: Attempting to kill the engine process
2025-07-05 12:34:21,359 - DEBUG - [MainThread] UM.Backend.Backend._createSocket [297]: Previous socket existed. Closing that first.
2025-07-05 12:34:21,367 - DEBUG - [MainThread] UM.Backend.Backend._onSocketError [260]: Socket was unable to bind to port, increasing port number to 49956
2025-07-05 12:34:21,370 - DEBUG - [MainThread] UM.Backend.Backend._createSocket [297]: Previous socket existed. Closing that first.
2025-07-05 12:34:21,374 - DEBUG - [MainThread] CuraEngineBackend.CuraEngineBackend._terminate [434]: Attempting to kill the engine process
2025-07-05 12:34:21,378 - DEBUG - [MainThread] UM.Backend.Backend._createSocket [297]: Previous socket existed. Closing that first.
2025-07-05 12:34:21,383 - DEBUG - [MainThread] UM.Backend.Backend._onSocketError [260]: Socket was unable to bind to port, increasing port number to 49957
2025-07-05 12:34:21,385 - DEBUG - [MainThread] UM.Backend.Backend._createSocket [297]: Previous socket existed. Closing that first.
2025-07-05 12:34:21,389 - DEBUG - [MainThread] CuraEngineBackend.CuraEngineBackend._terminate [434]: Attempting to kill the engine process
2025-07-05 12:34:21,391 - DEBUG - [MainThread] UM.Backend.Backend._createSocket [297]: Previous socket existed. Closing that first.
2025-07-05 12:34:21,398 - DEBUG - [MainThread] UM.Backend.Backend._onSocketError [260]: Socket was unable to bind to port, increasing port number to 49958
2025-07-05 12:34:21,401 - DEBUG - [MainThread] UM.Backend.Backend._createSocket [297]: Previous socket existed. Closing that first.
2025-07-05 12:34:21,406 - DEBUG - [MainThread] CuraEngineBackend.CuraEngineBackend._terminate [434]: Attempting to kill the engine process
2025-07-05 12:34:21,410 - DEBUG - [MainThread] UM.Backend.Backend._createSocket [297]: Previous socket existed. Closing that first.
2025-07-05 12:34:21,418 - DEBUG - [MainThread] UM.Backend.Backend._onSocketError [260]: Socket was unable to bind to port, increasing port number to 49959
2025-07-05 12:34:21,422 - DEBUG - [MainThread] UM.Backend.Backend._createSocket [297]: Previous socket existed. Closing that first.
2025-07-05 12:34:21,425 - DEBUG - [MainThread] CuraEngineBackend.CuraEngineBackend._terminate [434]: Attempting to kill the engine process
2025-07-05 12:34:21,429 - DEBUG - [MainThread] UM.Backend.Backend._createSocket [297]: Previous socket existed. Closing that first.
2025-07-05 12:34:21,435 - DEBUG - [MainThread] UM.Backend.Backend._onSocketError [260]: Socket was unable to bind to port, increasing port number to 49960
2025-07-05 12:34:21,437 - DEBUG - [MainThread] UM.Backend.Backend._createSocket [297]: Previous socket existed. Closing that first.
2025-07-05 12:34:21,443 - DEBUG - [MainThread] CuraEngineBackend.CuraEngineBackend._terminate [434]: Attempting to kill the engine process
2025-07-05 12:34:21,446 - DEBUG - [MainThread] UM.Backend.Backend._createSocket [297]: Previous socket existed. Closing that first.
2025-07-05 12:34:21,453 - DEBUG - [MainThread] UM.Backend.Backend._onSocketError [260]: Socket was unable to bind to port, increasing port number to 49961
2025-07-05 12:34:21,455 - DEBUG - [MainThread] UM.Backend.Backend._createSocket [297]: Previous socket existed. Closing that first.
2025-07-05 12:34:21,458 - DEBUG - [MainThread] CuraEngineBackend.CuraEngineBackend._terminate [434]: Attempting to kill the engine process
2025-07-05 12:34:21,461 - DEBUG - [MainThread] UM.Backend.Backend._createSocket [297]: Previous socket existed. Closing that first.
2025-07-05 12:34:21,466 - DEBUG - [MainThread] UM.Backend.Backend._onSocketError [260]: Socket was unable to bind to port, increasing port number to 49962
2025-07-05 12:34:21,468 - DEBUG - [MainThread] UM.Backend.Backend._createSocket [297]: Previous socket existed. Closing that first.
2025-07-05 12:34:21,473 - DEBUG - [MainThread] CuraEngineBackend.CuraEngineBackend._terminate [434]: Attempting to kill the engine process
2025-07-05 12:34:21,475 - DEBUG - [MainThread] UM.Backend.Backend._createSocket [297]: Previous socket existed. Closing that first.
2025-07-05 12:34:21,478 - DEBUG - [MainThread] UM.Backend.Backend._onSocketError [260]: Socket was unable to bind to port, increasing port number to 49963
2025-07-05 12:34:21,481 - DEBUG - [MainThread] UM.Backend.Backend._createSocket [297]: Previous socket existed. Closing that first.
2025-07-05 12:34:21,484 - DEBUG - [MainThread] CuraEngineBackend.CuraEngineBackend._terminate [434]: Attempting to kill the engine process
2025-07-05 12:34:21,484 - DEBUG - [MainThread] UM.Backend.Backend._createSocket [297]: Previous socket existed. Closing that first.
2025-07-05 12:34:21,598 - DEBUG - [MainThread] UM.Backend.Backend._onSocketError [260]: Socket was unable to bind to port, increasing port number to 49964
2025-07-05 12:34:21,600 - DEBUG - [MainThread] UM.Backend.Backend._createSocket [297]: Previous socket existed. Closing that first.
2025-07-05 12:34:21,605 - DEBUG - [MainThread] CuraEngineBackend.CuraEngineBackend._terminate [434]: Attempting to kill the engine process
2025-07-05 12:34:21,608 - DEBUG - [MainThread] UM.Backend.Backend._createSocket [297]: Previous socket existed. Closing that first.
2025-07-05 12:34:21,613 - DEBUG - [MainThread] UM.Backend.Backend._onSocketError [260]: Socket was unable to bind to port, increasing port number to 49965
2025-07-05 12:34:21,617 - DEBUG - [MainThread] UM.Backend.Backend._createSocket [297]: Previous socket existed. Closing that first.
2025-07-05 12:34:21,621 - DEBUG - [MainThread] CuraEngineBackend.CuraEngineBackend._terminate [434]: Attempting to kill the engine process
2025-07-05 12:34:21,625 - DEBUG - [MainThread] UM.Backend.Backend._createSocket [297]: Previous socket existed. Closing that first.
2025-07-05 12:34:21,632 - DEBUG - [MainThread] UM.Backend.Backend._onSocketError [260]: Socket was unable to bind to port, increasing port number to 49966
2025-07-05 12:34:21,635 - DEBUG - [MainThread] UM.Backend.Backend._createSocket [297]: Previous socket existed. Closing that first.
2025-07-05 12:34:21,639 - DEBUG - [MainThread] CuraEngineBackend.CuraEngineBackend._terminate [434]: Attempting to kill the engine process
2025-07-05 12:34:21,642 - DEBUG - [MainThread] UM.Backend.Backend._createSocket [297]: Previous socket existed. Closing that first.
2025-07-05 12:34:21,650 - DEBUG - [MainThread] UM.Backend.Backend._onSocketError [260]: Socket was unable to bind to port, increasing port number to 49967
2025-07-05 12:34:21,651 - DEBUG - [MainThread] UM.Backend.Backend._createSocket [297]: Previous socket existed. Closing that first.
2025-07-05 12:34:21,655 - DEBUG - [MainThread] CuraEngineBackend.CuraEngineBackend._terminate [434]: Attempting to kill the engine process
2025-07-05 12:34:21,657 - DEBUG - [MainThread] UM.Backend.Backend._createSocket [297]: Previous socket existed. Closing that first.
2025-07-05 12:34:21,664 - DEBUG - [MainThread] UM.Backend.Backend._onSocketError [260]: Socket was unable to bind to port, increasing port number to 49968
2025-07-05 12:34:21,666 - DEBUG - [MainThread] UM.Backend.Backend._createSocket [297]: Previous socket existed. Closing that first.
2025-07-05 12:34:21,670 - DEBUG - [MainThread] CuraEngineBackend.CuraEngineBackend._terminate [434]: Attempting to kill the engine process
2025-07-05 12:34:21,673 - DEBUG - [MainThread] UM.Backend.Backend._createSocket [297]: Previous socket existed. Closing that first.
2025-07-05 12:34:21,681 - DEBUG - [MainThread] UM.Backend.Backend._onSocketError [260]: Socket was unable to bind to port, increasing port number to 49969
2025-07-05 12:34:21,683 - DEBUG - [MainThread] UM.Backend.Backend._createSocket [297]: Previous socket existed. Closing that first.
2025-07-05 12:34:21,689 - DEBUG - [MainThread] CuraEngineBackend.CuraEngineBackend._terminate [434]: Attempting to kill the engine process
2025-07-05 12:34:21,690 - DEBUG - [MainThread] UM.Backend.Backend._createSocket [297]: Previous socket existed. Closing that first.
2025-07-05 12:34:21,697 - DEBUG - [MainThread] UM.Backend.Backend._onSocketError [260]: Socket was unable to bind to port, increasing port number to 49970
2025-07-05 12:34:21,698 - DEBUG - [MainThread] UM.Backend.Backend._createSocket [297]: Previous socket existed. Closing that first.
2025-07-05 12:34:21,701 - DEBUG - [MainThread] CuraEngineBackend.CuraEngineBackend._terminate [434]: Attempting to kill the engine process
2025-07-05 12:34:21,701 - DEBUG - [MainThread] UM.Backend.Backend._createSocket [297]: Previous socket existed. Closing that first.
2025-07-05 12:34:21,707 - DEBUG - [MainThread] UM.Backend.Backend._onSocketError [260]: Socket was unable to bind to port, increasing port number to 49971
2025-07-05 12:34:21,713 - DEBUG - [MainThread] UM.Backend.Backend._createSocket [297]: Previous socket existed. Closing that first.
2025-07-05 12:34:21,718 - DEBUG - [MainThread] CuraEngineBackend.CuraEngineBackend._terminate [434]: Attempting to kill the engine process
2025-07-05 12:34:21,722 - DEBUG - [MainThread] UM.Backend.Backend._createSocket [297]: Previous socket existed. Closing that first.
2025-07-05 12:34:21,729 - DEBUG - [MainThread] UM.Backend.Backend._onSocketError [260]: Socket was unable to bind to port, increasing port number to 49972
2025-07-05 12:34:21,732 - DEBUG - [MainThread] UM.Backend.Backend._createSocket [297]: Previous socket existed. Closing that first.
2025-07-05 12:34:21,736 - DEBUG - [MainThread] CuraEngineBackend.CuraEngineBackend._terminate [434]: Attempting to kill the engine process
2025-07-05 12:34:21,737 - DEBUG - [MainThread] UM.Backend.Backend._createSocket [297]: Previous socket existed. Closing that first.
2025-07-05 12:34:21,744 - DEBUG - [MainThread] UM.Backend.Backend._onSocketError [260]: Socket was unable to bind to port, increasing port number to 49973
2025-07-05 12:34:21,746 - DEBUG - [MainThread] UM.Backend.Backend._createSocket [297]: Previous socket existed. Closing that first.
2025-07-05 12:34:21,753 - DEBUG - [MainThread] CuraEngineBackend.CuraEngineBackend._terminate [434]: Attempting to kill the engine process
2025-07-05 12:34:21,758 - DEBUG - [MainThread] UM.Backend.Backend._createSocket [297]: Previous socket existed. Closing that first.
2025-07-05 12:34:21,768 - DEBUG - [MainThread] UM.Backend.Backend._logSocketState [232]: Socket state changed to Listening
2025-07-05 12:34:21,776 - INFO - [MainThread] UM.Backend.Backend.startEngine [96]: Started engine process: C:\Program Files\UltiMaker Cura 5.10.1\CuraEngine.exe
2025-07-05 12:34:21,780 - DEBUG - [MainThread] UM.Backend.Backend._backendLog [140]: [Backend] Calling engine with: ['C:\\Program Files\\UltiMaker Cura 5.10.1\\CuraEngine.exe', 'connect', '127.0.0.1:49973', '']
2025-07-05 12:34:21,831 - DEBUG - [EngineOutputThread] UM.Backend.Backend._backendLog [140]: [Backend] [2025-07-05 12:34:21.830] [info] Sentry url: https://734f9ec9024f73e53701d59c3ffddfe3@o323038.ingest.sentry.io/4506257745510401
2025-07-05 12:34:21,833 - DEBUG - [EngineOutputThread] UM.Backend.Backend._backendLog [140]: [Backend] [2025-07-05 12:34:21.831] [info] Sentry config path: C:/Users/*******/AppData/Roaming/cura/.sentry-native
2025-07-05 12:34:21,834 - DEBUG - [EngineOutputThread] UM.Backend.Backend._backendLog [140]: [Backend] [2025-07-05 12:34:21.831] [info] Starting sentry
2025-07-05 12:34:21,849 - DEBUG - [EngineOutputThread] UM.Backend.Backend._backendLog [140]: [Backend] [2025-07-05 12:34:21.848] [info] Connecting to 127.0.0.1:49973
2025-07-05 12:34:21,850 - DEBUG - [MainThread] UM.Backend.Backend._logSocketState [236]: Socket state changed to Connected
2025-07-05 12:34:21,852 - DEBUG - [MainThread] UM.Backend.Backend._onSocketStateChanged [225]: Backend connected on port 49973
2025-07-05 12:34:21,955 - DEBUG - [EngineOutputThread] UM.Backend.Backend._backendLog [140]: [Backend] [2025-07-05 12:34:21.954] [info] Connected to 127.0.0.1:49973
2025-07-05 12:34:22,966 - INFO - [JobQueueWorker [0]] SettingsGuide2.CuraSettingsGuide.load_all [181]: Finished loading Settings Guide articles.
2025-07-05 12:34:24,720 - INFO - [MainThread] cura.CuraApplication.writeToLog [674]: User accepted the User-Agreement.
2025-07-05 12:34:26,598 - WARNING - [MainThread] UM.Qt.QtApplication.__onQmlWarning [448]: file:///C:/Program Files/UltiMaker Cura 5.10.1/share/cura/resources/qml/WelcomePages/AddLocalPrinterScrollView.qml:357:25: Unable to assign QString to QRegularExpression
2025-07-05 12:34:26,599 - WARNING - [MainThread] UM.Qt.QtApplication.__onQmlWarning [448]: file:///C:/Program Files/UltiMaker Cura 5.10.1/share/cura/resources/qml/ActionButton.qml:130:5: QML ToolTip: cannot find any window to open popup in.
2025-07-05 12:34:28,567 - DEBUG - [MainThread] DuetRRFPlugin.DuetRRFPlugin._check_unmapped_settings [83]: called
2025-07-05 12:34:28,567 - DEBUG - [MainThread] DuetRRFPlugin.DuetRRFPlugin._check_unmapped_settings [100]: No unmapped settings found.
2025-07-05 12:34:30,172 - DEBUG - [MainThread] cura.AutoSave._onTimeout [64]: Autosaving preferences, instances and profiles took 0.022787809371948242 seconds
2025-07-05 12:34:36,027 - INFO - [MainThread] cura.Settings.MachineManager.addMachine [429]: Trying to add a machine with the definition id [fabbrix_elemento_tc]
2025-07-05 12:34:36,029 - DEBUG - [MainThread] LocalContainerProvider.LocalContainerProvider._loadCachedDefinition [263]: Definition file C:\Users\angelo\AppData\Roaming\cura\5.10\definitions\fabbrix_elemento_tc.def.json is newer than cache. Ignoring cached version.
2025-07-05 12:34:36,053 - WARNING - [MainThread] UM.Settings.DefinitionContainer._preprocessParsedJson [299]: Unable to override setting arcwelder_enable
2025-07-05 12:34:36,056 - WARNING - [MainThread] UM.Settings.DefinitionContainer._preprocessParsedJson [299]: Unable to override setting exclude_materials
2025-07-05 12:34:37,482 - DEBUG - [MainThread] cura.Machines.ContainerTree.__getitem__ [120]: Adding container tree for fabbrix_elemento_tc took 1.097489356994629 seconds.
2025-07-05 12:34:37,554 - WARNING - [MainThread] UM.VersionUpgradeManager.updateFilesData [433]: Unable to upgrade file of type variant of version 4000014
2025-07-05 12:34:37,554 - WARNING - [MainThread] cura.Settings.CuraContainerRegistry.addContainer [74]: Instance container fabbrix_elemento_0.6_tc is outdated. Its setting version is 14 but it should be 25.
2025-07-05 12:34:37,642 - INFO - [MainThread] cura.Settings.GlobalStack.addExtruder [199]: Extruder[fabbrix_extruder_tc_0 #2] added to [Fabbrix Elemento TC] at position [0]
2025-07-05 12:34:37,644 - WARNING - [MainThread] cura.Machines.VariantNode.preferredMaterial [101]: Could not find preferred material fabbrix_petg, falling back to whatever works
2025-07-05 12:34:37,719 - INFO - [MainThread] cura.Settings.GlobalStack.addExtruder [199]: Extruder[fabbrix_extruder_tc_1 #2] added to [Fabbrix Elemento TC] at position [1]
2025-07-05 12:34:37,720 - INFO - [MainThread] cura.UI.MachineActionManager.addDefaultMachineActions [74]: Default machine actions added for machine definition [fabbrix_elemento_tc]
2025-07-05 12:34:37,729 - WARNING - [MainThread] cura.Settings.GlobalStack.addExtruder [194]: Extruder [fabbrix_extruder_tc_0 #2] has already been added to this stack [Fabbrix Elemento TC]
2025-07-05 12:34:37,729 - WARNING - [MainThread] cura.Settings.GlobalStack.addExtruder [194]: Extruder [fabbrix_extruder_tc_1 #2] has already been added to this stack [Fabbrix Elemento TC]
2025-07-05 12:34:37,730 - WARNING - [MainThread] UM.Qt.QtApplication.__onQmlWarning [448]: file:///C:/Program Files/UltiMaker Cura 5.10.1/share/cura/resources/qml/Widgets/SingleSettingComboBox.qml:74:9: Unable to assign [undefined] to QString
2025-07-05 12:34:37,730 - WARNING - [MainThread] UM.Qt.QtApplication.__onQmlWarning [448]: file:///C:/Program Files/UltiMaker Cura 5.10.1/share/cura/resources/qml/Widgets/SingleSettingTextField.qml:57:9: Unable to assign [undefined] to QString
2025-07-05 12:34:37,731 - WARNING - [MainThread] UM.Qt.QtApplication.__onQmlWarning [448]: file:///C:/Program Files/UltiMaker Cura 5.10.1/share/cura/resources/qml/Widgets/SingleSettingTextField.qml:57:9: Unable to assign [undefined] to QString
2025-07-05 12:34:37,731 - WARNING - [MainThread] UM.Qt.QtApplication.__onQmlWarning [448]: file:///C:/Program Files/UltiMaker Cura 5.10.1/share/cura/resources/qml/Widgets/SingleSettingComboBox.qml:74:9: Unable to assign [undefined] to QString
2025-07-05 12:34:37,731 - WARNING - [MainThread] UM.Qt.QtApplication.__onQmlWarning [448]: file:///C:/Program Files/UltiMaker Cura 5.10.1/share/cura/resources/qml/Widgets/SingleSettingSlider.qml:36:9: Unable to assign [undefined] to QString
2025-07-05 12:34:37,732 - DEBUG - [MainThread] cura.Machines.Models.IntentSelectionModel._update [74]: Updating IntentSelectionModel.
2025-07-05 12:34:37,732 - DEBUG - [MainThread] cura.Machines.Models.IntentSelectionModel._update [79]: No active GlobalStack, set quality profile model as empty.
2025-07-05 12:34:37,732 - INFO - [MainThread] cura.CuraApplication._setLoadingHint [876]: Initializing Active Machine...
2025-07-05 12:34:37,739 - WARNING - [MainThread] UM.Settings.InstanceContainer.setProperty [417]: Tried to set value of the setting fill_perimeter_gaps, but it has no SettingInstance in this InstanceContainer Fine Quality or its SettingDefinition Fabbrix Elemento TC
2025-07-05 12:34:37,749 - WARNING - [MainThread] UM.Settings.InstanceContainer.setProperty [417]: Tried to set value of the setting fill_perimeter_gaps, but it has no SettingInstance in this InstanceContainer Fine Quality or its SettingDefinition Fabbrix Elemento TC
2025-07-05 12:34:37,756 - WARNING - [MainThread] UM.Qt.QtApplication.__onQmlWarning [448]: file:///C:/Program Files/UltiMaker Cura 5.10.1/share/cura/resources/qml/Widgets/SingleSettingComboBox.qml:74:9: Unable to assign [undefined] to QString
2025-07-05 12:34:37,757 - WARNING - [MainThread] UM.Qt.QtApplication.__onQmlWarning [448]: file:///C:/Program Files/UltiMaker Cura 5.10.1/share/cura/resources/qml/Widgets/SingleSettingTextField.qml:57:9: Unable to assign [undefined] to QString
2025-07-05 12:34:37,757 - WARNING - [MainThread] UM.Qt.QtApplication.__onQmlWarning [448]: file:///C:/Program Files/UltiMaker Cura 5.10.1/share/cura/resources/qml/Widgets/SingleSettingTextField.qml:57:9: Unable to assign [undefined] to QString
2025-07-05 12:34:37,758 - WARNING - [MainThread] UM.Qt.QtApplication.__onQmlWarning [448]: file:///C:/Program Files/UltiMaker Cura 5.10.1/share/cura/resources/qml/Widgets/SingleSettingComboBox.qml:74:9: Unable to assign [undefined] to QString
2025-07-05 12:34:37,758 - WARNING - [MainThread] UM.Qt.QtApplication.__onQmlWarning [448]: file:///C:/Program Files/UltiMaker Cura 5.10.1/share/cura/resources/qml/Widgets/SingleSettingSlider.qml:36:9: Unable to assign [undefined] to QString
2025-07-05 12:34:37,758 - DEBUG - [MainThread] cura.Machines.Models.IntentSelectionModel._update [74]: Updating IntentSelectionModel.
2025-07-05 12:34:37,781 - WARNING - [MainThread] UM.OutputDevice.OutputDeviceManager.removeOutputDevice [235]: Could not find output device with id duetrrf-configure to remove
2025-07-05 12:34:37,781 - WARNING - [MainThread] UM.OutputDevice.OutputDeviceManager.removeOutputDevice [235]: Could not find output device with id duetrrf-print to remove
2025-07-05 12:34:37,781 - WARNING - [MainThread] UM.OutputDevice.OutputDeviceManager.removeOutputDevice [235]: Could not find output device with id duetrrf-simulate to remove
2025-07-05 12:34:37,781 - WARNING - [MainThread] UM.OutputDevice.OutputDeviceManager.removeOutputDevice [235]: Could not find output device with id duetrrf-upload to remove
2025-07-05 12:34:37,783 - DEBUG - [MainThread] DuetRRFPlugin.DuetRRFPlugin._checkDuetRRFOutputDevices [196]: DuetRRF is not available for printer: id:Fabbrix Elemento TC, name:Fabbrix Elemento TC
2025-07-05 12:34:37,890 - DEBUG - [MainThread] cura.Machines.Models.NozzleModel._update [28]: Updating NozzleModel.
2025-07-05 12:34:38,108 - DEBUG - [MainThread] cura.Machines.Models.NozzleModel._update [28]: Updating NozzleModel.
2025-07-05 12:34:38,344 - DEBUG - [MainThread] cura.Machines.Models.IntentSelectionModel._update [74]: Updating IntentSelectionModel.
2025-07-05 12:34:38,347 - DEBUG - [MainThread] cura.Machines.Models.IntentSelectionModel._update [74]: Updating IntentSelectionModel.
2025-07-05 12:34:38,365 - WARNING - [MainThread] UM.Qt.QtApplication.__onQmlWarning [448]: file:///C:/Program Files/UltiMaker Cura 5.10.1/share/cura/resources/qml/Menus/ConfigurationMenu/CustomConfiguration.qml:194: TypeError: Cannot read property 'isEnabled' of null
2025-07-05 12:34:38,367 - DEBUG - [MainThread] cura.Machines.Models.NozzleModel._update [28]: Updating NozzleModel.
2025-07-05 12:34:38,383 - DEBUG - [MainThread] cura.Machines.Models.NozzleModel._update [28]: Updating NozzleModel.
2025-07-05 12:34:38,386 - DEBUG - [MainThread] cura.Machines.Models.NozzleModel._update [28]: Updating NozzleModel.
2025-07-05 12:34:38,390 - DEBUG - [MainThread] cura.Machines.Models.IntentSelectionModel._update [74]: Updating IntentSelectionModel.
2025-07-05 12:34:38,407 - DEBUG - [JobQueueWorker [2]] UM.Mesh.MeshData.calculateNormalsFromVertices [567]: Calculating normals took 0.001085519790649414 seconds
2025-07-05 12:34:38,409 - DEBUG - [JobQueueWorker [2]] STLReader.STLReader._read [68]: Loaded a mesh with 12834 vertices
2025-07-05 12:34:38,412 - DEBUG - [MainThread] cura.Machines.Models.IntentSelectionModel._update [74]: Updating IntentSelectionModel.
2025-07-05 12:34:38,416 - DEBUG - [MainThread] cura.Machines.Models.IntentSelectionModel._update [74]: Updating IntentSelectionModel.
2025-07-05 12:34:38,433 - DEBUG - [MainThread] cura.UI.WelcomePagesModel.goToNextPage [144]: Page [machine_actions] should not be displayed, look for the next page.
2025-07-05 12:34:38,554 - WARNING - [MainThread] UM.Qt.QtApplication.__onQmlWarning [448]: file:///C:/Program Files/UltiMaker Cura 5.10.1/share/cura/resources/qml/ActionButton.qml:130:5: QML ToolTip: cannot find any window to open popup in.
2025-07-05 12:34:38,562 - DEBUG - [MainThread] cura.Machines.MachineErrorChecker._rescheduleCheck [164]: New error check scheduled.
2025-07-05 12:34:38,588 - DEBUG - [MainThread] cura.Machines.Models.CustomQualityProfilesDropDownMenuModel._update [33]: Updating CustomQualityProfilesDropDownMenuModel.
2025-07-05 12:34:38,638 - WARNING - [MainThread] UM.Qt.QtApplication.__onQmlWarning [448]: file:///C:/Program Files/UltiMaker Cura 5.10.1/share/cura/resources/qml/PrintSetupSelector/Custom/CustomPrintSetup.qml:242:5: QML Rectangle: Cannot anchor to an item that isn't a parent or sibling.
2025-07-05 12:34:38,682 - DEBUG - [MainThread] cura.Machines.Models.IntentSelectionModel._update [74]: Updating IntentSelectionModel.
2025-07-05 12:34:38,684 - DEBUG - [MainThread] cura.Machines.Models.IntentSelectionModel._update [74]: Updating IntentSelectionModel.
2025-07-05 12:34:38,687 - DEBUG - [MainThread] cura.Machines.Models.IntentSelectionModel._update [74]: Updating IntentSelectionModel.
2025-07-05 12:34:38,767 - DEBUG - [MainThread] UM.View.GL.ShaderProgram.load [61]: Loading [C:\Program Files\UltiMaker Cura 5.10.1\share\uranium\resources\shaders\default.shader]...
2025-07-05 12:34:38,768 - DEBUG - [MainThread] UM.View.GL.ShaderProgram.load [61]: Loading [C:\Program Files\UltiMaker Cura 5.10.1\share\cura\resources\shaders\grid.shader]...
2025-07-05 12:34:38,817 - INFO - [MainThread] FirmwareUpdateChecker.FirmwareUpdateChecker.checkFirmwareVersion [79]: No machine with name Fabbrix Elemento TC in list of firmware to check.
2025-07-05 12:34:39,017 - DEBUG - [MainThread] cura.Machines.Models.CustomQualityProfilesDropDownMenuModel._update [33]: Updating CustomQualityProfilesDropDownMenuModel.
2025-07-05 12:34:39,492 - DEBUG - [MainThread] cura.Machines.MachineErrorChecker._checkStack [168]: Need to check for errors again. Discard the current progress and reschedule a check.
2025-07-05 12:34:39,649 - DEBUG - [MainThread] cura.Machines.MachineErrorChecker._rescheduleCheck [164]: New error check scheduled.
2025-07-05 12:34:40,485 - INFO - [MainThread] cura.Machines.MachineErrorChecker._setResult [221]: Error check finished, result = False, time = 0.84s
2025-07-05 12:34:40,693 - WARNING - [MainThread] UM.Qt.QtApplication.__onQmlWarning [448]: file:///C:/Program Files/UltiMaker Cura 5.10.1/share/cura/resources/qml/ActionButton.qml:130:5: QML ToolTip: cannot find any window to open popup in.
2025-07-05 12:34:49,311 - DEBUG - [MainThread] cura.AutoSave._onTimeout [64]: Autosaving preferences, instances and profiles took 0.05823802947998047 seconds
2025-07-05 12:34:56,318 - WARNING - [MainThread] UM.Preferences.getValue [116]: Tried to get the value of non-existing setting sidebargui/docked_sidebar.
2025-07-05 12:34:58,731 - WARNING - [MainThread] UM.Qt.QtApplication.__onQmlWarning [448]: file:///C:/Program Files/UltiMaker Cura 5.10.1/share/cura/resources/qml/Settings/SettingExtruder.qml:28: ReferenceError: extrudersModel is not defined
2025-07-05 12:34:58,731 - WARNING - [MainThread] UM.Qt.QtApplication.__onQmlWarning [448]: file:///C:/Program Files/UltiMaker Cura 5.10.1/share/cura/resources/qml/Settings/SettingExtruder.qml:28: ReferenceError: extrudersModel is not defined
2025-07-05 12:34:58,731 - WARNING - [MainThread] UM.Qt.QtApplication.__onQmlWarning [448]: file:///C:/Program Files/UltiMaker Cura 5.10.1/share/cura/resources/qml/Settings/SettingExtruder.qml:28: ReferenceError: extrudersModel is not defined
2025-07-05 12:34:58,731 - WARNING - [MainThread] UM.Qt.QtApplication.__onQmlWarning [448]: file:///C:/Program Files/UltiMaker Cura 5.10.1/share/cura/resources/qml/Settings/SettingExtruder.qml:28: ReferenceError: extrudersModel is not defined
2025-07-05 12:34:58,732 - WARNING - [MainThread] UM.Qt.QtApplication.__onQmlWarning [448]: file:///C:/Program Files/UltiMaker Cura 5.10.1/share/cura/resources/qml/Settings/SettingExtruder.qml:28: ReferenceError: extrudersModel is not defined
2025-07-05 12:34:58,732 - WARNING - [MainThread] UM.Qt.QtApplication.__onQmlWarning [448]: file:///C:/Program Files/UltiMaker Cura 5.10.1/share/cura/resources/qml/Settings/SettingExtruder.qml:28: ReferenceError: extrudersModel is not defined
2025-07-05 12:35:05,136 - WARNING - [MainThread] UM.Preferences.getValue [116]: Tried to get the value of non-existing setting sidebargui/docked_sidebar.
2025-07-05 12:35:05,764 - WARNING - [MainThread] UM.Preferences.getValue [116]: Tried to get the value of non-existing setting sidebargui/docked_sidebar.
2025-07-05 12:35:09,946 - WARNING - [MainThread] UM.Preferences.getValue [116]: Tried to get the value of non-existing setting sidebargui/docked_sidebar.
2025-07-05 12:35:14,705 - DEBUG - [MainThread] cura.Machines.Models.IntentSelectionModel._update [74]: Updating IntentSelectionModel.
2025-07-05 12:35:14,708 - DEBUG - [MainThread] cura.Machines.Models.IntentSelectionModel._update [74]: Updating IntentSelectionModel.
2025-07-05 12:35:15,538 - WARNING - [MainThread] UM.Qt.QtApplication.__onQmlWarning [448]: file:///C:/Program Files/UltiMaker Cura 5.10.1/share/cura/resources/qml/Menus/MaterialMenu.qml:93: TypeError: Passing incompatible arguments to C++ functions from JavaScript is not allowed.
2025-07-05 12:35:15,539 - WARNING - [MainThread] UM.Qt.QtApplication.__onQmlWarning [448]: file:///C:/Program Files/UltiMaker Cura 5.10.1/share/cura/resources/qml/Menus/MaterialMenu.qml:93: TypeError: Passing incompatible arguments to C++ functions from JavaScript is not allowed.
2025-07-05 12:35:15,540 - WARNING - [MainThread] UM.Qt.QtApplication.__onQmlWarning [448]: file:///C:/Program Files/UltiMaker Cura 5.10.1/share/cura/resources/qml/Menus/MaterialMenu.qml:93: TypeError: Passing incompatible arguments to C++ functions from JavaScript is not allowed.
2025-07-05 12:35:15,540 - WARNING - [MainThread] UM.Qt.QtApplication.__onQmlWarning [448]: file:///C:/Program Files/UltiMaker Cura 5.10.1/share/cura/resources/qml/Menus/MaterialMenu.qml:93: TypeError: Passing incompatible arguments to C++ functions from JavaScript is not allowed.
2025-07-05 12:35:15,541 - WARNING - [MainThread] UM.Qt.QtApplication.__onQmlWarning [448]: file:///C:/Program Files/UltiMaker Cura 5.10.1/share/cura/resources/qml/Menus/MaterialMenu.qml:93: TypeError: Passing incompatible arguments to C++ functions from JavaScript is not allowed.
2025-07-05 12:35:15,542 - WARNING - [MainThread] UM.Qt.QtApplication.__onQmlWarning [448]: file:///C:/Program Files/UltiMaker Cura 5.10.1/share/cura/resources/qml/Menus/MaterialMenu.qml:93: TypeError: Passing incompatible arguments to C++ functions from JavaScript is not allowed.
2025-07-05 12:35:15,542 - WARNING - [MainThread] UM.Qt.QtApplication.__onQmlWarning [448]: file:///C:/Program Files/UltiMaker Cura 5.10.1/share/cura/resources/qml/Menus/MaterialMenu.qml:93: TypeError: Passing incompatible arguments to C++ functions from JavaScript is not allowed.
2025-07-05 12:35:15,542 - WARNING - [MainThread] UM.Qt.QtApplication.__onQmlWarning [448]: file:///C:/Program Files/UltiMaker Cura 5.10.1/share/cura/resources/qml/Menus/MaterialMenu.qml:93: TypeError: Passing incompatible arguments to C++ functions from JavaScript is not allowed.
2025-07-05 12:35:15,543 - WARNING - [MainThread] UM.Qt.QtApplication.__onQmlWarning [448]: file:///C:/Program Files/UltiMaker Cura 5.10.1/share/cura/resources/qml/Menus/MaterialMenu.qml:93: TypeError: Passing incompatible arguments to C++ functions from JavaScript is not allowed.
2025-07-05 12:35:15,553 - DEBUG - [MainThread] cura.Machines.Models.CustomQualityProfilesDropDownMenuModel._update [33]: Updating CustomQualityProfilesDropDownMenuModel.
2025-07-05 12:35:16,248 - DEBUG - [MainThread] cura.Settings.MachineManager._updateQualityWithMaterial [1301]: Updating quality/quality_changes due to material change
2025-07-05 12:35:16,248 - DEBUG - [MainThread] cura.Settings.MachineManager._updateQualityWithMaterial [1306]: Current quality type = [normal]
2025-07-05 12:35:16,250 - INFO - [MainThread] cura.Settings.MachineManager._updateQualityWithMaterial [1333]: The current quality type [normal] is not available, switching to [draft] instead
2025-07-05 12:35:16,279 - DEBUG - [MainThread] cura.Settings.MachineManager._updateIntentWithQuality [1343]: Updating intent due to quality change
2025-07-05 12:35:16,280 - DEBUG - [MainThread] cura.Machines.Models.IntentSelectionModel._update [74]: Updating IntentSelectionModel.
2025-07-05 12:35:16,293 - DEBUG - [MainThread] cura.Machines.Models.IntentSelectionModel._update [74]: Updating IntentSelectionModel.
2025-07-05 12:35:16,296 - DEBUG - [MainThread] cura.Machines.Models.IntentSelectionModel._update [74]: Updating IntentSelectionModel.
2025-07-05 12:35:16,361 - WARNING - [MainThread] UM.Settings.InstanceContainer.setProperty [417]: Tried to set value of the setting fill_perimeter_gaps, but it has no SettingInstance in this InstanceContainer Draft Quality or its SettingDefinition Fabbrix Elemento TC
2025-07-05 12:35:16,892 - DEBUG - [MainThread] cura.Machines.MachineErrorChecker._rescheduleCheck [164]: New error check scheduled.
2025-07-05 12:35:16,970 - DEBUG - [MainThread] cura.Machines.Models.CustomQualityProfilesDropDownMenuModel._update [33]: Updating CustomQualityProfilesDropDownMenuModel.
2025-07-05 12:35:17,095 - DEBUG - [MainThread] cura.Machines.Models.IntentSelectionModel._update [74]: Updating IntentSelectionModel.
2025-07-05 12:35:17,097 - DEBUG - [MainThread] cura.Machines.Models.IntentSelectionModel._update [74]: Updating IntentSelectionModel.
2025-07-05 12:35:17,101 - DEBUG - [MainThread] cura.Machines.Models.IntentSelectionModel._update [74]: Updating IntentSelectionModel.
2025-07-05 12:35:17,866 - DEBUG - [MainThread] cura.Machines.MachineErrorChecker._checkStack [168]: Need to check for errors again. Discard the current progress and reschedule a check.
2025-07-05 12:35:17,873 - DEBUG - [MainThread] cura.Machines.Models.CustomQualityProfilesDropDownMenuModel._update [33]: Updating CustomQualityProfilesDropDownMenuModel.
2025-07-05 12:35:18,011 - DEBUG - [MainThread] cura.Machines.Models.IntentSelectionModel._update [74]: Updating IntentSelectionModel.
2025-07-05 12:35:18,013 - DEBUG - [MainThread] cura.Machines.Models.IntentSelectionModel._update [74]: Updating IntentSelectionModel.
2025-07-05 12:35:18,970 - WARNING - [MainThread] UM.Qt.QtApplication.__onQmlWarning [448]: file:///C:/Program Files/UltiMaker Cura 5.10.1/share/cura/resources/qml/Menus/MaterialMenu.qml:107: TypeError: Passing incompatible arguments to C++ functions from JavaScript is not allowed.
2025-07-05 12:35:18,971 - WARNING - [MainThread] UM.Qt.QtApplication.__onQmlWarning [448]: file:///C:/Program Files/UltiMaker Cura 5.10.1/share/cura/resources/qml/Menus/MaterialMenu.qml:107: TypeError: Passing incompatible arguments to C++ functions from JavaScript is not allowed.
2025-07-05 12:35:18,972 - WARNING - [MainThread] UM.Qt.QtApplication.__onQmlWarning [448]: file:///C:/Program Files/UltiMaker Cura 5.10.1/share/cura/resources/qml/Menus/MaterialMenu.qml:107: TypeError: Passing incompatible arguments to C++ functions from JavaScript is not allowed.
2025-07-05 12:35:18,973 - WARNING - [MainThread] UM.Qt.QtApplication.__onQmlWarning [448]: file:///C:/Program Files/UltiMaker Cura 5.10.1/share/cura/resources/qml/Menus/MaterialMenu.qml:107: TypeError: Passing incompatible arguments to C++ functions from JavaScript is not allowed.
2025-07-05 12:35:18,974 - WARNING - [MainThread] UM.Qt.QtApplication.__onQmlWarning [448]: file:///C:/Program Files/UltiMaker Cura 5.10.1/share/cura/resources/qml/Menus/MaterialMenu.qml:107: TypeError: Passing incompatible arguments to C++ functions from JavaScript is not allowed.
2025-07-05 12:35:18,975 - WARNING - [MainThread] UM.Qt.QtApplication.__onQmlWarning [448]: file:///C:/Program Files/UltiMaker Cura 5.10.1/share/cura/resources/qml/Menus/MaterialMenu.qml:107: TypeError: Passing incompatible arguments to C++ functions from JavaScript is not allowed.
2025-07-05 12:35:18,975 - WARNING - [MainThread] UM.Qt.QtApplication.__onQmlWarning [448]: file:///C:/Program Files/UltiMaker Cura 5.10.1/share/cura/resources/qml/Menus/MaterialMenu.qml:107: TypeError: Passing incompatible arguments to C++ functions from JavaScript is not allowed.
2025-07-05 12:35:18,975 - WARNING - [MainThread] UM.Qt.QtApplication.__onQmlWarning [448]: file:///C:/Program Files/UltiMaker Cura 5.10.1/share/cura/resources/qml/Menus/MaterialMenu.qml:107: TypeError: Passing incompatible arguments to C++ functions from JavaScript is not allowed.
2025-07-05 12:35:18,976 - WARNING - [MainThread] UM.Qt.QtApplication.__onQmlWarning [448]: file:///C:/Program Files/UltiMaker Cura 5.10.1/share/cura/resources/qml/Menus/MaterialMenu.qml:107: TypeError: Passing incompatible arguments to C++ functions from JavaScript is not allowed.
2025-07-05 12:35:18,976 - WARNING - [MainThread] UM.Qt.QtApplication.__onQmlWarning [448]: file:///C:/Program Files/UltiMaker Cura 5.10.1/share/cura/resources/qml/Menus/MaterialMenu.qml:107: TypeError: Passing incompatible arguments to C++ functions from JavaScript is not allowed.
2025-07-05 12:35:18,976 - WARNING - [MainThread] UM.Qt.QtApplication.__onQmlWarning [448]: file:///C:/Program Files/UltiMaker Cura 5.10.1/share/cura/resources/qml/Menus/MaterialMenu.qml:107: TypeError: Passing incompatible arguments to C++ functions from JavaScript is not allowed.
2025-07-05 12:35:18,977 - WARNING - [MainThread] UM.Qt.QtApplication.__onQmlWarning [448]: file:///C:/Program Files/UltiMaker Cura 5.10.1/share/cura/resources/qml/Menus/MaterialMenu.qml:107: TypeError: Passing incompatible arguments to C++ functions from JavaScript is not allowed.
2025-07-05 12:35:18,977 - WARNING - [MainThread] UM.Qt.QtApplication.__onQmlWarning [448]: file:///C:/Program Files/UltiMaker Cura 5.10.1/share/cura/resources/qml/Menus/MaterialMenu.qml:107: TypeError: Passing incompatible arguments to C++ functions from JavaScript is not allowed.
2025-07-05 12:35:18,977 - WARNING - [MainThread] UM.Qt.QtApplication.__onQmlWarning [448]: file:///C:/Program Files/UltiMaker Cura 5.10.1/share/cura/resources/qml/Menus/MaterialMenu.qml:107: TypeError: Passing incompatible arguments to C++ functions from JavaScript is not allowed.
2025-07-05 12:35:18,978 - WARNING - [MainThread] UM.Qt.QtApplication.__onQmlWarning [448]: file:///C:/Program Files/UltiMaker Cura 5.10.1/share/cura/resources/qml/Menus/MaterialMenu.qml:107: TypeError: Passing incompatible arguments to C++ functions from JavaScript is not allowed.
2025-07-05 12:35:18,978 - WARNING - [MainThread] UM.Qt.QtApplication.__onQmlWarning [448]: file:///C:/Program Files/UltiMaker Cura 5.10.1/share/cura/resources/qml/Menus/MaterialMenu.qml:107: TypeError: Passing incompatible arguments to C++ functions from JavaScript is not allowed.
2025-07-05 12:35:18,978 - WARNING - [MainThread] UM.Qt.QtApplication.__onQmlWarning [448]: file:///C:/Program Files/UltiMaker Cura 5.10.1/share/cura/resources/qml/Menus/MaterialMenu.qml:107: TypeError: Passing incompatible arguments to C++ functions from JavaScript is not allowed.
2025-07-05 12:35:18,979 - WARNING - [MainThread] UM.Qt.QtApplication.__onQmlWarning [448]: file:///C:/Program Files/UltiMaker Cura 5.10.1/share/cura/resources/qml/Menus/MaterialMenu.qml:107: TypeError: Passing incompatible arguments to C++ functions from JavaScript is not allowed.
2025-07-05 12:35:18,979 - WARNING - [MainThread] UM.Qt.QtApplication.__onQmlWarning [448]: file:///C:/Program Files/UltiMaker Cura 5.10.1/share/cura/resources/qml/Menus/MaterialMenu.qml:107: TypeError: Passing incompatible arguments to C++ functions from JavaScript is not allowed.
2025-07-05 12:35:18,980 - WARNING - [MainThread] UM.Qt.QtApplication.__onQmlWarning [448]: file:///C:/Program Files/UltiMaker Cura 5.10.1/share/cura/resources/qml/Menus/MaterialMenu.qml:107: TypeError: Passing incompatible arguments to C++ functions from JavaScript is not allowed.
2025-07-05 12:35:18,980 - WARNING - [MainThread] UM.Qt.QtApplication.__onQmlWarning [448]: file:///C:/Program Files/UltiMaker Cura 5.10.1/share/cura/resources/qml/Menus/MaterialMenu.qml:107: TypeError: Passing incompatible arguments to C++ functions from JavaScript is not allowed.
2025-07-05 12:35:18,980 - WARNING - [MainThread] UM.Qt.QtApplication.__onQmlWarning [448]: file:///C:/Program Files/UltiMaker Cura 5.10.1/share/cura/resources/qml/Menus/MaterialMenu.qml:107: TypeError: Passing incompatible arguments to C++ functions from JavaScript is not allowed.
2025-07-05 12:35:18,981 - WARNING - [MainThread] UM.Qt.QtApplication.__onQmlWarning [448]: file:///C:/Program Files/UltiMaker Cura 5.10.1/share/cura/resources/qml/Menus/MaterialMenu.qml:107: TypeError: Passing incompatible arguments to C++ functions from JavaScript is not allowed.
2025-07-05 12:35:18,981 - WARNING - [MainThread] UM.Qt.QtApplication.__onQmlWarning [448]: file:///C:/Program Files/UltiMaker Cura 5.10.1/share/cura/resources/qml/Menus/MaterialMenu.qml:107: TypeError: Passing incompatible arguments to C++ functions from JavaScript is not allowed.
2025-07-05 12:35:18,982 - WARNING - [MainThread] UM.Qt.QtApplication.__onQmlWarning [448]: file:///C:/Program Files/UltiMaker Cura 5.10.1/share/cura/resources/qml/Menus/MaterialMenu.qml:107: TypeError: Passing incompatible arguments to C++ functions from JavaScript is not allowed.
2025-07-05 12:35:18,982 - WARNING - [MainThread] UM.Qt.QtApplication.__onQmlWarning [448]: file:///C:/Program Files/UltiMaker Cura 5.10.1/share/cura/resources/qml/Menus/MaterialMenu.qml:107: TypeError: Passing incompatible arguments to C++ functions from JavaScript is not allowed.
2025-07-05 12:35:18,982 - WARNING - [MainThread] UM.Qt.QtApplication.__onQmlWarning [448]: file:///C:/Program Files/UltiMaker Cura 5.10.1/share/cura/resources/qml/Menus/MaterialMenu.qml:107: TypeError: Passing incompatible arguments to C++ functions from JavaScript is not allowed.
2025-07-05 12:35:18,982 - WARNING - [MainThread] UM.Qt.QtApplication.__onQmlWarning [448]: file:///C:/Program Files/UltiMaker Cura 5.10.1/share/cura/resources/qml/Menus/MaterialMenu.qml:107: TypeError: Passing incompatible arguments to C++ functions from JavaScript is not allowed.
2025-07-05 12:35:18,983 - WARNING - [MainThread] UM.Qt.QtApplication.__onQmlWarning [448]: file:///C:/Program Files/UltiMaker Cura 5.10.1/share/cura/resources/qml/Menus/MaterialMenu.qml:107: TypeError: Passing incompatible arguments to C++ functions from JavaScript is not allowed.
2025-07-05 12:35:19,168 - DEBUG - [MainThread] cura.Machines.Models.CustomQualityProfilesDropDownMenuModel._update [33]: Updating CustomQualityProfilesDropDownMenuModel.
2025-07-05 12:35:19,329 - DEBUG - [MainThread] cura.Machines.MachineErrorChecker._rescheduleCheck [164]: New error check scheduled.
2025-07-05 12:35:21,396 - INFO - [MainThread] cura.Machines.MachineErrorChecker._setResult [221]: Error check finished, result = False, time = 2.07s
2025-07-05 12:35:22,895 - WARNING - [MainThread] UM.Preferences.getValue [116]: Tried to get the value of non-existing setting sidebargui/docked_sidebar.
2025-07-05 12:35:23,890 - WARNING - [MainThread] UM.Preferences.getValue [116]: Tried to get the value of non-existing setting sidebargui/docked_sidebar.
2025-07-05 12:35:27,899 - DEBUG - [MainThread] cura.AutoSave._onTimeout [64]: Autosaving preferences, instances and profiles took 0.038553714752197266 seconds
2025-07-05 12:35:28,729 - WARNING - [MainThread] UM.Qt.QtApplication.__onQmlWarning [448]: file:///C:/Program Files/UltiMaker Cura 5.10.1/share/cura/plugins/MachineSettingsAction/MachineSettingsExtruderTab.qml:215:9: QML Column: Cannot specify top, bottom, verticalCenter, fill or centerIn anchors for items inside Column. Column will not function.
2025-07-05 12:35:28,759 - WARNING - [MainThread] UM.Qt.QtApplication.__onQmlWarning [448]: file:///C:/Program Files/UltiMaker Cura 5.10.1/share/cura/plugins/MachineSettingsAction/MachineSettingsAction.qml:81:27: QML MachineSettingsExtruderTab: Detected anchors on an item that is managed by a layout. This is undefined behavior; use Layout.alignment instead.
2025-07-05 12:35:28,760 - WARNING - [MainThread] UM.Qt.QtApplication.__onQmlWarning [448]: file:///C:/Program Files/UltiMaker Cura 5.10.1/share/cura/plugins/MachineSettingsAction/MachineSettingsAction.qml:81:27: QML MachineSettingsExtruderTab: Detected anchors on an item that is managed by a layout. This is undefined behavior; use Layout.alignment instead.
2025-07-05 12:35:28,760 - WARNING - [MainThread] UM.Qt.QtApplication.__onQmlWarning [448]: file:///C:/Program Files/UltiMaker Cura 5.10.1/share/cura/plugins/MachineSettingsAction/MachineSettingsAction.qml:81:27: QML MachineSettingsExtruderTab: Detected anchors on an item that is managed by a layout. This is undefined behavior; use Layout.alignment instead.
2025-07-05 12:35:28,771 - WARNING - [MainThread] UM.Qt.QtApplication.__onQmlWarning [448]: file:///C:/Program Files/UltiMaker Cura 5.10.1/share/cura/plugins/MachineSettingsAction/MachineSettingsExtruderTab.qml:215:9: QML Column: Cannot specify top, bottom, verticalCenter, fill or centerIn anchors for items inside Column. Column will not function.
2025-07-05 12:35:29,415 - WARNING - [MainThread] UM.Qt.QtApplication.__onQmlWarning [448]: file:///C:/Program Files/UltiMaker Cura 5.10.1/share/cura/plugins/MachineSettingsAction/MachineSettingsExtruderTab.qml:215:9: QML Column: Cannot specify top, bottom, verticalCenter, fill or centerIn anchors for items inside Column. Column will not function.
2025-07-05 12:35:29,416 - WARNING - [MainThread] UM.Qt.QtApplication.__onQmlWarning [448]: file:///C:/Program Files/UltiMaker Cura 5.10.1/share/cura/plugins/MachineSettingsAction/MachineSettingsExtruderTab.qml:215:9: QML Column: Cannot specify top, bottom, verticalCenter, fill or centerIn anchors for items inside Column. Column will not function.
2025-07-05 12:35:46,887 - DEBUG - [MainThread] cura.TaskManagement.OnExitCallbackManager.triggerNextCallback [53]: Scheduled the next on-app-exit callback [<bound method AutoTowersGenerator._onExitCallback of <AutoTowersGenerator.AutoTowersGenerator.AutoTowersGenerator object at 0x0000018A9317D4F0>>]
2025-07-05 12:35:46,889 - DEBUG - [MainThread] cura.TaskManagement.OnExitCallbackManager.triggerNextCallback [56]: No more on-app-exit callbacks to process. Tell the app to exit.
2025-07-05 12:35:46,890 - INFO - [MainThread] cura.CuraApplication.closeApplication [681]: Close application
2025-07-05 12:35:46,890 - INFO - [MainThread] cura.CuraApplication._setLoadingHint [876]: Initializing Active Machine...
2025-07-05 12:35:46,896 - DEBUG - [MainThread] cura.Machines.Models.IntentSelectionModel._update [74]: Updating IntentSelectionModel.
2025-07-05 12:35:46,896 - DEBUG - [MainThread] cura.Machines.Models.IntentSelectionModel._update [79]: No active GlobalStack, set quality profile model as empty.
2025-07-05 12:35:46,899 - DEBUG - [MainThread] cura.Machines.Models.IntentSelectionModel._update [74]: Updating IntentSelectionModel.
2025-07-05 12:35:46,899 - DEBUG - [MainThread] cura.Machines.Models.IntentSelectionModel._update [79]: No active GlobalStack, set quality profile model as empty.
2025-07-05 12:35:46,900 - WARNING - [MainThread] UM.Qt.QtApplication.__onQmlWarning [448]: file:///C:/Program Files/UltiMaker Cura 5.10.1/share/cura/resources/qml/PrintSetupSelector/ProfileWarningReset.qml:77: TypeError: Cannot read property 'name' of null
2025-07-05 12:35:46,901 - WARNING - [MainThread] UM.Qt.QtApplication.__onQmlWarning [448]: file:///C:/Program Files/UltiMaker Cura 5.10.1/share/cura/resources/qml/PrintSetupSelector/ProfileWarningReset.qml:77: TypeError: Cannot read property 'name' of null
2025-07-05 12:35:46,915 - DEBUG - [MainThread] cura.Machines.Models.NozzleModel._update [28]: Updating NozzleModel.
2025-07-05 12:35:46,915 - DEBUG - [MainThread] cura.Machines.Models.NozzleModel._update [28]: Updating NozzleModel.
2025-07-05 12:35:46,918 - DEBUG - [MainThread] cura.Machines.Models.NozzleModel._update [28]: Updating NozzleModel.
2025-07-05 12:35:46,995 - WARNING - [MainThread] UM.Qt.QtApplication.__onQmlWarning [448]: file:///C:/Program Files/UltiMaker Cura 5.10.1/share/cura/resources/qml/WelcomePages/AddLocalPrinterScrollView.qml:357:25: Unable to assign QString to QRegularExpression
2025-07-05 12:35:47,013 - DEBUG - [MainThread] UM.Qt.QtApplication.windowClosed [512]: Shutting down cura
2025-07-05 12:35:47,062 - DEBUG - [MainThread] CuraEngineBackend.CuraEngineBackend._terminate [434]: Attempting to kill the engine process
2025-07-05 12:35:47,062 - DEBUG - [MainThread] CuraEngineBackend.CuraEngineBackend._terminate [440]: Killing engine process
2025-07-05 12:35:47,069 - DEBUG - [MainThread] CuraEngineBackend.CuraEngineBackend._terminate [443]: Engine process is killed. Received return code 1
